price,rooms,area_m2,floor,district,build_type,renovation,bathroom,heating,condition,techpassport
105000,1,32,2,Другое,Вторичный рынок,Новый ремонт,Раздельный,Нет,Построено,Есть
110000,2,40,3,Другое,Вторичный рынок,Без ремонта (коробка),Совмещенный,Нет,Построено,Есть
115000,3,9,1,Другое,Новостройка,Без ремонта (коробка),Раздельный,Нет,На стадии строительства,Есть
120000,2,6,1,И. Сомони,Новостройка,Без ремонта (коробка),Раздельный,Нет,Построено,Есть
125000,1,25,8,Другое,Новостройка,Без ремонта (коробка),Совмещенный,Нет,На стадии строительства,Нет
125000,1,25,8,Другое,Новостройка,Без ремонта (коробка),Совмещенный,Нет,Построено,Нет
132000,2,60,15,Сино,Новостройка,Без ремонта (коробка),Совмещенный,Есть,На стадии строительства,Нет
135000,2,25,2,Другое,Вторичный рынок,Без ремонта (коробка),Раздельный,Нет,Построено,Есть
138180,2,70,16,Другое,Новостройка,Без ремонта (коробка),Раздельный,Есть,На стадии строительства,Есть
140000,3,60,8,Другое,Новостройка,Без ремонта (коробка),Раздельный,Есть,Построено,Нет
140000,1,35,9,Другое,Новостройка,Без ремонта (коробка),Раздельный,Нет,Построено,Нет
145000,2,52,6,И. Сомони,Новостройка,Без ремонта (коробка),Совмещенный,Нет,Построено,Есть
145000,1,47,10,Другое,Новостройка,Без ремонта (коробка),Совмещенный,Нет,На стадии строительства,Нет
145000,1,42,8,Сино,Новостройка,Без ремонта (коробка),Совмещенный,Нет,На стадии строительства,Нет
150000,1,41,7,Сино,Новостройка,Без ремонта (коробка),Совмещенный,Нет,На стадии строительства,Нет
150000,4,74,1,Другое,Вторичный рынок,С ремонтом,Раздельный,Нет,Построено,Есть
150000,1,41,7,Другое,Новостройка,Без ремонта (коробка),Совмещенный,Нет,На стадии строительства,Нет
153000,1,38,10,Другое,Новостройка,Без ремонта (коробка),Совмещенный,Нет,На стадии строительства,Нет
153000,1,38,9,Другое,Новостройка,Без ремонта (коробка),Совмещенный,Нет,На стадии строительства,Нет
155000,1,38,3,Другое,Вторичный рынок,Без ремонта (коробка),Раздельный,Нет,На стадии строительства,Нет
160000,1,40,1,Сино,Новостройка,Без ремонта (коробка),Раздельный,Есть,На стадии строительства,Нет
160000,2,50,9,И. Сомони,Новостройка,Без ремонта (коробка),Раздельный,Нет,На стадии строительства,Нет
160000,1,42,5,Другое,Новостройка,Без ремонта (коробка),Раздельный,Нет,На стадии строительства,Нет
160000,1,53,9,Другое,Новостройка,Без ремонта (коробка),Совмещенный,Нет,На стадии строительства,Нет
160000,2,50,9,И. Сомони,Новостройка,Без ремонта (коробка),Совмещенный,Нет,На стадии строительства,Нет
160000,2,50,8,Другое,Новостройка,Без ремонта (коробка),Раздельный,Есть,На стадии строительства,Есть
160000,1,40,1,Другое,Новостройка,Без ремонта (коробка),Совмещенный,Нет,На стадии строительства,Нет
160000,1,53,9,Сино,Новостройка,Без ремонта (коробка),Совмещенный,Нет,На стадии строительства,Нет
160000,1,36,6,И. Сомони,Новостройка,Без ремонта (коробка),Совмещенный,Нет,Построено,Есть
162000,1,41,9,Другое,Новостройка,Без ремонта (коробка),Раздельный,Нет,На стадии строительства,Нет
163000,1,42,9,Другое,Новостройка,Без ремонта (коробка),Раздельный,Нет,На стадии строительства,Нет
165000,1,39,2,Другое,Новостройка,Без ремонта (коробка),Раздельный,Нет,На стадии строительства,Нет
165000,2,41,8,Другое,Новостройка,Без ремонта (коробка),Раздельный,Нет,На стадии строительства,Нет
165000,1,36,2,Другое,Новостройка,Без ремонта (коробка),Раздельный,Нет,На стадии строительства,Нет
165000,1,42,7,Другое,Новостройка,Без ремонта (коробка),Совмещенный,Нет,На стадии строительства,Нет
165000,1,42,7,Другое,Новостройка,Без ремонта (коробка),Раздельный,Нет,Построено,Нет
165000,1,41,8,Другое,Новостройка,Без ремонта (коробка),Раздельный,Нет,На стадии строительства,Нет
165000,1,43,8,Другое,Новостройка,Без ремонта (коробка),Раздельный,Нет,Построено,Есть
167000,1,48,16,Сино,Новостройка,Без ремонта (коробка),Совмещенный,Есть,На стадии строительства,Нет
168000,3,80,5,Другое,Вторичный рынок,С ремонтом,Раздельный,Нет,Построено,Есть
168000,1,40,3,Другое,Новостройка,Без ремонта (коробка),Раздельный,Нет,На стадии строительства,Нет
170000,1,48,9,Сино,Новостройка,Без ремонта (коробка),Раздельный,Нет,На стадии строительства,Нет
170000,1,48,4,И. Сомони,Новостройка,Без ремонта (коробка),Совмещенный,Нет,На стадии строительства,Нет
170000,1,30,6,Другое,Новостройка,Без ремонта (коробка),Совмещенный,Нет,На стадии строительства,Есть
170000,1,42,10,Сино,Новостройка,Без ремонта (коробка),Совмещенный,Нет,На стадии строительства,Нет
170000,1,39,12,Другое,Новостройка,Без ремонта (коробка),Совмещенный,Нет,Построено,Есть
173300,1,46,14,Другое,Новостройка,Без ремонта (коробка),Совмещенный,Нет,На стадии строительства,Нет
174000,2,46,5,Другое,Новостройка,Без ремонта (коробка),Совмещенный,Нет,На стадии строительства,Нет
175000,1,40,2,Другое,Новостройка,Без ремонта (коробка),Раздельный,Нет,На стадии строительства,Нет
175000,1,55,8,Сино,Новостройка,Без ремонта (коробка),Совмещенный,Нет,На стадии строительства,Нет
175000,2,62,11,Другое,Новостройка,Без ремонта (коробка),Раздельный,Нет,Построено,Нет
175000,1,28,5,Другое,Новостройка,Без ремонта (коробка),Раздельный,Нет,На стадии строительства,Нет
175600,2,89,17,Другое,Новостройка,Без ремонта (коробка),Раздельный,Есть,На стадии строительства,Есть
175700,2,89,16,Другое,Новостройка,Без ремонта (коробка),Раздельный,Есть,На стадии строительства,Есть
175800,2,89,15,Другое,Новостройка,Без ремонта (коробка),Раздельный,Есть,На стадии строительства,Есть
176000,1,42,9,Другое,Новостройка,Без ремонта (коробка),Раздельный,Нет,На стадии строительства,Нет
178000,1,56,8,Сино,Новостройка,Без ремонта (коробка),Совмещенный,Нет,На стадии строительства,Нет
179000,1,45,7,Другое,Новостройка,Без ремонта (коробка),Раздельный,Нет,На стадии строительства,Нет
179000,1,38,10,Другое,Новостройка,Без ремонта (коробка),Совмещенный,Нет,Построено,Нет
180000,1,28,4,Другое,Новостройка,Без ремонта (коробка),Раздельный,Нет,На стадии строительства,Нет
180000,1,57,8,Сино,Новостройка,Без ремонта (коробка),Совмещенный,Нет,На стадии строительства,Нет
180000,1,57,8,Другое,Новостройка,Без ремонта (коробка),Совмещенный,Нет,На стадии строительства,Нет
180000,1,56,7,Сино,Новостройка,Без ремонта (коробка),Раздельный,Нет,На стадии строительства,Нет
180000,1,47,7,Другое,Новостройка,Без ремонта (коробка),Совмещенный,Нет,На стадии строительства,Нет
180000,1,32,2,Другое,Вторичный рынок,С ремонтом,Раздельный,Нет,Построено,Есть
180000,2,64,10,Другое,Новостройка,Без ремонта (коробка),Раздельный,Нет,На стадии строительства,Есть
180000,1,39,2,Другое,Новостройка,Без ремонта (коробка),Раздельный,Нет,На стадии строительства,Нет
180000,1,44,10,Сино,Новостройка,Без ремонта (коробка),Совмещенный,Нет,На стадии строительства,Нет
180000,2,52,1,Другое,Вторичный рынок,С ремонтом,Раздельный,Нет,Построено,Есть
180600,2,43,2,Другое,Новостройка,Без ремонта (коробка),Раздельный,Нет,На стадии строительства,Нет
181000,1,51,9,Другое,Новостройка,Без ремонта (коробка),Раздельный,Нет,На стадии строительства,Нет
182000,1,47,6,Другое,Новостройка,Без ремонта (коробка),Совмещенный,Нет,На стадии строительства,Нет
182000,1,49,8,Другое,Новостройка,Без ремонта (коробка),Раздельный,Нет,На стадии строительства,Нет
183000,1,34,5,Другое,Новостройка,Без ремонта (коробка),Раздельный,Нет,Построено,Есть
184000,1,44,8,Другое,Новостройка,Без ремонта (коробка),Раздельный,Нет,На стадии строительства,Есть
185000,1,46,7,Другое,Новостройка,Без ремонта (коробка),Раздельный,Нет,Построено,Нет
185000,2,65,8,Другое,Новостройка,Без ремонта (коробка),Раздельный,Нет,Построено,Нет
185000,1,30,8,Другое,Новостройка,Без ремонта (коробка),Совмещенный,Нет,Построено,Нет
185000,1,45,6,Другое,Новостройка,Без ремонта (коробка),Раздельный,Нет,На стадии строительства,Нет
185000,2,56,8,Другое,Новостройка,Без ремонта (коробка),Раздельный,Нет,Построено,Нет
185000,2,45,6,Другое,Новостройка,Без ремонта (коробка),Совмещенный,Нет,На стадии строительства,Нет
185000,2,2026,2,Другое,Вторичный рынок,Новый ремонт,Раздельный,Нет,Построено,Есть
185000,1,37,3,Другое,Новостройка,Без ремонта (коробка),Совмещенный,Нет,Построено,Нет
185000,1,58,7,Другое,Новостройка,Без ремонта (коробка),Совмещенный,Нет,На стадии строительства,Нет
185000,1,39,2,Другое,Новостройка,Без ремонта (коробка),Раздельный,Нет,На стадии строительства,Есть
185000,1,50,13,Другое,Новостройка,Без ремонта (коробка),Раздельный,Нет,На стадии строительства,Нет
185000,2,40,2,Другое,Новостройка,Без ремонта (коробка),Раздельный,Нет,Построено,Нет
185000,1,59,7,Сино,Новостройка,Без ремонта (коробка),Совмещенный,Нет,На стадии строительства,Нет
185900,1,45,1,Другое,Новостройка,Без ремонта (коробка),Раздельный,Нет,На стадии строительства,Нет
189500,2,45,5,Другое,Новостройка,Без ремонта (коробка),Раздельный,Нет,На стадии строительства,Нет
190000,1,45,8,Другое,Новостройка,Новый ремонт,Раздельный,Нет,Построено,Нет
190000,2,55,9,Другое,Новостройка,Без ремонта (коробка),Раздельный,Есть,Построено,Нет
190000,1,45,3,Сино,Новостройка,Без ремонта (коробка),Совмещенный,Нет,На стадии строительства,Нет
190000,1,50,6,Другое,Новостройка,Без ремонта (коробка),Раздельный,Есть,На стадии строительства,Нет
190000,1,54,8,Другое,Новостройка,Без ремонта (коробка),Раздельный,Нет,На стадии строительства,Нет
190000,1,42,5,Сино,Новостройка,Без ремонта (коробка),Совмещенный,Нет,На стадии строительства,Нет
190000,2,50,7,Другое,Новостройка,Без ремонта (коробка),Раздельный,Нет,На стадии строительства,Нет
190000,3,68,9,И. Сомони,Новостройка,Без ремонта (коробка),Раздельный,Нет,На стадии строительства,Нет
190000,1,42,7,Другое,Новостройка,Без ремонта (коробка),Раздельный,Нет,Построено,Нет
190000,1,52,10,Другое,Новостройка,Без ремонта (коробка),Раздельный,Нет,На стадии строительства,Есть
190000,1,49,8,Сино,Новостройка,Без ремонта (коробка),Раздельный,Нет,На стадии строительства,Нет
190000,1,44,2,Другое,Новостройка,Без ремонта (коробка),Совмещенный,Есть,На стадии строительства,Нет
191000,1,46,11,Другое,Новостройка,Без ремонта (коробка),Раздельный,Нет,На стадии строительства,Нет
192000,2,48,14,Другое,Новостройка,Без ремонта (коробка),Совмещенный,Нет,На стадии строительства,Нет
192000,1,44,13,Другое,Новостройка,Без ремонта (коробка),Раздельный,Нет,На стадии строительства,Есть
192700,2,44,2,Другое,Новостройка,Без ремонта (коробка),Раздельный,Нет,На стадии строительства,Нет
193000,1,47,1,Сино,Новостройка,Без ремонта (коробка),Раздельный,Нет,На стадии строительства,Нет
193000,1,45,1,Сино,Новостройка,Без ремонта (коробка),Совмещенный,Нет,Построено,Нет
195000,1,42,6,Сино,Новостройка,Без ремонта (коробка),Совмещенный,Нет,Построено,Нет
195000,1,48,10,Сино,Новостройка,Без ремонта (коробка),Совмещенный,Нет,На стадии строительства,Нет
195000,1,41,10,Сино,Новостройка,Без ремонта (коробка),Совмещенный,Нет,Построено,Нет
195000,1,46,9,Сино,Новостройка,Без ремонта (коробка),Совмещенный,Нет,На стадии строительства,Есть
195000,1,42,6,Сино,Новостройка,Без ремонта (коробка),Раздельный,Нет,Построено,Нет
195000,1,47,5,Сино,Новостройка,Без ремонта (коробка),Совмещенный,Нет,На стадии строительства,Нет
195000,1,45,8,Другое,Новостройка,Без ремонта (коробка),Раздельный,Нет,На стадии строительства,Нет
195000,1,44,5,Сино,Новостройка,Без ремонта (коробка),Совмещенный,Нет,На стадии строительства,Нет
195496,1,40,5,Сино,Новостройка,Без ремонта (коробка),Раздельный,Есть,На стадии строительства,Есть
196000,1,45,9,Сино,Новостройка,Без ремонта (коробка),Совмещенный,Нет,На стадии строительства,Нет
196000,1,50,9,Другое,Новостройка,Без ремонта (коробка),Раздельный,Нет,На стадии строительства,Нет
196000,1,46,8,Сино,Новостройка,Без ремонта (коробка),Совмещенный,Нет,На стадии строительства,Нет
197000,1,53,8,Другое,Новостройка,Без ремонта (коробка),Раздельный,Нет,На стадии строительства,Нет
197000,1,56,9,Другое,Новостройка,Без ремонта (коробка),Раздельный,Нет,На стадии строительства,Нет
197680,2,53,15,Другое,Новостройка,Без ремонта (коробка),Раздельный,Нет,На стадии строительства,Нет
198000,1,48,9,Сино,Новостройка,Без ремонта (коробка),Совмещенный,Нет,На стадии строительства,Нет
199000,1,47,7,Сино,Новостройка,Без ремонта (коробка),Совмещенный,Нет,Построено,Нет
199000,2,47,15,Другое,Новостройка,Без ремонта (коробка),Раздельный,Нет,На стадии строительства,Нет
199000,2,55,5,Другое,Новостройка,Без ремонта (коробка),Раздельный,Нет,Построено,Нет
199000,1,30,6,Другое,Новостройка,Без ремонта (коробка),Совмещенный,Нет,Построено,Нет
200000,3,32,2,Другое,Вторичный рынок,С ремонтом,Раздельный,Нет,Построено,Есть
200000,1,25,1,Другое,Вторичный рынок,С ремонтом,Раздельный,Нет,Построено,Есть
200000,2,51,2,Другое,Новостройка,Без ремонта (коробка),Раздельный,Нет,На стадии строительства,Есть
200000,1,48,9,Другое,Новостройка,Без ремонта (коробка),Раздельный,Нет,На стадии строительства,Нет
200000,1,41,12,Другое,Новостройка,Без ремонта (коробка),Раздельный,Нет,На стадии строительства,Нет
200000,1,54,10,Другое,Новостройка,Без ремонта (коробка),Совмещенный,Нет,На стадии строительства,Нет
200000,2,55,9,Другое,Новостройка,Без ремонта (коробка),Совмещенный,Нет,Построено,Нет
200000,1,44,5,Другое,Новостройка,Без ремонта (коробка),Раздельный,Нет,Построено,Нет
200000,1,45,3,Другое,Новостройка,Без ремонта (коробка),Раздельный,Нет,На стадии строительства,Нет
200000,1,45,1,Сино,Новостройка,Без ремонта (коробка),Совмещенный,Нет,На стадии строительства,Нет
200000,1,48,3,Другое,Новостройка,Без ремонта (коробка),Раздельный,Нет,На стадии строительства,Нет
200000,1,39,2,Другое,Новостройка,Без ремонта (коробка),Раздельный,Нет,На стадии строительства,Нет
200000,2,68,6,И. Сомони,Новостройка,Без ремонта (коробка),Раздельный,Нет,На стадии строительства,Нет
200000,2,39,2,Другое,Новостройка,Без ремонта (коробка),Раздельный,Нет,На стадии строительства,Нет
200000,1,42,4,Сино,Новостройка,Без ремонта (коробка),Совмещенный,Нет,На стадии строительства,Нет
200000,2,48,9,Другое,Новостройка,Без ремонта (коробка),Раздельный,Нет,На стадии строительства,Нет
200000,2,40,7,Другое,Новостройка,Новый ремонт,Раздельный,Нет,Построено,Есть
200000,1,47,4,Другое,Новостройка,Без ремонта (коробка),Раздельный,Нет,На стадии строительства,Нет
200000,1,48,4,Сино,Новостройка,Без ремонта (коробка),Совмещенный,Нет,На стадии строительства,Нет
200000,2,39,5,Другое,Новостройка,Без ремонта (коробка),Раздельный,Нет,На стадии строительства,Нет
201000,1,45,6,Другое,Новостройка,Без ремонта (коробка),Раздельный,Нет,На стадии строительства,Нет
201000,2,48,9,Другое,Новостройка,Без ремонта (коробка),Раздельный,Нет,На стадии строительства,Нет
201000,2,49,15,Другое,Новостройка,Без ремонта (коробка),Раздельный,Есть,На стадии строительства,Нет
202000,1,62,9,Сино,Новостройка,Без ремонта (коробка),Раздельный,Нет,На стадии строительства,Нет
203000,1,45,5,Другое,Новостройка,Без ремонта (коробка),Совмещенный,Нет,На стадии строительства,Есть
203000,1,52,1,Сино,Новостройка,Без ремонта (коробка),Совмещенный,Нет,На стадии строительства,Нет
204255,1,45,11,Другое,Новостройка,Без ремонта (коробка),Совмещенный,Есть,На стадии строительства,Нет
204750,1,45,8,Другое,Новостройка,Без ремонта (коробка),Раздельный,Нет,На стадии строительства,Нет
205000,1,45,6,Другое,Новостройка,Без ремонта (коробка),Совмещенный,Нет,Построено,Нет
205000,2,58,9,Другое,Новостройка,Без ремонта (коробка),Раздельный,Нет,На стадии строительства,Нет
205000,1,50,10,Другое,Новостройка,Без ремонта (коробка),Раздельный,Нет,Построено,Нет
205000,1,40,3,Другое,Новостройка,Без ремонта (коробка),Раздельный,Нет,Построено,Есть
205000,1,40,2,И. Сомони,Новостройка,Без ремонта (коробка),Раздельный,Нет,Построено,Нет
205000,2,51,14,Другое,Новостройка,Без ремонта (коробка),Совмещенный,Нет,На стадии строительства,Нет
205000,1,45,8,Другое,Новостройка,Без ремонта (коробка),Совмещенный,Есть,На стадии строительства,Нет
205000,2,39,6,Другое,Новостройка,Без ремонта (коробка),Раздельный,Нет,На стадии строительства,Нет
205000,1,45,7,Другое,Новостройка,Без ремонта (коробка),Совмещенный,Нет,Построено,Нет
205000,1,47,9,Сино,Новостройка,Без ремонта (коробка),Совмещенный,Нет,На стадии строительства,Нет
205000,2,50,10,Сино,Новостройка,Без ремонта (коробка),Раздельный,Нет,На стадии строительства,Нет
205065,1,45,9,Другое,Новостройка,Без ремонта (коробка),Совмещенный,Есть,На стадии строительства,Нет
206000,1,52,1,Другое,Новостройка,Без ремонта (коробка),Совмещенный,Нет,Построено,Нет
206000,2,39,8,Другое,Новостройка,Без ремонта (коробка),Раздельный,Нет,На стадии строительства,Нет
207000,2,46,6,Другое,Новостройка,Без ремонта (коробка),Совмещенный,Нет,На стадии строительства,Есть
207000,1,46,13,Другое,Новостройка,Без ремонта (коробка),Совмещенный,Нет,На стадии строительства,Нет
207000,2,39,4,Другое,Новостройка,Без ремонта (коробка),Раздельный,Нет,На стадии строительства,Нет
207000,1,45,4,Другое,Новостройка,Без ремонта (коробка),Раздельный,Есть,Построено,Есть
207000,1,45,3,Другое,Новостройка,Без ремонта (коробка),Раздельный,Нет,На стадии строительства,Нет
207948,1,52,4,Другое,Новостройка,Без ремонта (коробка),Раздельный,Есть,На стадии строительства,Нет
208000,1,46,10,Другое,Новостройка,Без ремонта (коробка),Совмещенный,Есть,На стадии строительства,Нет
208000,2,39,10,Другое,Новостройка,Без ремонта (коробка),Раздельный,Нет,На стадии строительства,Нет
209000,2,40,2,Другое,Новостройка,Без ремонта (коробка),Совмещенный,Нет,На стадии строительства,Нет
209200,1,49,11,Другое,Новостройка,Без ремонта (коробка),Раздельный,Есть,На стадии строительства,Есть
209300,1,50,10,Другое,Новостройка,Без ремонта (коробка),Раздельный,Есть,На стадии строительства,Есть
209990,2,50,6,Другое,Новостройка,Без ремонта (коробка),Раздельный,Есть,На стадии строительства,Есть
210000,2,55,5,Другое,Новостройка,Без ремонта (коробка),Раздельный,Нет,Построено,Нет
210000,2,61,9,Сино,Новостройка,Без ремонта (коробка),Раздельный,Нет,На стадии строительства,Нет
210000,1,35,13,Другое,Новостройка,Без ремонта (коробка),Совмещенный,Есть,Построено,Нет
210000,1,60,1,Сино,Новостройка,Без ремонта (коробка),Совмещенный,Нет,На стадии строительства,Нет
210000,1,40,9,Другое,Новостройка,Без ремонта (коробка),Раздельный,Нет,Построено,Нет
210000,2,50,11,Другое,Новостройка,Без ремонта (коробка),Раздельный,Нет,Построено,Нет
210000,2,40,6,Другое,Новостройка,Без ремонта (коробка),Раздельный,Нет,Построено,Есть
210000,1,46,6,Сино,Новостройка,Без ремонта (коробка),Совмещенный,Нет,На стадии строительства,Нет
210000,2,45,9,Другое,Вторичный рынок,С ремонтом,Раздельный,Есть,Построено,Есть
210000,1,52,10,Другое,Новостройка,Без ремонта (коробка),Совмещенный,Нет,На стадии строительства,Нет
210000,1,48,7,Сино,Новостройка,Без ремонта (коробка),Совмещенный,Нет,Построено,Нет
210000,2,60,14,Другое,Новостройка,Без ремонта (коробка),Раздельный,Нет,На стадии строительства,Нет
210000,2,55,10,Другое,Новостройка,Без ремонта (коробка),Раздельный,Нет,Построено,Есть
210000,2,40,9,И. Сомони,Новостройка,Без ремонта (коробка),Совмещенный,Нет,Построено,Нет
211500,1,45,4,Другое,Новостройка,Без ремонта (коробка),Раздельный,Нет,На стадии строительства,Нет
211500,1,47,1,Сино,Новостройка,Без ремонта (коробка),Совмещенный,Нет,На стадии строительства,Нет
211500,1,45,5,Другое,Новостройка,Без ремонта (коробка),Раздельный,Нет,На стадии строительства,Нет
211500,2,47,7,Другое,Новостройка,Без ремонта (коробка),Раздельный,Нет,Построено,Нет
212000,1,54,3,Сино,Новостройка,Без ремонта (коробка),Совмещенный,Нет,На стадии строительства,Нет
212000,1,45,3,Сино,Новостройка,Без ремонта (коробка),Раздельный,Нет,На стадии строительства,Нет
212549,1,50,3,Другое,Новостройка,Без ремонта (коробка),Раздельный,Нет,На стадии строительства,Нет
212999,1,48,1,Сино,Новостройка,Без ремонта (коробка),Раздельный,Есть,На стадии строительства,Нет
213000,2,44,6,Другое,Новостройка,Без ремонта (коробка),Раздельный,Нет,На стадии строительства,Нет
213000,1,45,6,Другое,Новостройка,Без ремонта (коробка),Раздельный,Нет,На стадии строительства,Нет
214000,1,46,8,Другое,Новостройка,Без ремонта (коробка),Раздельный,Есть,На стадии строительства,Нет
215000,1,48,1,Другое,Новостройка,Без ремонта (коробка),Раздельный,Нет,Построено,Нет
215000,1,49,6,Другое,Новостройка,Без ремонта (коробка),Раздельный,Нет,Построено,Нет
215000,2,85,10,Другое,Новостройка,Без ремонта (коробка),Раздельный,Нет,На стадии строительства,Нет
215000,1,53,8,Сино,Новостройка,Без ремонта (коробка),Совмещенный,Нет,Построено,Нет
215000,1,46,6,Сино,Новостройка,Без ремонта (коробка),Совмещенный,Нет,На стадии строительства,Нет
215000,2,40,5,Другое,Новостройка,Без ремонта (коробка),Раздельный,Нет,Построено,Есть
215000,1,52,4,Другое,Новостройка,Без ремонта (коробка),Совмещенный,Нет,На стадии строительства,Нет
215000,2,63,1,Другое,Новостройка,Без ремонта (коробка),Раздельный,Нет,Построено,Нет
215000,1,48,6,Другое,Новостройка,С ремонтом,Совмещенный,Нет,На стадии строительства,Нет
215000,1,42,3,Другое,Новостройка,С ремонтом,Совмещенный,Нет,На стадии строительства,Нет
215000,1,44,5,Сино,Новостройка,Без ремонта (коробка),Совмещенный,Нет,На стадии строительства,Нет
215000,1,50,7,Другое,Новостройка,Без ремонта (коробка),Раздельный,Нет,На стадии строительства,Нет
215000,1,40,7,Другое,Новостройка,Новый ремонт,Раздельный,Нет,Построено,Есть
215000,1,47,1,Сино,Новостройка,Без ремонта (коробка),Совмещенный,Нет,На стадии строительства,Нет
215000,1,68,9,Сино,Новостройка,Без ремонта (коробка),Совмещенный,Нет,На стадии строительства,Нет
215000,2,60,7,Другое,Новостройка,Без ремонта (коробка),Раздельный,Нет,Построено,Нет
215000,1,30,4,Сино,Новостройка,Без ремонта (коробка),Совмещенный,Нет,Построено,Нет
215000,1,47,9,Другое,Новостройка,Без ремонта (коробка),Раздельный,Есть,Построено,Нет
215580,1,44,10,Другое,Новостройка,Без ремонта (коробка),Совмещенный,Нет,Построено,Нет
215999,1,48,1,Сино,Новостройка,Без ремонта (коробка),Раздельный,Нет,На стадии строительства,Нет
216000,2,42,5,Другое,Новостройка,Без ремонта (коробка),Раздельный,Нет,На стадии строительства,Нет
216000,2,48,3,Другое,Новостройка,Без ремонта (коробка),Раздельный,Есть,На стадии строительства,Нет
216000,1,47,1,Сино,Новостройка,Без ремонта (коробка),Совмещенный,Нет,На стадии строительства,Нет
216000,1,52,7,И. Сомони,Новостройка,Без ремонта (коробка),Совмещенный,Нет,На стадии строительства,Нет
216000,1,38,6,Другое,Новостройка,Без ремонта (коробка),Раздельный,Нет,На стадии строительства,Есть
217000,2,42,4,Другое,Новостройка,Без ремонта (коробка),Раздельный,Нет,На стадии строительства,Нет
217000,2,48,7,Другое,Новостройка,Без ремонта (коробка),Раздельный,Нет,На стадии строительства,Есть
217000,1,44,1,Другое,Новостройка,Без ремонта (коробка),Раздельный,Нет,На стадии строительства,Есть
218000,1,69,8,Сино,Новостройка,Без ремонта (коробка),Совмещенный,Нет,На стадии строительства,Нет
218000,1,69,7,Сино,Новостройка,Без ремонта (коробка),Совмещенный,Нет,На стадии строительства,Нет
219000,1,48,1,Сино,Новостройка,Без ремонта (коробка),Совмещенный,Нет,На стадии строительства,Нет
219999,1,40,2,Другое,Новостройка,Без ремонта (коробка),Раздельный,Нет,На стадии строительства,Нет
220000,2,65,1,Другое,Новостройка,Без ремонта (коробка),Раздельный,Нет,На стадии строительства,Нет
220000,1,39,1,Другое,Новостройка,Без ремонта (коробка),Совмещенный,Нет,Построено,Нет
220000,2,57,6,Другое,Новостройка,Без ремонта (коробка),Раздельный,Нет,Построено,Нет
220000,2,48,1,Сино,Новостройка,Без ремонта (коробка),Совмещенный,Нет,Построено,Нет
220000,1,46,12,Другое,Новостройка,Без ремонта (коробка),Раздельный,Нет,Построено,Есть
220000,1,45,3,Другое,Новостройка,Без ремонта (коробка),Раздельный,Нет,На стадии строительства,Есть
220000,1,48,5,Другое,Вторичный рынок,Без ремонта (коробка),Совмещенный,Есть,Построено,Нет
220000,2,50,7,Другое,Новостройка,Без ремонта (коробка),Раздельный,Нет,Построено,Нет
220000,2,43,8,И. Сомони,Новостройка,Без ремонта (коробка),Раздельный,Нет,На стадии строительства,Нет
220000,1,25,2,Другое,Вторичный рынок,С ремонтом,Совмещенный,Нет,Построено,Есть
220000,1,44,2,Другое,Новостройка,Без ремонта (коробка),Раздельный,Нет,На стадии строительства,Нет
220000,2,42,6,Другое,Новостройка,Без ремонта (коробка),Раздельный,Нет,На стадии строительства,Нет
220000,1,44,2,И. Сомони,Новостройка,Без ремонта (коробка),Совмещенный,Нет,На стадии строительства,Нет
220000,2,59,9,Другое,Новостройка,Без ремонта (коробка),Совмещенный,Нет,На стадии строительства,Нет
220000,2,63,7,Другое,Новостройка,Без ремонта (коробка),Раздельный,Нет,Построено,Нет
220000,3,64,20,Сино,Новостройка,Без ремонта (коробка),Раздельный,Нет,Построено,Нет
220000,2,44,9,Другое,Новостройка,Без ремонта (коробка),Раздельный,Нет,На стадии строительства,Нет
220000,1,41,1,Другое,Новостройка,Без ремонта (коробка),Раздельный,Нет,На стадии строительства,Нет
220000,1,48,7,Сино,Новостройка,Новый ремонт,Совмещенный,Нет,На стадии строительства,Нет
220000,1,40,3,Другое,Новостройка,Без ремонта (коробка),Раздельный,Есть,На стадии строительства,Нет
220000,2,56,10,Другое,Новостройка,Без ремонта (коробка),Совмещенный,Нет,На стадии строительства,Нет
220000,1,52,9,Другое,Новостройка,Без ремонта (коробка),Раздельный,Нет,На стадии строительства,Нет
220000,1,44,7,Другое,Новостройка,Без ремонта (коробка),Раздельный,Нет,Построено,Нет
220000,1,50,10,Другое,Новостройка,Без ремонта (коробка),Совмещенный,Есть,На стадии строительства,Есть
220000,1,45,4,Сино,Новостройка,Без ремонта (коробка),Совмещенный,Нет,На стадии строительства,Нет
220000,1,44,3,Сино,Новостройка,Без ремонта (коробка),Совмещенный,Есть,На стадии строительства,Нет
220000,2,53,8,Другое,Новостройка,Без ремонта (коробка),Раздельный,Нет,На стадии строительства,Нет
220000,6,68,7,Другое,Новостройка,Без ремонта (коробка),Раздельный,Нет,На стадии строительства,Нет
220000,2,40,3,Другое,Новостройка,Без ремонта (коробка),Раздельный,Нет,Построено,Есть
220500,1,49,2,Другое,Новостройка,Без ремонта (коробка),Совмещенный,Нет,На стадии строительства,Нет
222000,1,55,9,Сино,Новостройка,Без ремонта (коробка),Совмещенный,Нет,На стадии строительства,Нет
222000,2,42,8,Другое,Новостройка,Без ремонта (коробка),Раздельный,Нет,Построено,Нет
222000,2,50,6,Другое,Новостройка,Без ремонта (коробка),Раздельный,Есть,На стадии строительства,Есть
222000,1,50,7,Другое,Новостройка,Без ремонта (коробка),Раздельный,Нет,На стадии строительства,Есть
222600,1,53,8,Другое,Новостройка,Без ремонта (коробка),Раздельный,Нет,На стадии строительства,Есть
223000,1,54,9,Сино,Новостройка,Без ремонта (коробка),Совмещенный,Нет,На стадии строительства,Нет
223000,2,47,8,Другое,Новостройка,Без ремонта (коробка),Совмещенный,Нет,Построено,Нет
223000,2,48,4,Другое,Новостройка,Без ремонта (коробка),Раздельный,Нет,На стадии строительства,Нет
223000,1,42,5,Другое,Новостройка,С ремонтом,Совмещенный,Нет,Построено,Нет
224000,2,51,9,Сино,Новостройка,Без ремонта (коробка),Раздельный,Есть,Построено,Есть
224100,1,49,8,И. Сомони,Новостройка,Без ремонта (коробка),Раздельный,Нет,На стадии строительства,Нет
225000,3,67,5,Другое,Вторичный рынок,С ремонтом,Раздельный,Нет,Построено,Есть
225000,1,45,1,Другое,Новостройка,Без ремонта (коробка),Раздельный,Нет,Построено,Нет
225000,2,44,3,Другое,Новостройка,Без ремонта (коробка),Раздельный,Нет,Построено,Есть
225000,2,55,10,Другое,Новостройка,Без ремонта (коробка),Раздельный,Нет,Построено,Нет
225000,2,45,6,Другое,Новостройка,Без ремонта (коробка),Совмещенный,Нет,Построено,Есть
225000,2,44,9,Другое,Новостройка,Новый ремонт,Раздельный,Нет,Построено,Нет
225000,1,50,4,Сино,Новостройка,Без ремонта (коробка),Совмещенный,Нет,На стадии строительства,Нет
225000,2,49,4,Другое,Новостройка,Без ремонта (коробка),Раздельный,Нет,На стадии строительства,Нет
225000,1,62,9,Другое,Новостройка,Без ремонта (коробка),Раздельный,Нет,На стадии строительства,Нет
225000,2,42,10,Другое,Новостройка,Без ремонта (коробка),Раздельный,Нет,На стадии строительства,Нет
225000,2,78,9,Другое,Новостройка,Без ремонта (коробка),Раздельный,Нет,Построено,Нет
225000,2,44,3,Другое,Новостройка,Без ремонта (коробка),Совмещенный,Нет,Построено,Есть
225000,2,48,4,И. Сомони,Новостройка,Без ремонта (коробка),Совмещенный,Нет,На стадии строительства,Нет
226000,1,54,2,Другое,Новостройка,Без ремонта (коробка),Совмещенный,Нет,На стадии строительства,Нет
228000,1,50,3,Другое,Новостройка,Без ремонта (коробка),Совмещенный,Нет,На стадии строительства,Нет
228000,1,72,8,Сино,Новостройка,Без ремонта (коробка),Совмещенный,Нет,На стадии строительства,Нет
228000,1,45,10,Другое,Новостройка,Без ремонта (коробка),Раздельный,Нет,Построено,Нет
228000,1,50,6,Фирдавси,Новостройка,Без ремонта (коробка),Раздельный,Нет,На стадии строительства,Нет
229000,1,30,2,Другое,Новостройка,С ремонтом,Совмещенный,Нет,Построено,Есть
229000,1,44,5,Другое,Новостройка,Без ремонта (коробка),Совмещенный,Нет,Построено,Нет
229000,1,52,9,Другое,Новостройка,Без ремонта (коробка),Раздельный,Есть,На стадии строительства,Нет
230000,2,38,4,Другое,Новостройка,Без ремонта (коробка),Совмещенный,Нет,Построено,Нет
230000,1,48,10,Другое,Новостройка,Без ремонта (коробка),Раздельный,Есть,На стадии строительства,Есть
230000,2,55,8,Другое,Новостройка,Без ремонта (коробка),Раздельный,Нет,Построено,Нет
230000,2,44,5,Другое,Новостройка,Без ремонта (коробка),Совмещенный,Нет,Построено,Нет
230000,2,62,6,Другое,Новостройка,Без ремонта (коробка),Раздельный,Нет,Построено,Нет
230000,1,40,9,Другое,Новостройка,Без ремонта (коробка),Раздельный,Нет,Построено,Нет
230000,1,44,4,Сино,Новостройка,Без ремонта (коробка),Совмещенный,Нет,На стадии строительства,Нет
230000,1,44,8,Сино,Новостройка,Без ремонта (коробка),Совмещенный,Нет,На стадии строительства,Нет
230000,1,46,4,Сино,Новостройка,Без ремонта (коробка),Совмещенный,Нет,Построено,Нет
230000,1,49,7,Сино,Новостройка,Без ремонта (коробка),Совмещенный,Нет,На стадии строительства,Нет
230000,2,61,10,Другое,Новостройка,Без ремонта (коробка),Раздельный,Есть,Построено,Есть
230000,2,46,2,Шохмансур,Новостройка,Без ремонта (коробка),Раздельный,Есть,На стадии строительства,Нет
230000,1,56,8,Другое,Новостройка,Без ремонта (коробка),Совмещенный,Нет,На стадии строительства,Нет
230000,1,50,7,Другое,Новостройка,Без ремонта (коробка),Совмещенный,Нет,На стадии строительства,Нет
230000,2,57,4,Другое,Новостройка,Без ремонта (коробка),Раздельный,Есть,На стадии строительства,Нет
230000,2,45,4,Другое,Новостройка,Без ремонта (коробка),Совмещенный,Нет,Построено,Нет
230500,1,59,7,Другое,Новостройка,Без ремонта (коробка),Раздельный,Нет,На стадии строительства,Нет
231000,2,50,7,Другое,Новостройка,Без ремонта (коробка),Раздельный,Нет,На стадии строительства,Есть
232000,2,54,2,Другое,Новостройка,Без ремонта (коробка),Раздельный,Нет,На стадии строительства,Есть
233000,1,48,6,Другое,Новостройка,Без ремонта (коробка),Раздельный,Есть,На стадии строительства,Нет
233400,1,45,9,Сино,Новостройка,Без ремонта (коробка),Раздельный,Нет,На стадии строительства,Нет
234000,1,56,7,Другое,Новостройка,Без ремонта (коробка),Раздельный,Нет,На стадии строительства,Нет
234000,1,52,8,Другое,Новостройка,Без ремонта (коробка),Раздельный,Нет,На стадии строительства,Нет
235000,2,52,9,Другое,Новостройка,Без ремонта (коробка),Раздельный,Нет,Построено,Есть
235000,1,44,5,Другое,Новостройка,Без ремонта (коробка),Раздельный,Нет,Построено,Нет
235000,1,30,1,Другое,Вторичный рынок,Без ремонта (коробка),Совмещенный,Нет,Построено,Есть
235000,2,54,11,Другое,Новостройка,Без ремонта (коробка),Раздельный,Нет,На стадии строительства,Нет
235000,1,4140,8,Другое,Новостройка,Без ремонта (коробка),Раздельный,Нет,Построено,Есть
235000,2,44,6,Другое,Новостройка,Без ремонта (коробка),Раздельный,Нет,На стадии строительства,Нет
235000,2,48,2,Другое,Новостройка,Без ремонта (коробка),Раздельный,Нет,Построено,Нет
235000,2,43,5,Другое,Новостройка,Без ремонта (коробка),Раздельный,Нет,На стадии строительства,Нет
235000,2,46,3,И. Сомони,Вторичный рынок,С ремонтом,Раздельный,Нет,Построено,Есть
235000,2,54,1,Другое,Вторичный рынок,С ремонтом,Раздельный,Нет,Построено,Есть
235000,1,52,1,Сино,Новостройка,Без ремонта (коробка),Совмещенный,Нет,Построено,Нет
235000,1,42,8,Другое,Новостройка,Новый ремонт,Раздельный,Нет,Построено,Есть
235000,2,49,8,И. Сомони,Новостройка,Без ремонта (коробка),Раздельный,Нет,На стадии строительства,Нет
235000,1,44,9,Сино,Новостройка,Без ремонта (коробка),Раздельный,Нет,Построено,Нет
235000,1,50,4,Сино,Новостройка,Без ремонта (коробка),Раздельный,Нет,На стадии строительства,Нет
235000,1,58,4,И. Сомони,Новостройка,Без ремонта (коробка),Совмещенный,Нет,На стадии строительства,Нет
235000,2,58,6,Другое,Новостройка,Без ремонта (коробка),Раздельный,Нет,На стадии строительства,Нет
235000,1,43,1,Сино,Новостройка,Без ремонта (коробка),Совмещенный,Нет,Построено,Нет
235000,2,55,6,Другое,Новостройка,Без ремонта (коробка),Раздельный,Нет,Построено,Нет
235000,1,45,4,Другое,Вторичный рынок,С ремонтом,Раздельный,Нет,Построено,Есть
235000,2,38,2,Другое,Новостройка,Без ремонта (коробка),Раздельный,Нет,Построено,Нет
235000,1,40,11,Другое,Новостройка,Без ремонта (коробка),Совмещенный,Есть,Построено,Нет
235000,1,50,4,Сино,Новостройка,Без ремонта (коробка),Совмещенный,Нет,На стадии строительства,Нет
235660,1,43,12,Сино,Новостройка,Без ремонта (коробка),Раздельный,Есть,Построено,Есть
236000,1,43,1,Сино,Новостройка,Без ремонта (коробка),Раздельный,Нет,Построено,Нет
236000,1,37,3,Другое,Новостройка,Без ремонта (коробка),Раздельный,Нет,На стадии строительства,Нет
237000,1,54,9,Сино,Новостройка,Без ремонта (коробка),Раздельный,Есть,Построено,Есть
238000,1,40,2,Другое,Новостройка,Без ремонта (коробка),Раздельный,Нет,На стадии строительства,Есть
238000,2,51,2,Другое,Вторичный рынок,Без ремонта (коробка),Раздельный,Нет,На стадии строительства,Нет
238000,1,42,8,Другое,Новостройка,Новый ремонт,Совмещенный,Нет,Построено,Есть
238000,1,55,9,Другое,Новостройка,Без ремонта (коробка),Раздельный,Есть,На стадии строительства,Нет
239000,2,49,13,И. Сомони,Новостройка,Без ремонта (коробка),Раздельный,Нет,На стадии строительства,Нет
239000,2,43,7,Другое,Новостройка,Без ремонта (коробка),Раздельный,Нет,На стадии строительства,Нет
239000,1,46,7,Другое,Новостройка,Без ремонта (коробка),Совмещенный,Нет,На стадии строительства,Нет
239000,2,49,12,Другое,Новостройка,Без ремонта (коробка),Раздельный,Нет,На стадии строительства,Нет
239999,1,40,5,Сино,Вторичный рынок,Без ремонта (коробка),Раздельный,Есть,Построено,Есть
240000,1,50,5,Сино,Новостройка,Без ремонта (коробка),Совмещенный,Есть,На стадии строительства,Нет
240000,1,30,1,Сино,Вторичный рынок,С ремонтом,Совмещенный,Нет,Построено,Есть
240000,1,40,9,Другое,Новостройка,Без ремонта (коробка),Раздельный,Нет,На стадии строительства,Нет
240000,1,38,2,Другое,Вторичный рынок,С ремонтом,Совмещенный,Нет,Построено,Есть
240000,2,54,12,Другое,Новостройка,Без ремонта (коробка),Раздельный,Нет,На стадии строительства,Нет
240000,1,48,3,Другое,Новостройка,Без ремонта (коробка),Раздельный,Есть,Построено,Нет
240000,1,58,12,Другое,Новостройка,Без ремонта (коробка),Раздельный,Нет,На стадии строительства,Нет
240000,1,47,5,Сино,Новостройка,Без ремонта (коробка),Совмещенный,Нет,На стадии строительства,Нет
240000,2,53,8,Другое,Новостройка,Без ремонта (коробка),Раздельный,Нет,Построено,Нет
240000,1,50,2,Сино,Новостройка,Без ремонта (коробка),Совмещенный,Нет,На стадии строительства,Нет
240000,1,56,10,Другое,Новостройка,Без ремонта (коробка),Совмещенный,Есть,Построено,Нет
240000,1,26,5,Фирдавси,Вторичный рынок,С ремонтом,Раздельный,Есть,Построено,Есть
240000,1,43,6,Другое,Новостройка,Без ремонта (коробка),Совмещенный,Нет,Построено,Есть
240000,2,54,11,Другое,Новостройка,Без ремонта (коробка),Раздельный,Нет,На стадии строительства,Есть
240000,1,51,9,Другое,Новостройка,Без ремонта (коробка),Совмещенный,Нет,На стадии строительства,Есть
240000,2,47,3,Другое,Новостройка,Без ремонта (коробка),Раздельный,Нет,На стадии строительства,Нет
240000,2,61,3,Другое,Новостройка,Без ремонта (коробка),Раздельный,Есть,Построено,Есть
240000,1,51,6,Другое,Новостройка,Без ремонта (коробка),Совмещенный,Нет,На стадии строительства,Есть
240000,1,40,5,Другое,Вторичный рынок,С ремонтом,Раздельный,Нет,Построено,Есть
240000,2,56,12,Другое,Новостройка,Без ремонта (коробка),Раздельный,Нет,Построено,Есть
240000,2,53,8,Другое,Новостройка,Без ремонта (коробка),Раздельный,Нет,На стадии строительства,Нет
240000,1,51,6,Сино,Новостройка,Без ремонта (коробка),Совмещенный,Нет,На стадии строительства,Есть
240500,1,45,2,Другое,Новостройка,Без ремонта (коробка),Раздельный,Есть,На стадии строительства,Нет
241000,2,47,8,Другое,Новостройка,Новый ремонт,Раздельный,Нет,Построено,Нет
241500,1,45,2,Другое,Новостройка,Без ремонта (коробка),Раздельный,Есть,На стадии строительства,Нет
242000,2,51,2,Другое,Новостройка,Новый ремонт,Раздельный,Нет,Построено,Есть
242000,2,65,7,Другое,Новостройка,Без ремонта (коробка),Раздельный,Нет,На стадии строительства,Нет
242000,2,57,4,Другое,Новостройка,Без ремонта (коробка),Раздельный,Нет,На стадии строительства,Нет
242000,1,53,5,Сино,Новостройка,Без ремонта (коробка),Совмещенный,Нет,На стадии строительства,Нет
243000,2,58,8,Другое,Новостройка,Без ремонта (коробка),Раздельный,Нет,На стадии строительства,Есть
244000,2,56,11,Другое,Новостройка,Без ремонта (коробка),Раздельный,Есть,Построено,Нет
244999,1,50,10,Сино,Новостройка,Без ремонта (коробка),Совмещенный,Нет,Построено,Есть
245000,2,47,8,Другое,Новостройка,Без ремонта (коробка),Раздельный,Нет,Построено,Нет
245000,2,53,8,Другое,Новостройка,Без ремонта (коробка),Раздельный,Нет,На стадии строительства,Нет
245000,1,47,10,Другое,Новостройка,Без ремонта (коробка),Раздельный,Нет,Построено,Нет
245000,2,60,2,Другое,Новостройка,Без ремонта (коробка),Раздельный,Нет,Построено,Нет
245000,2,53,5,Другое,Новостройка,Без ремонта (коробка),Раздельный,Нет,На стадии строительства,Нет
245000,2,50,7,Другое,Новостройка,Без ремонта (коробка),Раздельный,Нет,Построено,Нет
245000,1,43,1,Сино,Новостройка,Без ремонта (коробка),Совмещенный,Нет,Построено,Нет
245000,2,50,1,Другое,Новостройка,Без ремонта (коробка),Раздельный,Нет,Построено,Нет
245000,2,92,10,Сино,Новостройка,Без ремонта (коробка),Раздельный,Нет,На стадии строительства,Нет
245000,1,50,10,Сино,Новостройка,Без ремонта (коробка),Совмещенный,Нет,Построено,Нет
245000,2,50,8,Другое,Новостройка,Без ремонта (коробка),Раздельный,Нет,Построено,Нет
245000,2,50,8,Другое,Новостройка,Без ремонта (коробка),Раздельный,Нет,На стадии строительства,Нет
245000,2,59,3,Другое,Новостройка,Без ремонта (коробка),Раздельный,Нет,Построено,Нет
245000,2,66,7,Другое,Новостройка,Без ремонта (коробка),Раздельный,Нет,На стадии строительства,Нет
245000,2,47,5,Другое,Новостройка,Новый ремонт,Раздельный,Есть,Построено,Нет
245000,1,43,9,Другое,Новостройка,Без ремонта (коробка),Раздельный,Нет,Построено,Нет
245000,1,51,7,Сино,Новостройка,Без ремонта (коробка),Совмещенный,Нет,На стадии строительства,Нет
245000,2,55,9,Другое,Новостройка,Без ремонта (коробка),Раздельный,Есть,На стадии строительства,Нет
245000,1,40,8,Другое,Новостройка,Без ремонта (коробка),Раздельный,Нет,На стадии строительства,Нет
245000,2,47,5,Другое,Новостройка,Без ремонта (коробка),Раздельный,Нет,Построено,Нет
245000,2,47,8,Другое,Новостройка,Без ремонта (коробка),Раздельный,Нет,На стадии строительства,Нет
245000,1,60,6,Сино,Новостройка,Без ремонта (коробка),Совмещенный,Нет,На стадии строительства,Нет
245000,1,29,2,Сино,Вторичный рынок,С ремонтом,Совмещенный,Нет,Построено,Есть
246000,1,53,6,Другое,Новостройка,Без ремонта (коробка),Раздельный,Нет,На стадии строительства,Нет
246000,2,48,7,Другое,Новостройка,Без ремонта (коробка),Раздельный,Нет,На стадии строительства,Есть
246450,1,55,7,Другое,Новостройка,Без ремонта (коробка),Раздельный,Нет,На стадии строительства,Нет
247000,2,60,4,Другое,Новостройка,Без ремонта (коробка),Раздельный,Нет,Построено,Нет
247000,1,51,8,Сино,Новостройка,Без ремонта (коробка),Совмещенный,Нет,На стадии строительства,Нет
247000,2,50,8,Другое,Новостройка,Без ремонта (коробка),Раздельный,Нет,На стадии строительства,Нет
247000,1,58,4,Другое,Новостройка,Без ремонта (коробка),Раздельный,Нет,На стадии строительства,Нет
247775,1,63,8,Другое,Новостройка,Без ремонта (коробка),Совмещенный,Нет,Построено,Есть
248500,2,54,2,Другое,Новостройка,Без ремонта (коробка),Раздельный,Нет,На стадии строительства,Есть
249000,1,38,4,Другое,Новостройка,Новый ремонт,Раздельный,Нет,Построено,Есть
249000,2,50,8,Другое,Новостройка,Без ремонта (коробка),Раздельный,Нет,Построено,Нет
249000,2,53,7,Другое,Новостройка,Без ремонта (коробка),Раздельный,Нет,На стадии строительства,Нет
249000,2,46,4,И. Сомони,Новостройка,Без ремонта (коробка),Раздельный,Нет,Построено,Нет
249000,1,50,9,Сино,Новостройка,Без ремонта (коробка),Раздельный,Нет,На стадии строительства,Есть
249999,1,53,4,Сино,Новостройка,Без ремонта (коробка),Совмещенный,Нет,Построено,Нет
250000,1,35,7,Другое,Новостройка,Новый ремонт,Совмещенный,Нет,Построено,Нет
250000,1,55,4,Фирдавси,Новостройка,Без ремонта (коробка),Раздельный,Нет,На стадии строительства,Нет
250000,1,42,7,Другое,Новостройка,Без ремонта (коробка),Раздельный,Нет,Построено,Нет
250000,1,50,10,Сино,Новостройка,Без ремонта (коробка),Совмещенный,Нет,На стадии строительства,Нет
250000,1,42,13,Другое,Новостройка,Без ремонта (коробка),Раздельный,Нет,Построено,Есть
250000,1,50,8,Сино,Новостройка,Без ремонта (коробка),Раздельный,Есть,На стадии строительства,Нет
250000,1,56,7,Другое,Новостройка,Без ремонта (коробка),Совмещенный,Нет,На стадии строительства,Нет
250000,1,1,2,Шохмансур,Вторичный рынок,Без ремонта (коробка),Раздельный,Нет,Построено,Есть
250000,1,40,5,Сино,Вторичный рынок,С ремонтом,Раздельный,Нет,Построено,Есть
250000,2,60,10,Другое,Новостройка,Без ремонта (коробка),Раздельный,Нет,На стадии строительства,Нет
250000,1,29,2,Сино,Вторичный рынок,С ремонтом,Совмещенный,Нет,Построено,Есть
250000,1,54,1,Другое,Вторичный рынок,С ремонтом,Совмещенный,Нет,Построено,Есть
250000,1,44,5,Сино,Новостройка,Без ремонта (коробка),Раздельный,Нет,На стадии строительства,Нет
250000,2,68,4,И. Сомони,Новостройка,Без ремонта (коробка),Раздельный,Нет,Построено,Нет
250000,2,81,9,Другое,Новостройка,Без ремонта (коробка),Раздельный,Нет,На стадии строительства,Есть
250000,2,60,4,Другое,Новостройка,Без ремонта (коробка),Раздельный,Нет,Построено,Нет
250000,2,48,7,Сино,Новостройка,Без ремонта (коробка),Совмещенный,Нет,Построено,Нет
250000,2,57,2,Другое,Вторичный рынок,С ремонтом,Раздельный,Нет,Построено,Есть
250000,2,52,9,Другое,Новостройка,Без ремонта (коробка),Раздельный,Нет,Построено,Нет
250000,2,64,2,Другое,Вторичный рынок,Новый ремонт,Совмещенный,Есть,Построено,Есть
250000,1,40,1,Другое,Новостройка,Новый ремонт,Совмещенный,Нет,Построено,Есть
250000,1,47,3,Другое,Новостройка,Без ремонта (коробка),Раздельный,Нет,Построено,Нет
250000,2,58,2,И. Сомони,Вторичный рынок,С ремонтом,Раздельный,Нет,Построено,Есть
250000,2,67,2,И. Сомони,Новостройка,Без ремонта (коробка),Раздельный,Нет,На стадии строительства,Нет
250000,1,53,4,Сино,Новостройка,Без ремонта (коробка),Совмещенный,Нет,Построено,Нет
250000,1,46,1,Другое,Новостройка,Без ремонта (коробка),Раздельный,Нет,Построено,Нет
250000,2,80,4,Другое,Новостройка,Без ремонта (коробка),Раздельный,Нет,На стадии строительства,Нет
250000,1,42,4,Другое,Новостройка,Новый ремонт,Совмещенный,Нет,Построено,Есть
250000,1,46,6,Другое,Новостройка,Без ремонта (коробка),Совмещенный,Нет,На стадии строительства,Нет
250000,2,65,5,Фирдавси,Новостройка,Без ремонта (коробка),Раздельный,Нет,На стадии строительства,Нет
250000,2,80,7,Другое,Новостройка,Без ремонта (коробка),Раздельный,Нет,Построено,Нет
250000,2,57,8,Сино,Новостройка,Без ремонта (коробка),Раздельный,Нет,На стадии строительства,Нет
250000,2,49,10,Другое,Новостройка,Без ремонта (коробка),Раздельный,Нет,Построено,Нет
250000,2,85,9,Сино,Новостройка,Без ремонта (коробка),Раздельный,Нет,На стадии строительства,Нет
250000,3,57,4,Другое,Вторичный рынок,С ремонтом,Раздельный,Нет,Построено,Есть
250000,2,45,9,Другое,Новостройка,Без ремонта (коробка),Раздельный,Есть,Построено,Нет
250000,1,51,4,Сино,Новостройка,Без ремонта (коробка),Раздельный,Нет,На стадии строительства,Нет
250000,2,29,2,Другое,Вторичный рынок,С ремонтом,Раздельный,Нет,Построено,Есть
250000,1,35,4,Другое,Вторичный рынок,С ремонтом,Совмещенный,Нет,Построено,Есть
250000,1,52,2,Другое,Новостройка,Без ремонта (коробка),Раздельный,Нет,На стадии строительства,Нет
250000,3,54,1,Другое,Вторичный рынок,С ремонтом,Раздельный,Нет,Построено,Есть
250000,1,57,2,Сино,Новостройка,Без ремонта (коробка),Совмещенный,Нет,На стадии строительства,Нет
250000,2,75,10,Другое,Новостройка,Без ремонта (коробка),Раздельный,Нет,Построено,Есть
250000,1,50,13,Сино,Новостройка,Без ремонта (коробка),Совмещенный,Нет,На стадии строительства,Нет
250000,1,50,11,Сино,Новостройка,Без ремонта (коробка),Совмещенный,Нет,На стадии строительства,Нет
250000,1,45,3,Сино,Новостройка,Без ремонта (коробка),Раздельный,Есть,Построено,Нет
250000,2,52,1,Сино,Новостройка,Без ремонта (коробка),Совмещенный,Нет,Построено,Нет
250000,1,59,4,Сино,Новостройка,Без ремонта (коробка),Раздельный,Нет,На стадии строительства,Нет
250000,1,58,6,Другое,Новостройка,Без ремонта (коробка),Раздельный,Нет,На стадии строительства,Нет
250000,2,62,1,Другое,Вторичный рынок,С ремонтом,Совмещенный,Есть,Построено,Есть
250000,1,50,12,Сино,Новостройка,Без ремонта (коробка),Совмещенный,Нет,На стадии строительства,Нет
250000,1,34,6,Сино,Вторичный рынок,С ремонтом,Совмещенный,Нет,Построено,Есть
250000,1,40,4,Другое,Новостройка,Новый ремонт,Совмещенный,Нет,Построено,Есть
250000,1,51,4,Другое,Новостройка,Без ремонта (коробка),Совмещенный,Нет,Построено,Есть
250000,1,53,9,Сино,Новостройка,Без ремонта (коробка),Раздельный,Нет,На стадии строительства,Есть
250000,2,68,9,Другое,Новостройка,Без ремонта (коробка),Совмещенный,Нет,На стадии строительства,Нет
250000,1,62,4,Сино,Новостройка,Без ремонта (коробка),Совмещенный,Нет,На стадии строительства,Нет
250000,1,50,9,Сино,Новостройка,Без ремонта (коробка),Совмещенный,Нет,На стадии строительства,Нет
251000,1,53,4,Сино,Новостройка,Без ремонта (коробка),Совмещенный,Нет,Построено,Нет
251000,2,59,2,Сино,Новостройка,Без ремонта (коробка),Раздельный,Нет,На стадии строительства,Нет
251000,1,51,1,Другое,Новостройка,Без ремонта (коробка),Совмещенный,Нет,На стадии строительства,Нет
251000,2,47,5,Другое,Новостройка,Без ремонта (коробка),Раздельный,Нет,На стадии строительства,Нет
252000,2,47,3,Другое,Новостройка,Без ремонта (коробка),Раздельный,Нет,На стадии строительства,Нет
252000,2,59,3,Другое,Новостройка,Без ремонта (коробка),Раздельный,Нет,На стадии строительства,Есть
252000,2,65,5,Другое,Новостройка,Без ремонта (коробка),Раздельный,Нет,Построено,Нет
252000,2,48,1,Другое,Новостройка,Без ремонта (коробка),Совмещенный,Нет,Построено,Нет
253000,1,46,2,Другое,Новостройка,Без ремонта (коробка),Совмещенный,Нет,На стадии строительства,Нет
253000,1,44,5,Другое,Новостройка,Без ремонта (коробка),Раздельный,Нет,На стадии строительства,Нет
254000,2,47,13,Другое,Новостройка,Без ремонта (коробка),Раздельный,Нет,На стадии строительства,Нет
254000,2,41,9,Другое,Новостройка,Без ремонта (коробка),Раздельный,Нет,На стадии строительства,Нет
254800,1,54,4,Другое,Новостройка,Без ремонта (коробка),Раздельный,Нет,На стадии строительства,Нет
255000,1,37,3,Другое,Вторичный рынок,С ремонтом,Совмещенный,Нет,Построено,Есть
255000,1,40,4,Другое,Новостройка,Без ремонта (коробка),Раздельный,Нет,На стадии строительства,Нет
255000,2,65,1,И. Сомони,Новостройка,Без ремонта (коробка),Раздельный,Нет,Построено,Нет
255000,1,42,9,Другое,Новостройка,Без ремонта (коробка),Раздельный,Нет,Построено,Нет
255000,1,40,11,Другое,Новостройка,Без ремонта (коробка),Совмещенный,Нет,Построено,Нет
255000,2,66,4,Другое,Новостройка,Без ремонта (коробка),Раздельный,Нет,Построено,Нет
255000,2,40,11,Другое,Новостройка,Без ремонта (коробка),Совмещенный,Нет,Построено,Нет
255000,1,58,6,Другое,Новостройка,Без ремонта (коробка),Совмещенный,Есть,На стадии строительства,Нет
255000,1,51,11,Сино,Новостройка,Без ремонта (коробка),Совмещенный,Нет,На стадии строительства,Нет
255000,1,46,8,И. Сомони,Новостройка,Без ремонта (коробка),Раздельный,Нет,Построено,Нет
255000,1,50,9,Другое,Новостройка,Без ремонта (коробка),Совмещенный,Нет,На стадии строительства,Нет
255000,2,65,1,Другое,Новостройка,Без ремонта (коробка),Раздельный,Нет,Построено,Нет
255000,1,52,1,Сино,Новостройка,Без ремонта (коробка),Совмещенный,Нет,Построено,Нет
255000,1,52,14,Другое,Новостройка,Без ремонта (коробка),Совмещенный,Нет,На стадии строительства,Нет
255000,2,60,6,Другое,Новостройка,Без ремонта (коробка),Раздельный,Есть,На стадии строительства,Есть
255000,1,51,9,Сино,Новостройка,Без ремонта (коробка),Совмещенный,Нет,На стадии строительства,Нет
255000,2,55,3,Другое,Новостройка,Без ремонта (коробка),Раздельный,Нет,Построено,Нет
255000,1,49,3,Сино,Новостройка,Без ремонта (коробка),Раздельный,Нет,Построено,Нет
255000,2,50,1,Другое,Новостройка,С ремонтом,Совмещенный,Нет,Построено,Есть
255000,2,56,6,Другое,Новостройка,Без ремонта (коробка),Раздельный,Нет,Построено,Нет
255000,2,52,2,Другое,Новостройка,Без ремонта (коробка),Раздельный,Нет,На стадии строительства,Нет
255000,1,53,4,Сино,Новостройка,Без ремонта (коробка),Совмещенный,Нет,Построено,Нет
255000,2,52,1,Другое,Новостройка,Без ремонта (коробка),Совмещенный,Нет,Построено,Нет
255000,1,52,1,Сино,Новостройка,Без ремонта (коробка),Раздельный,Нет,На стадии строительства,Нет
255000,2,53,2,Другое,Новостройка,Без ремонта (коробка),Раздельный,Нет,Построено,Нет
255000,1,50,10,Сино,Новостройка,Без ремонта (коробка),Совмещенный,Нет,На стадии строительства,Нет
255000,2,65,6,Другое,Новостройка,Без ремонта (коробка),Раздельный,Нет,Построено,Нет
255000,1,51,10,Сино,Новостройка,Без ремонта (коробка),Совмещенный,Нет,На стадии строительства,Нет
255000,1,44,2,Сино,Новостройка,Без ремонта (коробка),Совмещенный,Нет,Построено,Нет
255000,2,45,9,Другое,Новостройка,Без ремонта (коробка),Совмещенный,Нет,Построено,Нет
255000,2,52,1,Фирдавси,Новостройка,Новый ремонт,Раздельный,Нет,Построено,Есть
255000,1,51,13,Сино,Новостройка,Без ремонта (коробка),Совмещенный,Нет,На стадии строительства,Нет
255000,1,51,12,Сино,Новостройка,Без ремонта (коробка),Совмещенный,Нет,На стадии строительства,Нет
255000,2,60,6,Другое,Новостройка,Без ремонта (коробка),Раздельный,Нет,Построено,Нет
255000,2,50,2,Другое,Новостройка,Без ремонта (коробка),Раздельный,Нет,Построено,Нет
255000,1,40,1,Другое,Вторичный рынок,С ремонтом,Раздельный,Нет,Построено,Есть
255005,1,30,2,Другое,Вторичный рынок,Без ремонта (коробка),Совмещенный,Нет,Построено,Есть
256000,2,60,2,Другое,Новостройка,Без ремонта (коробка),Раздельный,Нет,На стадии строительства,Есть
256000,2,42,1,Другое,Вторичный рынок,Без ремонта (коробка),Совмещенный,Нет,Построено,Есть
256000,1,49,5,Сино,Новостройка,Без ремонта (коробка),Совмещенный,Нет,На стадии строительства,Нет
256000,2,60,8,Другое,Новостройка,Без ремонта (коробка),Совмещенный,Есть,На стадии строительства,Нет
257000,2,56,6,Другое,Новостройка,Без ремонта (коробка),Совмещенный,Нет,На стадии строительства,Нет
257000,2,56,4,Другое,Новостройка,Без ремонта (коробка),Раздельный,Есть,Построено,Есть
257000,2,64,8,Другое,Новостройка,Без ремонта (коробка),Раздельный,Нет,Построено,Нет
257000,2,47,3,Другое,Новостройка,Без ремонта (коробка),Совмещенный,Нет,На стадии строительства,Есть
258000,1,47,7,Другое,Новостройка,Без ремонта (коробка),Раздельный,Нет,На стадии строительства,Нет
258000,2,50,6,Другое,Новостройка,Без ремонта (коробка),Совмещенный,Нет,На стадии строительства,Нет
258000,1,52,8,Сино,Новостройка,Без ремонта (коробка),Совмещенный,Нет,Построено,Нет
258200,1,63,3,Другое,Новостройка,Без ремонта (коробка),Раздельный,Есть,На стадии строительства,Есть
259000,1,52,1,Сино,Новостройка,Без ремонта (коробка),Совмещенный,Нет,Построено,Нет
259000,1,52,9,Сино,Новостройка,Без ремонта (коробка),Совмещенный,Нет,Построено,Нет
260000,1,56,8,Сино,Новостройка,Без ремонта (коробка),Раздельный,Нет,Построено,Нет
260000,2,75,9,И. Сомони,Новостройка,Без ремонта (коробка),Раздельный,Есть,На стадии строительства,Есть
260000,1,48,4,Другое,Новостройка,Без ремонта (коробка),Раздельный,Нет,Построено,Нет
260000,3,74,7,Другое,Новостройка,Без ремонта (коробка),Раздельный,Нет,Построено,Нет
260000,1,36,1,Другое,Новостройка,Новый ремонт,Совмещенный,Нет,Построено,Есть
260000,1,40,1,Сино,Новостройка,Без ремонта (коробка),Совмещенный,Есть,Построено,Нет
260000,3,95,8,И. Сомони,Новостройка,Без ремонта (коробка),Раздельный,Нет,На стадии строительства,Нет
260000,1,51,5,Сино,Новостройка,Без ремонта (коробка),Раздельный,Нет,Построено,Нет
260000,1,53,6,Другое,Новостройка,Без ремонта (коробка),Раздельный,Есть,Построено,Нет
260000,1,43,12,Сино,Новостройка,Без ремонта (коробка),Раздельный,Нет,Построено,Есть
260000,2,62,7,Другое,Новостройка,Без ремонта (коробка),Совмещенный,Есть,На стадии строительства,Нет
260000,2,63,6,Другое,Новостройка,Без ремонта (коробка),Раздельный,Есть,Построено,Нет
260000,1,49,7,Другое,Новостройка,Без ремонта (коробка),Раздельный,Нет,Построено,Нет
260000,1,45,8,И. Сомони,Новостройка,Новый ремонт,Совмещенный,Нет,Построено,Есть
260000,2,46,8,Другое,Новостройка,Новый ремонт,Раздельный,Есть,Построено,Есть
260000,2,43,9,Другое,Новостройка,Без ремонта (коробка),Раздельный,Нет,На стадии строительства,Нет
260000,3,75,9,Другое,Новостройка,Без ремонта (коробка),Раздельный,Есть,На стадии строительства,Нет
260000,2,56,11,Другое,Новостройка,Без ремонта (коробка),Совмещенный,Есть,На стадии строительства,Есть
260000,1,30,1,Другое,Вторичный рынок,С ремонтом,Раздельный,Есть,Построено,Есть
260000,1,57,5,Сино,Новостройка,Без ремонта (коробка),Совмещенный,Нет,На стадии строительства,Нет
260000,2,61,4,Другое,Новостройка,Без ремонта (коробка),Раздельный,Нет,На стадии строительства,Нет
260000,1,63,8,Другое,Новостройка,Без ремонта (коробка),Раздельный,Нет,Построено,Нет
260000,2,51,6,Другое,Новостройка,Без ремонта (коробка),Раздельный,Нет,На стадии строительства,Нет
260000,1,49,4,Другое,Новостройка,Без ремонта (коробка),Совмещенный,Нет,На стадии строительства,Нет
260000,1,35,4,Другое,Новостройка,Новый ремонт,Совмещенный,Нет,Построено,Есть
260000,1,46,2,Другое,Новостройка,Без ремонта (коробка),Раздельный,Нет,Построено,Нет
260000,2,54,5,Другое,Новостройка,Без ремонта (коробка),Раздельный,Нет,На стадии строительства,Нет
260000,2,51,5,Другое,Новостройка,Без ремонта (коробка),Раздельный,Нет,На стадии строительства,Нет
260000,1,42,9,Другое,Новостройка,Без ремонта (коробка),Раздельный,Нет,Построено,Нет
260000,2,66,10,Другое,Новостройка,Без ремонта (коробка),Совмещенный,Нет,На стадии строительства,Нет
260000,1,48,4,Другое,Новостройка,Без ремонта (коробка),Раздельный,Есть,Построено,Есть
260000,1,51,7,Другое,Новостройка,Без ремонта (коробка),Совмещенный,Нет,Построено,Есть
260400,1,56,6,Сино,Новостройка,Без ремонта (коробка),Раздельный,Нет,На стадии строительства,Нет
261000,1,68,1,Сино,Новостройка,Без ремонта (коробка),Раздельный,Нет,На стадии строительства,Нет
262000,2,59,6,Другое,Новостройка,Без ремонта (коробка),Раздельный,Есть,На стадии строительства,Нет
263000,2,51,4,Другое,Новостройка,Без ремонта (коробка),Раздельный,Нет,На стадии строительства,Нет
263000,2,51,8,Другое,Новостройка,Без ремонта (коробка),Раздельный,Нет,На стадии строительства,Нет
263000,1,68,1,Сино,Новостройка,Без ремонта (коробка),Совмещенный,Нет,На стадии строительства,Нет
263000,2,63,6,И. Сомони,Новостройка,Без ремонта (коробка),Совмещенный,Нет,На стадии строительства,Нет
263700,2,62,5,Сино,Новостройка,Без ремонта (коробка),Раздельный,Нет,На стадии строительства,Есть
264000,1,53,3,Другое,Новостройка,Без ремонта (коробка),Раздельный,Нет,На стадии строительства,Есть
264000,1,51,9,Сино,Новостройка,Без ремонта (коробка),Совмещенный,Нет,Построено,Нет
264100,1,49,2,Другое,Новостройка,Без ремонта (коробка),Раздельный,Есть,На стадии строительства,Нет
264100,1,56,3,Сино,Новостройка,Без ремонта (коробка),Раздельный,Есть,На стадии строительства,Есть
264100,1,50,2,Другое,Новостройка,Без ремонта (коробка),Раздельный,Есть,На стадии строительства,Нет
264500,1,53,7,Сино,Новостройка,Без ремонта (коробка),Совмещенный,Нет,На стадии строительства,Нет
264999,2,60,1,Сино,Новостройка,Без ремонта (коробка),Раздельный,Есть,На стадии строительства,Нет
265000,2,75,7,И. Сомони,Новостройка,Без ремонта (коробка),Раздельный,Нет,Построено,Нет
265000,1,53,8,Сино,Новостройка,Без ремонта (коробка),Совмещенный,Нет,Построено,Нет
265000,2,48,2,Фирдавси,Новостройка,Новый ремонт,Раздельный,Нет,Построено,Нет
265000,1,52,5,Другое,Новостройка,С ремонтом,Раздельный,Нет,Построено,Есть
265000,1,48,5,Сино,Новостройка,Без ремонта (коробка),Совмещенный,Нет,Построено,Нет
265000,1,40,5,Сино,Вторичный рынок,С ремонтом,Раздельный,Нет,Построено,Есть
265000,2,55,4,Другое,Новостройка,Без ремонта (коробка),Раздельный,Нет,Построено,Есть
265000,1,68,1,Другое,Новостройка,Без ремонта (коробка),Раздельный,Нет,Построено,Нет
265000,2,68,7,Сино,Новостройка,Без ремонта (коробка),Раздельный,Есть,На стадии строительства,Нет
265000,1,43,5,Сино,Вторичный рынок,Без ремонта (коробка),Совмещенный,Нет,Построено,Есть
265000,2,71,8,Другое,Новостройка,Без ремонта (коробка),Раздельный,Нет,На стадии строительства,Нет
265000,1,51,8,Сино,Новостройка,Без ремонта (коробка),Совмещенный,Нет,Построено,Нет
265000,2,50,2,Фирдавси,Новостройка,Новый ремонт,Раздельный,Нет,Построено,Есть
265000,1,48,5,Сино,Новостройка,Без ремонта (коробка),Раздельный,Нет,Построено,Нет
265000,1,38,6,Другое,Вторичный рынок,С ремонтом,Совмещенный,Нет,Построено,Есть
265000,1,33,6,Сино,Вторичный рынок,С ремонтом,Раздельный,Нет,Построено,Есть
265000,2,45,9,Другое,Новостройка,Без ремонта (коробка),Совмещенный,Нет,Построено,Есть
265000,1,35,3,Другое,Новостройка,Новый ремонт,Совмещенный,Нет,Построено,Есть
265000,1,28,2,Фирдавси,Новостройка,С ремонтом,Совмещенный,Нет,Построено,Нет
265000,2,47,2,Фирдавси,Новостройка,Новый ремонт,Раздельный,Нет,Построено,Нет
265000,1,33,6,Сино,Вторичный рынок,С ремонтом,Совмещенный,Нет,Построено,Есть
265000,2,50,2,Другое,Новостройка,Без ремонта (коробка),Раздельный,Нет,Построено,Нет
265000,1,66,11,Другое,Новостройка,Без ремонта (коробка),Совмещенный,Нет,На стадии строительства,Нет
265000,2,75,9,Другое,Новостройка,Без ремонта (коробка),Раздельный,Нет,На стадии строительства,Есть
265000,2,48,10,Другое,Новостройка,С ремонтом,Совмещенный,Нет,Построено,Есть
265000,2,70,6,Сино,Новостройка,Без ремонта (коробка),Раздельный,Есть,На стадии строительства,Нет
265000,2,64,9,Другое,Новостройка,Без ремонта (коробка),Совмещенный,Есть,На стадии строительства,Есть
265000,1,44,4,Другое,Новостройка,Новый ремонт,Раздельный,Нет,Построено,Есть
265000,2,44,1,Другое,Новостройка,Без ремонта (коробка),Раздельный,Нет,Построено,Нет
265000,2,56,3,Другое,Новостройка,Без ремонта (коробка),Раздельный,Нет,Построено,Есть
265000,1,63,4,Другое,Новостройка,Без ремонта (коробка),Совмещенный,Нет,Построено,Нет
265000,1,66,12,Другое,Новостройка,Без ремонта (коробка),Совмещенный,Нет,На стадии строительства,Нет
265000,1,28,2,Другое,Вторичный рынок,С ремонтом,Совмещенный,Нет,На стадии строительства,Есть
265000,1,50,7,Сино,Новостройка,Без ремонта (коробка),Совмещенный,Нет,Построено,Нет
265000,2,56,1,Другое,Новостройка,Без ремонта (коробка),Раздельный,Нет,Построено,Нет
265000,1,51,4,Сино,Новостройка,Без ремонта (коробка),Совмещенный,Нет,Построено,Нет
265000,1,71,7,Сино,Новостройка,Без ремонта (коробка),Раздельный,Нет,На стадии строительства,Нет
265999,1,52,8,Сино,Новостройка,Без ремонта (коробка),Совмещенный,Нет,Построено,Есть
266000,2,51,10,Другое,Новостройка,Без ремонта (коробка),Раздельный,Нет,На стадии строительства,Нет
266000,2,58,5,Другое,Новостройка,Без ремонта (коробка),Раздельный,Нет,На стадии строительства,Нет
267000,2,72,7,Другое,Новостройка,Без ремонта (коробка),Раздельный,Нет,На стадии строительства,Нет
267300,2,90,9,Другое,Новостройка,Без ремонта (коробка),Раздельный,Нет,На стадии строительства,Нет
267300,2,90,10,Другое,Новостройка,Без ремонта (коробка),Раздельный,Нет,На стадии строительства,Нет
267999,1,52,9,Сино,Новостройка,Без ремонта (коробка),Совмещенный,Нет,Построено,Есть
268000,1,52,9,Сино,Новостройка,Без ремонта (коробка),Совмещенный,Нет,Построено,Нет
268000,1,57,9,Другое,Новостройка,Без ремонта (коробка),Раздельный,Нет,На стадии строительства,Нет
268000,1,45,5,Другое,Новостройка,Без ремонта (коробка),Раздельный,Нет,На стадии строительства,Нет
268999,2,54,9,Сино,Новостройка,Без ремонта (коробка),Совмещенный,Нет,Построено,Есть
269000,1,44,3,Другое,Новостройка,Новый ремонт,Раздельный,Нет,Построено,Есть
269000,1,58,3,Другое,Новостройка,Без ремонта (коробка),Совмещенный,Нет,На стадии строительства,Нет
269000,1,59,10,Сино,Новостройка,Без ремонта (коробка),Раздельный,Нет,Построено,Нет
269000,2,56,3,Другое,Новостройка,Без ремонта (коробка),Совмещенный,Нет,Построено,Нет
269000,2,52,7,Другое,Новостройка,Без ремонта (коробка),Раздельный,Нет,На стадии строительства,Нет
269000,2,65,2,Сино,Новостройка,Без ремонта (коробка),Раздельный,Нет,На стадии строительства,Есть
269500,1,49,4,Другое,Новостройка,Без ремонта (коробка),Совмещенный,Нет,На стадии строительства,Нет
269700,1,58,5,Сино,Новостройка,Без ремонта (коробка),Раздельный,Нет,На стадии строительства,Нет
269700,1,58,6,Сино,Новостройка,Без ремонта (коробка),Раздельный,Нет,На стадии строительства,Нет
270000,1,35,1,Другое,Новостройка,Новый ремонт,Раздельный,Нет,Построено,Есть
270000,1,50,7,Другое,Новостройка,Без ремонта (коробка),Раздельный,Есть,На стадии строительства,Есть
270000,2,75,11,Сино,Новостройка,Без ремонта (коробка),Раздельный,Нет,На стадии строительства,Нет
270000,2,50,10,Другое,Новостройка,Без ремонта (коробка),Совмещенный,Нет,На стадии строительства,Нет
270000,2,68,1,Другое,Новостройка,Без ремонта (коробка),Раздельный,Нет,На стадии строительства,Нет
270000,2,66,12,Другое,Новостройка,Без ремонта (коробка),Раздельный,Нет,На стадии строительства,Нет
270000,2,72,8,Другое,Новостройка,Без ремонта (коробка),Раздельный,Нет,На стадии строительства,Нет
270000,1,44,5,Сино,Вторичный рынок,Без ремонта (коробка),Совмещенный,Нет,Построено,Есть
270000,1,57,8,Сино,Новостройка,Без ремонта (коробка),Раздельный,Нет,Построено,Нет
270000,1,49,5,Другое,Новостройка,С ремонтом,Совмещенный,Нет,Построено,Есть
270000,2,44,6,Другое,Новостройка,Новый ремонт,Раздельный,Есть,Построено,Есть
270000,2,40,17,Сино,Новостройка,Без ремонта (коробка),Раздельный,Нет,Построено,Нет
270000,1,60,7,Другое,Новостройка,Без ремонта (коробка),Совмещенный,Нет,На стадии строительства,Нет
270000,2,65,9,Другое,Новостройка,Без ремонта (коробка),Раздельный,Нет,На стадии строительства,Есть
270000,2,47,4,Другое,Новостройка,Без ремонта (коробка),Раздельный,Есть,На стадии строительства,Нет
270000,1,51,6,Другое,Новостройка,Без ремонта (коробка),Совмещенный,Нет,Построено,Есть
270000,1,52,1,Сино,Новостройка,Без ремонта (коробка),Совмещенный,Нет,Построено,Нет
270000,1,52,8,Сино,Новостройка,Без ремонта (коробка),Совмещенный,Нет,Построено,Нет
270000,2,59,3,Другое,Новостройка,Без ремонта (коробка),Раздельный,Нет,На стадии строительства,Нет
270000,1,44,3,Другое,Новостройка,С ремонтом,Раздельный,Нет,Построено,Нет
270000,1,51,9,Сино,Новостройка,Без ремонта (коробка),Совмещенный,Нет,Построено,Нет
270000,1,33,1,Другое,Новостройка,Новый ремонт,Раздельный,Нет,Построено,Есть
270000,3,78,10,Другое,Новостройка,Без ремонта (коробка),Раздельный,Нет,На стадии строительства,Нет
270000,1,37,9,Другое,Вторичный рынок,С ремонтом,Совмещенный,Нет,Построено,Есть
270000,1,45,1,Другое,Новостройка,Новый ремонт,Раздельный,Нет,Построено,Есть
270000,2,47,4,Другое,Новостройка,Без ремонта (коробка),Раздельный,Нет,Построено,Есть
270000,1,48,6,Сино,Новостройка,Без ремонта (коробка),Совмещенный,Нет,На стадии строительства,Нет
270000,1,45,3,Другое,Новостройка,Новый ремонт,Раздельный,Нет,Построено,Есть
270000,2,60,10,Другое,Новостройка,Без ремонта (коробка),Раздельный,Нет,Построено,Нет
270000,2,58,3,Другое,Новостройка,Без ремонта (коробка),Раздельный,Нет,Построено,Нет
270000,2,54,8,Сино,Новостройка,Без ремонта (коробка),Совмещенный,Нет,Построено,Нет
270000,1,53,9,Другое,Новостройка,Без ремонта (коробка),Совмещенный,Есть,Построено,Нет
270000,2,44,9,Другое,Новостройка,Без ремонта (коробка),Раздельный,Нет,На стадии строительства,Нет
270000,2,60,6,Другое,Новостройка,Без ремонта (коробка),Совмещенный,Нет,На стадии строительства,Нет
270000,1,46,6,Сино,Новостройка,Без ремонта (коробка),Совмещенный,Нет,На стадии строительства,Нет
270000,1,1234,3,Другое,Вторичный рынок,С ремонтом,Совмещенный,Нет,Построено,Есть
270000,1,45,7,Сино,Новостройка,Без ремонта (коробка),Совмещенный,Есть,Построено,Нет
270000,1,48,8,И. Сомони,Новостройка,Без ремонта (коробка),Совмещенный,Есть,На стадии строительства,Нет
270000,1,46,2,Сино,Новостройка,Без ремонта (коробка),Раздельный,Нет,Построено,Нет
270300,2,61,2,Другое,Новостройка,Без ремонта (коробка),Раздельный,Нет,На стадии строительства,Нет
271000,1,63,6,Другое,Новостройка,Без ремонта (коробка),Раздельный,Нет,На стадии строительства,Нет
271000,2,57,9,И. Сомони,Новостройка,Без ремонта (коробка),Раздельный,Нет,На стадии строительства,Нет
271000,2,47,4,Другое,Новостройка,Без ремонта (коробка),Раздельный,Нет,На стадии строительства,Нет
272000,2,66,11,Другое,Новостройка,Без ремонта (коробка),Раздельный,Нет,На стадии строительства,Есть
272000,2,65,12,Другое,Новостройка,Без ремонта (коробка),Раздельный,Нет,На стадии строительства,Нет
272000,2,56,10,Другое,Новостройка,Без ремонта (коробка),Раздельный,Нет,На стадии строительства,Нет
272999,2,54,9,Сино,Новостройка,Без ремонта (коробка),Раздельный,Нет,Построено,Есть
273000,2,65,8,Другое,Новостройка,Без ремонта (коробка),Раздельный,Нет,На стадии строительства,Есть
273000,2,58,6,Сино,Новостройка,Без ремонта (коробка),Раздельный,Нет,На стадии строительства,Нет
273000,2,58,4,Сино,Новостройка,Без ремонта (коробка),Раздельный,Нет,На стадии строительства,Нет
273000,3,70,8,Другое,Новостройка,Без ремонта (коробка),Раздельный,Нет,Построено,Есть
273000,2,58,5,Сино,Новостройка,Без ремонта (коробка),Раздельный,Нет,На стадии строительства,Нет
273000,2,65,9,Другое,Новостройка,Без ремонта (коробка),Раздельный,Нет,На стадии строительства,Нет
273000,2,58,9,Сино,Новостройка,Без ремонта (коробка),Раздельный,Нет,На стадии строительства,Нет
273000,2,58,10,Сино,Новостройка,Без ремонта (коробка),Раздельный,Нет,На стадии строительства,Нет
273000,2,58,8,Сино,Новостройка,Без ремонта (коробка),Раздельный,Нет,На стадии строительства,Нет
273000,2,58,7,Сино,Новостройка,Без ремонта (коробка),Раздельный,Нет,На стадии строительства,Нет
273000,2,43,3,Другое,Новостройка,Без ремонта (коробка),Раздельный,Есть,Построено,Нет
274000,1,53,9,Другое,Новостройка,Без ремонта (коробка),Раздельный,Нет,Построено,Нет
274000,2,48,15,Другое,Новостройка,Без ремонта (коробка),Раздельный,Нет,Построено,Нет
274000,1,68,2,Другое,Новостройка,Без ремонта (коробка),Раздельный,Нет,На стадии строительства,Нет
274000,1,58,5,Сино,Новостройка,Без ремонта (коробка),Раздельный,Нет,На стадии строительства,Нет
274999,2,55,5,Другое,Новостройка,Без ремонта (коробка),Раздельный,Нет,На стадии строительства,Есть
275000,2,50,10,Другое,Новостройка,Без ремонта (коробка),Раздельный,Нет,Построено,Нет
275000,1,55,9,Другое,Новостройка,Без ремонта (коробка),Раздельный,Нет,На стадии строительства,Нет
275000,1,81,10,Другое,Новостройка,Без ремонта (коробка),Раздельный,Нет,На стадии строительства,Нет
275000,1,40,6,Другое,Новостройка,С ремонтом,Раздельный,Нет,Построено,Нет
275000,2,45,2,Другое,Новостройка,Без ремонта (коробка),Раздельный,Нет,Построено,Нет
275000,1,47,4,Сино,Новостройка,Без ремонта (коробка),Раздельный,Нет,На стадии строительства,Нет
275000,1,31,3,Сино,Вторичный рынок,С ремонтом,Раздельный,Нет,Построено,Есть
275000,1,54,9,Сино,Новостройка,Без ремонта (коробка),Совмещенный,Нет,Построено,Нет
275000,2,50,11,Фирдавси,Новостройка,Без ремонта (коробка),Раздельный,Нет,Построено,Нет
275000,1,50,8,Сино,Новостройка,Без ремонта (коробка),Совмещенный,Нет,На стадии строительства,Нет
275000,2,68,1,Сино,Новостройка,Без ремонта (коробка),Раздельный,Есть,На стадии строительства,Нет
275000,1,50,7,Сино,Новостройка,Без ремонта (коробка),Совмещенный,Нет,На стадии строительства,Нет
275000,1,50,6,Сино,Новостройка,Без ремонта (коробка),Совмещенный,Нет,На стадии строительства,Нет
275000,3,93,1,Другое,Вторичный рынок,С ремонтом,Раздельный,Есть,Построено,Есть
275000,2,61,6,Другое,Новостройка,Без ремонта (коробка),Совмещенный,Нет,Построено,Нет
275000,2,47,2,Фирдавси,Новостройка,Новый ремонт,Раздельный,Нет,Построено,Есть
275000,1,50,3,Сино,Новостройка,Без ремонта (коробка),Совмещенный,Нет,На стадии строительства,Нет
275000,1,50,4,Сино,Новостройка,Без ремонта (коробка),Совмещенный,Нет,На стадии строительства,Нет
275000,1,30,4,Сино,Вторичный рынок,С ремонтом,Совмещенный,Нет,Построено,Есть
275000,2,55,5,Другое,Новостройка,Без ремонта (коробка),Раздельный,Нет,Построено,Нет
275000,2,56,4,Сино,Новостройка,Без ремонта (коробка),Раздельный,Нет,На стадии строительства,Нет
275000,1,49,2,Сино,Новостройка,Без ремонта (коробка),Совмещенный,Есть,На стадии строительства,Нет
275000,2,62,8,Сино,Новостройка,Без ремонта (коробка),Совмещенный,Нет,На стадии строительства,Нет
275000,2,46,10,Другое,Новостройка,С ремонтом,Раздельный,Есть,Построено,Есть
275000,2,54,7,Другое,Новостройка,Без ремонта (коробка),Раздельный,Есть,Построено,Нет
275000,2,46,10,Другое,Новостройка,Без ремонта (коробка),Раздельный,Нет,Построено,Нет
275000,2,68,9,Другое,Новостройка,Без ремонта (коробка),Раздельный,Нет,На стадии строительства,Нет
275000,2,58,8,Другое,Новостройка,Без ремонта (коробка),Раздельный,Есть,На стадии строительства,Нет
275000,2,70,5,Сино,Новостройка,Без ремонта (коробка),Совмещенный,Нет,На стадии строительства,Нет
275000,2,54,4,Другое,Новостройка,Без ремонта (коробка),Раздельный,Нет,Построено,Нет
275000,1,58,4,Сино,Новостройка,Без ремонта (коробка),Раздельный,Нет,На стадии строительства,Нет
275000,1,55,5,И. Сомони,Новостройка,Без ремонта (коробка),Раздельный,Нет,На стадии строительства,Нет
275000,2,50,2,Фирдавси,Новостройка,Новый ремонт,Раздельный,Нет,Построено,Есть
275000,2,51,6,Сино,Новостройка,Без ремонта (коробка),Совмещенный,Нет,На стадии строительства,Есть
275000,1,28,2,Другое,Вторичный рынок,С ремонтом,Совмещенный,Нет,Построено,Есть
275000,2,49,6,Другое,Новостройка,Без ремонта (коробка),Раздельный,Нет,На стадии строительства,Нет
275000,2,50,16,Другое,Новостройка,Без ремонта (коробка),Раздельный,Есть,Построено,Нет
275000,1,50,2,Сино,Новостройка,Без ремонта (коробка),Совмещенный,Нет,На стадии строительства,Нет
275005,1,33,6,Другое,Вторичный рынок,С ремонтом,Совмещенный,Нет,Построено,Есть
275445,2,61,12,Другое,Новостройка,Без ремонта (коробка),Раздельный,Нет,На стадии строительства,Нет
275445,2,69,10,Другое,Новостройка,Без ремонта (коробка),Раздельный,Есть,На стадии строительства,Нет
275670,2,66,3,Сино,Новостройка,Без ремонта (коробка),Раздельный,Есть,На стадии строительства,Есть
275990,1,60,10,Другое,Новостройка,Без ремонта (коробка),Раздельный,Есть,На стадии строительства,Есть
276000,2,61,9,И. Сомони,Новостройка,Без ремонта (коробка),Раздельный,Есть,Построено,Нет
277000,2,43,1,Другое,Новостройка,Без ремонта (коробка),Раздельный,Нет,На стадии строительства,Нет
277182,2,64,12,Другое,Новостройка,Без ремонта (коробка),Совмещенный,Нет,На стадии строительства,Нет
277300,2,71,4,Другое,Новостройка,Без ремонта (коробка),Раздельный,Нет,На стадии строительства,Нет
278000,2,71,8,Другое,Новостройка,Без ремонта (коробка),Раздельный,Нет,На стадии строительства,Нет
278000,2,52,8,Другое,Новостройка,Без ремонта (коробка),Раздельный,Нет,На стадии строительства,Нет
278000,2,70,5,Сино,Новостройка,Без ремонта (коробка),Раздельный,Есть,Построено,Нет
278000,2,56,10,Другое,Новостройка,Без ремонта (коробка),Раздельный,Нет,На стадии строительства,Нет
278000,2,55,11,Другое,Новостройка,Без ремонта (коробка),Раздельный,Нет,На стадии строительства,Нет
278000,2,54,5,Другое,Новостройка,Без ремонта (коробка),Раздельный,Нет,Построено,Нет
278000,2,71,5,Другое,Новостройка,Без ремонта (коробка),Раздельный,Нет,На стадии строительства,Нет
279000,2,56,8,Другое,Новостройка,Без ремонта (коробка),Совмещенный,Нет,Построено,Нет
279000,3,56,3,Другое,Новостройка,Без ремонта (коробка),Совмещенный,Нет,Построено,Нет
279000,2,56,12,Другое,Новостройка,Без ремонта (коробка),Раздельный,Нет,На стадии строительства,Нет
279000,2,62,8,Другое,Новостройка,Без ремонта (коробка),Раздельный,Нет,На стадии строительства,Нет
279000,1,54,9,Сино,Новостройка,Без ремонта (коробка),Раздельный,Нет,На стадии строительства,Нет
279000,1,60,6,Сино,Новостройка,Без ремонта (коробка),Раздельный,Нет,На стадии строительства,Нет
279000,1,60,4,Другое,Новостройка,Без ремонта (коробка),Раздельный,Нет,На стадии строительства,Нет
279000,1,60,5,Сино,Новостройка,Без ремонта (коробка),Раздельный,Нет,На стадии строительства,Нет
279000,1,61,6,Сино,Новостройка,Без ремонта (коробка),Раздельный,Нет,На стадии строительства,Нет
279000,1,31,4,Сино,Вторичный рынок,С ремонтом,Совмещенный,Нет,Построено,Есть
279000,1,60,8,Сино,Новостройка,Без ремонта (коробка),Раздельный,Нет,На стадии строительства,Нет
279999,1,54,8,Сино,Новостройка,Без ремонта (коробка),Раздельный,Нет,Построено,Есть
280000,2,54,8,Сино,Новостройка,Без ремонта (коробка),Совмещенный,Нет,Построено,Нет
280000,2,65,6,Другое,Новостройка,Без ремонта (коробка),Раздельный,Нет,Построено,Нет
280000,1,55,10,Другое,Новостройка,Без ремонта (коробка),Раздельный,Нет,На стадии строительства,Нет
280000,2,36,4,Другое,Вторичный рынок,С ремонтом,Совмещенный,Нет,Построено,Есть
280000,2,50,2,Другое,Вторичный рынок,Новый ремонт,Совмещенный,Нет,Построено,Есть
280000,2,50,1,Другое,Вторичный рынок,С ремонтом,Совмещенный,Нет,Построено,Есть
280000,2,53,1,Фирдавси,Вторичный рынок,Новый ремонт,Раздельный,Нет,Построено,Нет
280000,1,53,6,Другое,Новостройка,Без ремонта (коробка),Раздельный,Нет,Построено,Есть
280000,2,60,5,Другое,Новостройка,Без ремонта (коробка),Раздельный,Нет,На стадии строительства,Нет
280000,1,43,5,Другое,Вторичный рынок,С ремонтом,Совмещенный,Нет,Построено,Есть
280000,1,60,4,Другое,Новостройка,Без ремонта (коробка),Раздельный,Нет,На стадии строительства,Нет
280000,1,42,1,Другое,Вторичный рынок,С ремонтом,Совмещенный,Нет,Построено,Есть
280000,1,60,9,Другое,Новостройка,Без ремонта (коробка),Раздельный,Нет,На стадии строительства,Нет
280000,2,56,11,Другое,Новостройка,Без ремонта (коробка),Раздельный,Нет,На стадии строительства,Нет
280000,2,65,5,Другое,Новостройка,Без ремонта (коробка),Раздельный,Нет,На стадии строительства,Есть
280000,2,49,10,Другое,Новостройка,Без ремонта (коробка),Совмещенный,Нет,Построено,Нет
280000,2,48,4,Другое,Вторичный рынок,С ремонтом,Раздельный,Нет,Построено,Есть
280000,1,35,1,Сино,Новостройка,С ремонтом,Раздельный,Нет,Построено,Есть
280000,2,45,8,Другое,Новостройка,Без ремонта (коробка),Раздельный,Нет,На стадии строительства,Нет
280000,2,71,1,Другое,Новостройка,Без ремонта (коробка),Раздельный,Нет,На стадии строительства,Нет
280000,1,37,5,Другое,Вторичный рынок,С ремонтом,Совмещенный,Нет,Построено,Есть
280000,2,57,4,Другое,Новостройка,Без ремонта (коробка),Раздельный,Есть,На стадии строительства,Нет
280000,1,60,4,Сино,Новостройка,Без ремонта (коробка),Раздельный,Нет,На стадии строительства,Нет
280000,2,60,5,Сино,Новостройка,Без ремонта (коробка),Раздельный,Нет,На стадии строительства,Нет
280000,2,50,8,Другое,Новостройка,Без ремонта (коробка),Раздельный,Нет,Построено,Нет
280000,1,33,6,Сино,Вторичный рынок,С ремонтом,Раздельный,Нет,Построено,Есть
280000,2,60,1,Сино,Новостройка,Без ремонта (коробка),Раздельный,Нет,На стадии строительства,Нет
280000,1,53,1,Другое,Вторичный рынок,С ремонтом,Раздельный,Нет,Построено,Есть
280000,5,142,1,Другое,Вторичный рынок,Новый ремонт,Раздельный,Нет,Построено,Есть
280000,2,71,2,Другое,Новостройка,Без ремонта (коробка),Раздельный,Нет,На стадии строительства,Нет
280000,1,49,6,Другое,Новостройка,С ремонтом,Совмещенный,Нет,Построено,Есть
280000,4,78,5,Другое,Вторичный рынок,Без ремонта (коробка),Раздельный,Нет,Построено,Есть
280000,2,64,11,Сино,Новостройка,Без ремонта (коробка),Раздельный,Есть,На стадии строительства,Нет
280000,2,62,6,И. Сомони,Новостройка,Без ремонта (коробка),Раздельный,Нет,На стадии строительства,Нет
280000,1,49,2,Другое,Новостройка,Без ремонта (коробка),Совмещенный,Нет,На стадии строительства,Нет
280000,2,85,8,Сино,Новостройка,Без ремонта (коробка),Раздельный,Нет,На стадии строительства,Нет
280000,2,54,5,Другое,Новостройка,Без ремонта (коробка),Раздельный,Нет,Построено,Нет
280000,2,102,9,Сино,Новостройка,Без ремонта (коробка),Раздельный,Нет,На стадии строительства,Нет
280000,1,42,8,Другое,Новостройка,Без ремонта (коробка),Совмещенный,Нет,На стадии строительства,Нет
280000,1,48,8,Другое,Новостройка,Без ремонта (коробка),Совмещенный,Нет,Построено,Нет
280000,2,60,1,Сино,Новостройка,Без ремонта (коробка),Раздельный,Нет,Построено,Нет
280000,2,60,3,Другое,Новостройка,Без ремонта (коробка),Раздельный,Нет,На стадии строительства,Нет
280000,2,72,5,И. Сомони,Вторичный рынок,С ремонтом,Раздельный,Нет,Построено,Есть
280000,1,37,7,Сино,Новостройка,Без ремонта (коробка),Раздельный,Нет,Построено,Нет
280000,2,53,6,И. Сомони,Новостройка,Новый ремонт,Совмещенный,Нет,Построено,Есть
280000,2,53,6,Фирдавси,Новостройка,С ремонтом,Совмещенный,Нет,Построено,Нет
280500,1,51,2,Сино,Новостройка,Без ремонта (коробка),Совмещенный,Нет,На стадии строительства,Нет
280500,1,51,3,Сино,Новостройка,Без ремонта (коробка),Совмещенный,Нет,На стадии строительства,Нет
280500,1,51,8,Сино,Новостройка,Без ремонта (коробка),Совмещенный,Нет,На стадии строительства,Нет
280500,1,51,5,Сино,Новостройка,Без ремонта (коробка),Совмещенный,Нет,На стадии строительства,Нет
280500,1,51,7,Сино,Новостройка,Без ремонта (коробка),Совмещенный,Нет,На стадии строительства,Нет
280500,1,51,4,Сино,Новостройка,Без ремонта (коробка),Совмещенный,Нет,На стадии строительства,Нет
280500,1,51,6,Сино,Новостройка,Без ремонта (коробка),Совмещенный,Нет,На стадии строительства,Нет
281000,1,55,2,Сино,Новостройка,Без ремонта (коробка),Совмещенный,Нет,Построено,Нет
281000,2,68,9,Другое,Новостройка,Без ремонта (коробка),Раздельный,Нет,На стадии строительства,Нет
281250,2,63,4,Другое,Новостройка,Без ремонта (коробка),Раздельный,Есть,На стадии строительства,Нет
282000,2,58,10,Другое,Новостройка,Без ремонта (коробка),Раздельный,Нет,На стадии строительства,Нет
283000,2,68,12,Другое,Новостройка,Без ремонта (коробка),Раздельный,Нет,На стадии строительства,Нет
283000,2,60,1,Сино,Новостройка,Без ремонта (коробка),Раздельный,Нет,На стадии строительства,Нет
283500,1,63,6,Другое,Новостройка,Без ремонта (коробка),Раздельный,Есть,Построено,Есть
283500,1,63,4,Другое,Новостройка,Без ремонта (коробка),Раздельный,Нет,На стадии строительства,Нет
283650,1,61,5,Сино,Новостройка,Без ремонта (коробка),Раздельный,Нет,На стадии строительства,Нет
284000,1,60,10,Сино,Новостройка,Без ремонта (коробка),Раздельный,Нет,Построено,Нет
284000,2,64,6,Другое,Новостройка,Без ремонта (коробка),Раздельный,Нет,Построено,Нет
284000,2,64,6,Другое,Новостройка,Без ремонта (коробка),Раздельный,Нет,На стадии строительства,Нет
285000,2,58,5,Другое,Новостройка,Без ремонта (коробка),Совмещенный,Нет,Построено,Нет
285000,2,61,9,Другое,Новостройка,Без ремонта (коробка),Раздельный,Нет,Построено,Нет
285000,2,51,5,Другое,Новостройка,Без ремонта (коробка),Раздельный,Нет,На стадии строительства,Есть
285000,2,53,6,Другое,Новостройка,Без ремонта (коробка),Совмещенный,Нет,Построено,Нет
285000,1,48,4,Другое,Новостройка,Без ремонта (коробка),Раздельный,Нет,Построено,Нет
285000,2,62,2,Другое,Новостройка,Без ремонта (коробка),Раздельный,Нет,Построено,Нет
285000,1,45,10,Другое,Новостройка,Без ремонта (коробка),Раздельный,Нет,Построено,Есть
285000,2,55,2,Сино,Новостройка,Без ремонта (коробка),Раздельный,Нет,Построено,Нет
285000,1,31,4,Сино,Вторичный рынок,С ремонтом,Совмещенный,Нет,Построено,Есть
285000,2,55,6,Другое,Новостройка,Без ремонта (коробка),Раздельный,Нет,Построено,Нет
285000,2,59,10,Другое,Новостройка,Без ремонта (коробка),Раздельный,Нет,На стадии строительства,Нет
285000,2,57,5,Другое,Новостройка,Без ремонта (коробка),Раздельный,Нет,На стадии строительства,Нет
285000,2,53,6,И. Сомони,Новостройка,Без ремонта (коробка),Совмещенный,Нет,На стадии строительства,Нет
285000,2,61,4,Сино,Новостройка,Без ремонта (коробка),Раздельный,Нет,На стадии строительства,Нет
285000,2,53,6,Другое,Новостройка,Без ремонта (коробка),Раздельный,Нет,На стадии строительства,Нет
285000,2,60,10,Другое,Новостройка,Без ремонта (коробка),Раздельный,Нет,На стадии строительства,Нет
285000,2,71,9,Другое,Новостройка,Без ремонта (коробка),Раздельный,Нет,На стадии строительства,Есть
285000,2,43,1,Другое,Новостройка,Новый ремонт,Раздельный,Нет,На стадии строительства,Нет
285000,2,48,1,Другое,Новостройка,Без ремонта (коробка),Раздельный,Нет,Построено,Нет
285000,2,61,5,Сино,Новостройка,Без ремонта (коробка),Раздельный,Нет,На стадии строительства,Нет
285000,2,50,5,Другое,Новостройка,Без ремонта (коробка),Раздельный,Нет,Построено,Нет
285000,1,55,7,Сино,Новостройка,Без ремонта (коробка),Совмещенный,Нет,На стадии строительства,Нет
285000,1,60,5,Сино,Новостройка,Без ремонта (коробка),Раздельный,Нет,На стадии строительства,Нет
285000,1,42,6,Сино,Новостройка,С ремонтом,Совмещенный,Нет,Построено,Нет
285000,2,62,6,Другое,Новостройка,Без ремонта (коробка),Раздельный,Нет,На стадии строительства,Есть
285000,2,59,10,Сино,Новостройка,Без ремонта (коробка),Раздельный,Нет,На стадии строительства,Нет
285000,2,60,2,Другое,Новостройка,Без ремонта (коробка),Раздельный,Нет,Построено,Нет
285000,1,55,4,Сино,Новостройка,Без ремонта (коробка),Совмещенный,Нет,На стадии строительства,Нет
285000,1,60,7,Сино,Новостройка,Без ремонта (коробка),Раздельный,Нет,На стадии строительства,Нет
285000,1,60,6,Сино,Новостройка,Без ремонта (коробка),Раздельный,Нет,На стадии строительства,Нет
286000,2,56,5,Другое,Новостройка,Без ремонта (коробка),Раздельный,Нет,На стадии строительства,Нет
287000,2,50,3,Другое,Новостройка,Без ремонта (коробка),Раздельный,Нет,На стадии строительства,Нет
287000,2,56,6,Другое,Новостройка,Без ремонта (коробка),Совмещенный,Нет,На стадии строительства,Нет
287000,1,32,4,Сино,Вторичный рынок,Новый ремонт,Совмещенный,Нет,Построено,Есть
288000,2,56,6,Другое,Новостройка,Без ремонта (коробка),Раздельный,Нет,На стадии строительства,Нет
288000,2,64,6,Сино,Новостройка,Без ремонта (коробка),Раздельный,Нет,Построено,Нет
288000,2,58,10,Другое,Новостройка,Без ремонта (коробка),Раздельный,Нет,На стадии строительства,Нет
288000,2,64,14,Другое,Новостройка,Без ремонта (коробка),Совмещенный,Нет,На стадии строительства,Нет
288000,2,64,5,Сино,Новостройка,Без ремонта (коробка),Раздельный,Нет,Построено,Нет
288000,2,40,4,Другое,Новостройка,С ремонтом,Совмещенный,Нет,Построено,Нет
288000,2,64,8,Другое,Новостройка,Новый ремонт,Раздельный,Нет,Построено,Нет
288000,2,60,9,Другое,Новостройка,Без ремонта (коробка),Раздельный,Нет,Построено,Нет
288000,1,48,4,Другое,Новостройка,Без ремонта (коробка),Раздельный,Нет,На стадии строительства,Нет
288000,2,72,3,Сино,Новостройка,Без ремонта (коробка),Совмещенный,Нет,На стадии строительства,Нет
288000,2,56,2,Другое,Новостройка,Без ремонта (коробка),Раздельный,Нет,На стадии строительства,Нет
288000,2,60,7,Другое,Новостройка,Без ремонта (коробка),Раздельный,Нет,Построено,Нет
289000,2,56,7,Другое,Новостройка,Без ремонта (коробка),Раздельный,Нет,На стадии строительства,Нет
289000,2,58,6,Сино,Новостройка,Без ремонта (коробка),Совмещенный,Нет,На стадии строительства,Нет
289000,2,61,12,Другое,Новостройка,Без ремонта (коробка),Раздельный,Нет,Построено,Нет
289000,2,52,4,Другое,Новостройка,Без ремонта (коробка),Раздельный,Нет,Построено,Нет
289000,2,61,6,Другое,Вторичный рынок,Без ремонта (коробка),Раздельный,Нет,Построено,Есть
289000,2,58,11,Другое,Новостройка,Без ремонта (коробка),Раздельный,Нет,На стадии строительства,Нет
289000,1,64,8,Сино,Новостройка,Без ремонта (коробка),Раздельный,Нет,Построено,Нет
289000,1,55,1,Сино,Новостройка,Без ремонта (коробка),Совмещенный,Нет,Построено,Нет
289000,1,20,1,Сино,Вторичный рынок,С ремонтом,Совмещенный,Есть,Построено,Есть
289000,2,58,12,Другое,Новостройка,Без ремонта (коробка),Раздельный,Нет,На стадии строительства,Нет
289500,2,60,13,Другое,Новостройка,Без ремонта (коробка),Раздельный,Нет,Построено,Нет
289999,1,64,8,Сино,Новостройка,Без ремонта (коробка),Раздельный,Есть,Построено,Есть
290000,2,70,5,Сино,Новостройка,Без ремонта (коробка),Раздельный,Нет,Построено,Нет
290000,2,45,6,Сино,Новостройка,С ремонтом,Совмещенный,Нет,Построено,Есть
290000,1,64,8,Сино,Новостройка,Без ремонта (коробка),Раздельный,Нет,Построено,Нет
290000,2,61,9,Другое,Новостройка,Без ремонта (коробка),Раздельный,Есть,Построено,Нет
290000,3,57,2,Сино,Вторичный рынок,С ремонтом,Раздельный,Нет,Построено,Есть
290000,1,48,4,И. Сомони,Новостройка,Без ремонта (коробка),Раздельный,Есть,На стадии строительства,Нет
290000,1,58,5,Сино,Новостройка,Без ремонта (коробка),Совмещенный,Нет,Построено,Нет
290000,2,82,10,Сино,Новостройка,Без ремонта (коробка),Раздельный,Нет,На стадии строительства,Нет
290000,2,45,6,Сино,Новостройка,Без ремонта (коробка),Раздельный,Нет,На стадии строительства,Нет
290000,2,60,8,Сино,Новостройка,Без ремонта (коробка),Раздельный,Нет,На стадии строительства,Нет
290000,2,51,3,Другое,Новостройка,Без ремонта (коробка),Раздельный,Нет,На стадии строительства,Нет
290000,2,82,10,Другое,Новостройка,Без ремонта (коробка),Совмещенный,Нет,На стадии строительства,Нет
290000,2,71,5,Сино,Новостройка,Без ремонта (коробка),Раздельный,Нет,Построено,Нет
290000,2,49,6,Фирдавси,Новостройка,Без ремонта (коробка),Раздельный,Есть,На стадии строительства,Нет
290000,2,69,9,Сино,Новостройка,Без ремонта (коробка),Раздельный,Нет,На стадии строительства,Нет
290000,2,87,5,Другое,Новостройка,Без ремонта (коробка),Раздельный,Нет,Построено,Нет
290000,2,45,3,Другое,Новостройка,Без ремонта (коробка),Совмещенный,Нет,На стадии строительства,Нет
290000,3,85,11,И. Сомони,Новостройка,Без ремонта (коробка),Раздельный,Есть,На стадии строительства,Нет
290000,2,70,6,Сино,Новостройка,Без ремонта (коробка),Раздельный,Нет,Построено,Нет
290000,2,68,7,Сино,Новостройка,Без ремонта (коробка),Раздельный,Нет,На стадии строительства,Нет
290000,2,50,8,И. Сомони,Вторичный рынок,С ремонтом,Раздельный,Нет,Построено,Есть
290000,2,62,5,Сино,Новостройка,Без ремонта (коробка),Совмещенный,Есть,На стадии строительства,Нет
290000,1,48,8,И. Сомони,Новостройка,Без ремонта (коробка),Раздельный,Есть,На стадии строительства,Нет
290000,3,76,2,Другое,Новостройка,Без ремонта (коробка),Раздельный,Нет,На стадии строительства,Нет
290000,1,50,6,Сино,Новостройка,Без ремонта (коробка),Раздельный,Нет,Построено,Есть
290000,1,58,9,Сино,Новостройка,Без ремонта (коробка),Совмещенный,Нет,Построено,Нет
290000,1,59,9,Сино,Новостройка,Без ремонта (коробка),Совмещенный,Нет,Построено,Нет
290000,2,67,6,Другое,Новостройка,Без ремонта (коробка),Раздельный,Есть,На стадии строительства,Нет
290000,2,66,2,Другое,Новостройка,Без ремонта (коробка),Раздельный,Нет,Построено,Нет
290000,2,51,8,Другое,Новостройка,Без ремонта (коробка),Раздельный,Нет,На стадии строительства,Нет
290000,1,48,7,И. Сомони,Новостройка,Без ремонта (коробка),Раздельный,Есть,На стадии строительства,Нет
290000,2,46,9,Другое,Новостройка,Без ремонта (коробка),Совмещенный,Есть,Построено,Нет
290000,1,52,7,Другое,Новостройка,Без ремонта (коробка),Раздельный,Нет,Построено,Нет
290000,1,35,5,Другое,Новостройка,Без ремонта (коробка),Совмещенный,Нет,Построено,Нет
290000,2,49,10,Другое,Новостройка,Без ремонта (коробка),Раздельный,Нет,Построено,Нет
290000,3,65,9,Другое,Новостройка,Без ремонта (коробка),Раздельный,Есть,Построено,Нет
290200,1,48,7,И. Сомони,Новостройка,Без ремонта (коробка),Раздельный,Есть,На стадии строительства,Нет
290999,2,60,2,Другое,Новостройка,Без ремонта (коробка),Раздельный,Нет,На стадии строительства,Нет
291000,3,86,13,Другое,Новостройка,Без ремонта (коробка),Раздельный,Нет,На стадии строительства,Нет
291500,2,62,5,И. Сомони,Новостройка,Без ремонта (коробка),Раздельный,Нет,На стадии строительства,Нет
291500,2,62,5,Другое,Новостройка,Без ремонта (коробка),Раздельный,Нет,На стадии строительства,Нет
292000,2,76,10,Другое,Новостройка,Без ремонта (коробка),Раздельный,Нет,На стадии строительства,Есть
292600,2,66,2,Другое,Новостройка,Без ремонта (коробка),Раздельный,Нет,На стадии строительства,Нет
292800,2,61,6,Другое,Новостройка,Без ремонта (коробка),Совмещенный,Есть,На стадии строительства,Нет
292999,3,61,10,Сино,Новостройка,Без ремонта (коробка),Раздельный,Нет,Построено,Есть
293000,1,42,7,Другое,Новостройка,Без ремонта (коробка),Раздельный,Нет,На стадии строительства,Нет
293000,2,58,8,Другое,Новостройка,Без ремонта (коробка),Раздельный,Нет,На стадии строительства,Нет
293000,1,47,8,Сино,Новостройка,Без ремонта (коробка),Раздельный,Есть,Построено,Нет
293000,2,47,7,Другое,Новостройка,Без ремонта (коробка),Раздельный,Нет,На стадии строительства,Нет
293400,2,65,10,Другое,Новостройка,Без ремонта (коробка),Раздельный,Нет,Построено,Нет
294000,1,47,4,И. Сомони,Новостройка,Без ремонта (коробка),Раздельный,Есть,На стадии строительства,Нет
294000,2,58,10,Другое,Новостройка,Без ремонта (коробка),Раздельный,Нет,На стадии строительства,Нет
294200,1,64,10,Другое,Новостройка,Новый ремонт,Раздельный,Есть,На стадии строительства,Есть
295000,1,30,1,Другое,Новостройка,С ремонтом,Совмещенный,Есть,Построено,Есть
295000,2,51,2,Другое,Новостройка,Без ремонта (коробка),Раздельный,Нет,На стадии строительства,Нет
295000,2,77,7,Другое,Новостройка,Без ремонта (коробка),Раздельный,Нет,Построено,Есть
295000,2,60,6,Сино,Новостройка,Без ремонта (коробка),Раздельный,Нет,На стадии строительства,Нет
295000,1,36,1,Сино,Вторичный рынок,С ремонтом,Совмещенный,Нет,Построено,Есть
295000,1,55,3,Другое,Новостройка,Без ремонта (коробка),Раздельный,Есть,На стадии строительства,Есть
295000,2,38,2,Другое,Новостройка,Новый ремонт,Раздельный,Есть,Построено,Есть
295000,1,36,5,Другое,Новостройка,Новый ремонт,Раздельный,Нет,Построено,Есть
295000,2,53,10,Другое,Новостройка,Без ремонта (коробка),Раздельный,Нет,Построено,Есть
295000,2,71,5,Сино,Новостройка,Без ремонта (коробка),Совмещенный,Есть,На стадии строительства,Нет
295000,1,51,4,Сино,Новостройка,Без ремонта (коробка),Совмещенный,Нет,На стадии строительства,Нет
295000,2,50,1,Фирдавси,Новостройка,Без ремонта (коробка),Раздельный,Нет,Построено,Есть
295000,2,50,4,Другое,Новостройка,Без ремонта (коробка),Раздельный,Нет,На стадии строительства,Нет
295000,1,48,4,И. Сомони,Новостройка,Без ремонта (коробка),Раздельный,Есть,На стадии строительства,Нет
295000,1,60,10,Сино,Новостройка,Без ремонта (коробка),Совмещенный,Нет,Построено,Нет
295000,1,59,10,Сино,Новостройка,Без ремонта (коробка),Совмещенный,Нет,На стадии строительства,Нет
295000,2,47,6,Другое,Новостройка,Без ремонта (коробка),Раздельный,Нет,Построено,Нет
295000,1,58,5,Сино,Новостройка,Без ремонта (коробка),Совмещенный,Нет,Построено,Нет
295000,1,34,8,Сино,Новостройка,Новый ремонт,Совмещенный,Нет,Построено,Есть
295000,3,90,11,Другое,Новостройка,Без ремонта (коробка),Совмещенный,Нет,На стадии строительства,Нет
295000,1,59,2,Сино,Новостройка,Без ремонта (коробка),Совмещенный,Нет,На стадии строительства,Нет
295000,1,59,14,Сино,Новостройка,Без ремонта (коробка),Совмещенный,Нет,На стадии строительства,Нет
295000,1,59,13,Сино,Новостройка,Без ремонта (коробка),Совмещенный,Нет,На стадии строительства,Нет
295000,2,59,7,Другое,Новостройка,Без ремонта (коробка),Раздельный,Нет,Построено,Нет
295000,1,59,11,Сино,Новостройка,Без ремонта (коробка),Совмещенный,Нет,На стадии строительства,Нет
295000,1,75,8,Сино,Новостройка,Без ремонта (коробка),Совмещенный,Нет,На стадии строительства,Нет
295000,2,71,1,Другое,Новостройка,Без ремонта (коробка),Раздельный,Есть,На стадии строительства,Есть
295000,1,51,6,Сино,Новостройка,Без ремонта (коробка),Совмещенный,Есть,На стадии строительства,Нет
295000,2,70,6,Другое,Новостройка,Без ремонта (коробка),Раздельный,Нет,Построено,Нет
295000,2,50,1,Сино,Новостройка,Без ремонта (коробка),Раздельный,Нет,Построено,Есть
295000,1,48,7,И. Сомони,Новостройка,Без ремонта (коробка),Раздельный,Есть,На стадии строительства,Нет
295000,4,8,1,Другое,Новостройка,Новый ремонт,Раздельный,Нет,Построено,Есть
295000,1,59,9,Сино,Новостройка,Без ремонта (коробка),Совмещенный,Нет,На стадии строительства,Нет
295000,1,59,8,Сино,Новостройка,Без ремонта (коробка),Совмещенный,Нет,На стадии строительства,Нет
295000,1,59,12,Сино,Новостройка,Без ремонта (коробка),Совмещенный,Нет,На стадии строительства,Нет
295000,2,72,4,Другое,Новостройка,Без ремонта (коробка),Раздельный,Нет,На стадии строительства,Нет
295000,1,51,4,Сино,Новостройка,Без ремонта (коробка),Совмещенный,Нет,Построено,Нет
295000,2,70,5,Сино,Новостройка,Без ремонта (коробка),Раздельный,Нет,Построено,Нет
296000,2,58,5,Другое,Новостройка,Без ремонта (коробка),Раздельный,Нет,На стадии строительства,Нет
296000,2,63,5,Другое,Новостройка,Без ремонта (коробка),Раздельный,Нет,На стадии строительства,Нет
296000,2,69,6,Сино,Новостройка,Без ремонта (коробка),Раздельный,Нет,Построено,Нет
296200,1,68,10,Другое,Новостройка,Без ремонта (коробка),Раздельный,Есть,На стадии строительства,Есть
297000,2,60,8,Другое,Новостройка,Без ремонта (коробка),Раздельный,Нет,Построено,Нет
297000,1,53,10,Другое,Новостройка,Без ремонта (коробка),Раздельный,Нет,На стадии строительства,Нет
297000,2,47,5,Другое,Новостройка,Без ремонта (коробка),Совмещенный,Нет,На стадии строительства,Нет
297000,2,64,3,Другое,Новостройка,Без ремонта (коробка),Раздельный,Нет,На стадии строительства,Нет
297600,2,64,4,Сино,Новостройка,Без ремонта (коробка),Раздельный,Нет,На стадии строительства,Нет
298000,2,64,4,Сино,Новостройка,Без ремонта (коробка),Раздельный,Нет,На стадии строительства,Нет
298000,2,71,6,Другое,Новостройка,Без ремонта (коробка),Раздельный,Нет,На стадии строительства,Нет
298000,2,76,6,Другое,Новостройка,Без ремонта (коробка),Раздельный,Нет,Построено,Нет
298000,2,64,5,Сино,Новостройка,Без ремонта (коробка),Раздельный,Нет,На стадии строительства,Нет
298000,2,50,4,Сино,Вторичный рынок,Без ремонта (коробка),Совмещенный,Нет,Построено,Есть
298000,2,64,4,Другое,Новостройка,Без ремонта (коробка),Раздельный,Нет,На стадии строительства,Нет
298500,2,56,5,Другое,Новостройка,Без ремонта (коробка),Раздельный,Есть,Построено,Нет
298500,2,56,5,Другое,Новостройка,Без ремонта (коробка),Раздельный,Нет,Построено,Нет
299000,1,13,1,Другое,Вторичный рынок,С ремонтом,Совмещенный,Есть,Построено,Есть
299000,2,69,1,Другое,Новостройка,Без ремонта (коробка),Раздельный,Нет,На стадии строительства,Нет
299000,2,57,1,Сино,Новостройка,Без ремонта (коробка),Раздельный,Есть,На стадии строительства,Нет
299000,1,24,1,Другое,Вторичный рынок,С ремонтом,Совмещенный,Нет,Построено,Есть
299000,1,47,10,И. Сомони,Новостройка,Без ремонта (коробка),Раздельный,Есть,На стадии строительства,Нет
299000,2,50,4,Другое,Новостройка,Без ремонта (коробка),Совмещенный,Нет,Построено,Нет
299000,2,69,7,Сино,Новостройка,Без ремонта (коробка),Раздельный,Нет,Построено,Нет
299000,1,50,2,Другое,Новостройка,Без ремонта (коробка),Совмещенный,Нет,На стадии строительства,Нет
299000,2,50,4,Другое,Новостройка,Без ремонта (коробка),Раздельный,Нет,На стадии строительства,Нет
299000,2,54,5,Другое,Новостройка,Без ремонта (коробка),Раздельный,Нет,Построено,Есть
299000,1,48,9,И. Сомони,Новостройка,Без ремонта (коробка),Совмещенный,Есть,На стадии строительства,Нет
299000,2,85,7,И. Сомони,Новостройка,Без ремонта (коробка),Раздельный,Есть,На стадии строительства,Нет
299000,2,58,6,Другое,Новостройка,Без ремонта (коробка),Раздельный,Нет,На стадии строительства,Нет
299000,2,55,6,И. Сомони,Новостройка,Без ремонта (коробка),Раздельный,Нет,На стадии строительства,Нет
299000,1,52,3,Другое,Новостройка,Без ремонта (коробка),Совмещенный,Нет,На стадии строительства,Нет
299000,1,48,4,И. Сомони,Новостройка,Без ремонта (коробка),Раздельный,Есть,На стадии строительства,Нет
299999,1,66,7,Другое,Новостройка,Без ремонта (коробка),Совмещенный,Нет,На стадии строительства,Нет
300000,2,50,1,Другое,Новостройка,Без ремонта (коробка),Раздельный,Нет,На стадии строительства,Нет
300000,1,48,8,И. Сомони,Новостройка,Без ремонта (коробка),Раздельный,Есть,На стадии строительства,Нет
300000,2,60,6,Другое,Новостройка,Без ремонта (коробка),Совмещенный,Нет,Построено,Нет
300000,2,52,7,Другое,Новостройка,С ремонтом,Совмещенный,Нет,Построено,Есть
300000,2,48,3,Другое,Новостройка,Без ремонта (коробка),Раздельный,Нет,На стадии строительства,Нет
300000,1,57,3,И. Сомони,Новостройка,Без ремонта (коробка),Совмещенный,Нет,На стадии строительства,Нет
300000,2,45,1,Сино,Вторичный рынок,Без ремонта (коробка),Совмещенный,Нет,Построено,Есть
300000,2,60,3,Другое,Новостройка,Без ремонта (коробка),Совмещенный,Нет,Построено,Есть
300000,2,63,8,Другое,Новостройка,Без ремонта (коробка),Раздельный,Нет,На стадии строительства,Нет
300000,3,64,2,Другое,Вторичный рынок,С ремонтом,Раздельный,Нет,Построено,Есть
300000,2,76,7,Другое,Новостройка,Без ремонта (коробка),Совмещенный,Нет,На стадии строительства,Нет
300000,1,48,7,И. Сомони,Новостройка,Без ремонта (коробка),Раздельный,Есть,На стадии строительства,Нет
300000,2,67,9,Другое,Новостройка,Без ремонта (коробка),Раздельный,Нет,На стадии строительства,Есть
300000,1,3230,1,Сино,Вторичный рынок,С ремонтом,Совмещенный,Нет,На стадии строительства,Есть
300000,2,60,3,Сино,Новостройка,Без ремонта (коробка),Раздельный,Нет,Построено,Нет
300000,1,46,2,Сино,Новостройка,Без ремонта (коробка),Совмещенный,Нет,Построено,Нет
300000,1,47,8,И. Сомони,Новостройка,Без ремонта (коробка),Раздельный,Есть,На стадии строительства,Нет
300000,1,59,2,Сино,Новостройка,Без ремонта (коробка),Совмещенный,Нет,Построено,Нет
300000,2,50,2,Другое,Вторичный рынок,С ремонтом,Раздельный,Нет,Построено,Есть
300000,2,71,3,Другое,Новостройка,Без ремонта (коробка),Раздельный,Нет,На стадии строительства,Нет
300000,2,49,3,Другое,Новостройка,Без ремонта (коробка),Раздельный,Нет,Построено,Есть
300000,1,18,2,Фирдавси,Вторичный рынок,Новый ремонт,Совмещенный,Есть,Построено,Есть
300000,1,48,4,И. Сомони,Новостройка,Без ремонта (коробка),Раздельный,Есть,На стадии строительства,Нет
300000,3,73,7,Другое,Новостройка,Без ремонта (коробка),Раздельный,Нет,На стадии строительства,Нет
300000,2,48,4,Сино,Вторичный рынок,С ремонтом,Совмещенный,Нет,Построено,Есть
300000,1,26,1,Сино,Вторичный рынок,С ремонтом,Совмещенный,Есть,Построено,Есть
300000,1,52,13,Другое,Новостройка,Без ремонта (коробка),Раздельный,Есть,На стадии строительства,Нет
300000,3,70,3,Другое,Вторичный рынок,С ремонтом,Раздельный,Нет,Построено,Есть
300000,2,67,4,Другое,Новостройка,С ремонтом,Раздельный,Нет,На стадии строительства,Есть
300000,2,50,5,Другое,Новостройка,Без ремонта (коробка),Раздельный,Нет,На стадии строительства,Нет
300000,2,73,8,И. Сомони,Новостройка,Без ремонта (коробка),Раздельный,Нет,На стадии строительства,Нет
300000,1,29,1,Сино,Новостройка,С ремонтом,Совмещенный,Нет,Построено,Есть
300000,2,60,8,Сино,Новостройка,Без ремонта (коробка),Раздельный,Есть,На стадии строительства,Нет
300000,3,65,2,Другое,Вторичный рынок,С ремонтом,Раздельный,Нет,Построено,Есть
300000,1,60,3,И. Сомони,Новостройка,Без ремонта (коробка),Раздельный,Нет,На стадии строительства,Нет
300000,2,60,3,Сино,Новостройка,Без ремонта (коробка),Раздельный,Нет,На стадии строительства,Нет
300000,1,44,5,Другое,Вторичный рынок,Без ремонта (коробка),Раздельный,Нет,Построено,Есть
300000,2,58,7,Другое,Новостройка,Без ремонта (коробка),Раздельный,Нет,На стадии строительства,Нет
300000,2,52,6,Другое,Новостройка,Без ремонта (коробка),Совмещенный,Нет,Построено,Нет
300000,2,61,6,Другое,Новостройка,Без ремонта (коробка),Раздельный,Нет,Построено,Нет
300000,1,53,5,Другое,Новостройка,Без ремонта (коробка),Раздельный,Есть,На стадии строительства,Нет
300000,1,64,8,Сино,Новостройка,Без ремонта (коробка),Совмещенный,Нет,На стадии строительства,Нет
300000,1,52,13,Фирдавси,Новостройка,Без ремонта (коробка),Раздельный,Есть,На стадии строительства,Нет
300000,1,46,6,Другое,Новостройка,Новый ремонт,Раздельный,Нет,Построено,Нет
300000,2,63,5,И. Сомони,Новостройка,Без ремонта (коробка),Раздельный,Нет,На стадии строительства,Нет
300000,2,58,2,Другое,Вторичный рынок,С ремонтом,Раздельный,Нет,Построено,Есть
300000,2,4438,10,Сино,Новостройка,С ремонтом,Совмещенный,Нет,Построено,Нет
300000,2,59,8,Другое,Новостройка,Без ремонта (коробка),Раздельный,Нет,Построено,Нет
300000,2,45,2,Другое,Вторичный рынок,С ремонтом,Совмещенный,Нет,Построено,Есть
300000,2,40,4,Другое,Новостройка,Новый ремонт,Совмещенный,Нет,Построено,Есть
300000,1,43,8,Другое,Новостройка,Без ремонта (коробка),Совмещенный,Нет,Построено,Есть
300000,2,45,1,Сино,Вторичный рынок,С ремонтом,Совмещенный,Нет,Построено,Есть
300000,2,48,9,Другое,Новостройка,Без ремонта (коробка),Раздельный,Есть,Построено,Нет
300000,2,42,1,Другое,Новостройка,Без ремонта (коробка),Раздельный,Нет,На стадии строительства,Нет
300650,2,69,6,Сино,Новостройка,Без ремонта (коробка),Раздельный,Есть,На стадии строительства,Есть
302250,1,65,4,Сино,Новостройка,Без ремонта (коробка),Раздельный,Нет,На стадии строительства,Нет
302250,1,65,6,Сино,Новостройка,Без ремонта (коробка),Раздельный,Нет,На стадии строительства,Нет
302400,2,84,5,Сино,Новостройка,Без ремонта (коробка),Раздельный,Нет,На стадии строительства,Нет
303000,2,75,11,Другое,Новостройка,Без ремонта (коробка),Раздельный,Нет,На стадии строительства,Нет
303000,1,69,9,Сино,Новостройка,Без ремонта (коробка),Раздельный,Есть,Построено,Есть
303000,2,70,6,Сино,Новостройка,Без ремонта (коробка),Раздельный,Нет,Построено,Нет
303000,2,65,5,Сино,Новостройка,Без ремонта (коробка),Раздельный,Нет,На стадии строительства,Нет
303000,2,65,4,Сино,Новостройка,Без ремонта (коробка),Раздельный,Нет,На стадии строительства,Нет
303800,1,50,6,И. Сомони,Новостройка,Без ремонта (коробка),Раздельный,Есть,На стадии строительства,Нет
304000,1,50,7,И. Сомони,Новостройка,Без ремонта (коробка),Раздельный,Есть,На стадии строительства,Нет
304000,2,76,3,Сино,Новостройка,Без ремонта (коробка),Совмещенный,Нет,На стадии строительства,Нет
305000,2,78,6,Другое,Новостройка,Без ремонта (коробка),Раздельный,Нет,На стадии строительства,Нет
305000,2,47,2,Сино,Новостройка,Новый ремонт,Раздельный,Нет,Построено,Нет
305000,2,60,9,Сино,Новостройка,Без ремонта (коробка),Совмещенный,Нет,Построено,Нет
305000,1,48,4,И. Сомони,Новостройка,Без ремонта (коробка),Раздельный,Есть,На стадии строительства,Нет
305000,2,63,4,Другое,Новостройка,Без ремонта (коробка),Раздельный,Нет,На стадии строительства,Есть
305000,2,66,8,Другое,Новостройка,Без ремонта (коробка),Раздельный,Нет,На стадии строительства,Нет
305000,2,54,2,Другое,Новостройка,Без ремонта (коробка),Раздельный,Нет,На стадии строительства,Есть
305000,2,58,9,Другое,Новостройка,Без ремонта (коробка),Раздельный,Нет,На стадии строительства,Нет
305000,1,38,1,Сино,Новостройка,Без ремонта (коробка),Раздельный,Нет,На стадии строительства,Нет
305000,2,75,8,Сино,Новостройка,Без ремонта (коробка),Совмещенный,Есть,На стадии строительства,Нет
305000,1,50,6,И. Сомони,Новостройка,Без ремонта (коробка),Раздельный,Есть,На стадии строительства,Нет
305000,2,38,1,Сино,Новостройка,Без ремонта (коробка),Раздельный,Нет,На стадии строительства,Нет
305000,1,51,12,Другое,Новостройка,Без ремонта (коробка),Раздельный,Нет,Построено,Нет
305000,2,55,15,Другое,Новостройка,Без ремонта (коробка),Раздельный,Есть,Построено,Нет
305000,2,78,7,Другое,Новостройка,Без ремонта (коробка),Раздельный,Нет,На стадии строительства,Нет
305000,2,60,8,Другое,Новостройка,Без ремонта (коробка),Раздельный,Нет,Построено,Нет
305000,2,55,9,Сино,Новостройка,Без ремонта (коробка),Совмещенный,Нет,Построено,Нет
305000,2,38,4,Сино,Вторичный рынок,С ремонтом,Совмещенный,Нет,Построено,Есть
305000,2,61,2,Другое,Новостройка,Без ремонта (коробка),Раздельный,Нет,Построено,Нет
305000,2,61,6,Другое,Новостройка,Без ремонта (коробка),Раздельный,Нет,Построено,Нет
305000,2,45,2,Сино,Вторичный рынок,С ремонтом,Совмещенный,Нет,Построено,Есть
305999,2,61,9,Сино,Новостройка,Без ремонта (коробка),Раздельный,Нет,Построено,Есть
305999,2,61,8,Сино,Новостройка,Без ремонта (коробка),Раздельный,Нет,Построено,Есть
306000,2,61,7,Сино,Новостройка,Без ремонта (коробка),Раздельный,Нет,Построено,Нет
306000,1,42,5,Сино,Новостройка,Новый ремонт,Совмещенный,Нет,Построено,Нет
306000,2,68,7,Сино,Вторичный рынок,С ремонтом,Раздельный,Нет,Построено,Нет
306600,2,73,11,Другое,Новостройка,Без ремонта (коробка),Раздельный,Нет,Построено,Нет
306900,2,66,5,Сино,Новостройка,Без ремонта (коробка),Раздельный,Нет,На стадии строительства,Нет
306900,1,66,6,Сино,Новостройка,Без ремонта (коробка),Раздельный,Нет,На стадии строительства,Нет
306900,2,66,4,Сино,Новостройка,Без ремонта (коробка),Раздельный,Нет,На стадии строительства,Нет
307000,1,60,10,Сино,Новостройка,Без ремонта (коробка),Совмещенный,Нет,Построено,Нет
307400,2,58,2,Другое,Новостройка,Без ремонта (коробка),Раздельный,Есть,На стадии строительства,Нет
308000,2,75,2,Другое,Новостройка,Без ремонта (коробка),Раздельный,Нет,На стадии строительства,Нет
308000,2,56,7,Другое,Новостройка,Без ремонта (коробка),Совмещенный,Нет,Построено,Нет
308000,1,44,9,Сино,Новостройка,Без ремонта (коробка),Раздельный,Нет,На стадии строительства,Нет
308000,2,67,11,Другое,Новостройка,Без ремонта (коробка),Совмещенный,Нет,На стадии строительства,Нет
308000,2,72,3,Другое,Новостройка,Без ремонта (коробка),Совмещенный,Нет,Построено,Нет
308000,2,60,9,Сино,Новостройка,Без ремонта (коробка),Совмещенный,Нет,Построено,Нет
308000,1,50,8,И. Сомони,Новостройка,Без ремонта (коробка),Раздельный,Есть,На стадии строительства,Нет
309000,2,60,12,Другое,Новостройка,Без ремонта (коробка),Раздельный,Нет,На стадии строительства,Есть
309000,1,24,2,Другое,Вторичный рынок,С ремонтом,Совмещенный,Есть,Построено,Есть
309000,2,58,10,Другое,Новостройка,Без ремонта (коробка),Раздельный,Нет,Построено,Нет
309600,3,68,7,Другое,Новостройка,Без ремонта (коробка),Раздельный,Нет,Построено,Нет
310000,2,42,1,Другое,Вторичный рынок,Новый ремонт,Раздельный,Нет,Построено,Есть
310000,2,66,5,Сино,Новостройка,Без ремонта (коробка),Раздельный,Нет,На стадии строительства,Нет
310000,2,67,7,Другое,Новостройка,Без ремонта (коробка),Раздельный,Нет,Построено,Нет
310000,1,48,6,Другое,Новостройка,Новый ремонт,Раздельный,Нет,Построено,Есть
310000,1,42,1,Сино,Вторичный рынок,С ремонтом,Совмещенный,Нет,Построено,Есть
310000,2,58,3,Другое,Новостройка,Без ремонта (коробка),Совмещенный,Нет,Построено,Есть
310000,1,62,2,Сино,Новостройка,Без ремонта (коробка),Совмещенный,Нет,Построено,Нет
310000,1,49,3,Другое,Новостройка,Без ремонта (коробка),Раздельный,Нет,Построено,Есть
310000,2,62,2,Сино,Новостройка,Без ремонта (коробка),Совмещенный,Нет,Построено,Нет
310000,2,70,7,Другое,Вторичный рынок,Без ремонта (коробка),Раздельный,Нет,На стадии строительства,Нет
310000,2,66,5,И. Сомони,Новостройка,Без ремонта (коробка),Раздельный,Нет,На стадии строительства,Нет
310000,2,66,3,Сино,Новостройка,Без ремонта (коробка),Раздельный,Нет,На стадии строительства,Нет
310000,2,55,12,Другое,Новостройка,Без ремонта (коробка),Раздельный,Нет,Построено,Есть
310000,1,41,11,Сино,Новостройка,С ремонтом,Раздельный,Нет,Построено,Нет
310000,1,53,9,Сино,Новостройка,Без ремонта (коробка),Раздельный,Есть,Построено,Есть
310000,1,53,8,Сино,Новостройка,Без ремонта (коробка),Раздельный,Нет,Построено,Есть
310000,2,62,7,Другое,Новостройка,Без ремонта (коробка),Совмещенный,Нет,Построено,Нет
310000,2,61,8,Сино,Новостройка,Без ремонта (коробка),Совмещенный,Нет,Построено,Нет
310000,2,58,3,Другое,Новостройка,Без ремонта (коробка),Раздельный,Нет,Построено,Есть
310000,2,63,9,Сино,Новостройка,Без ремонта (коробка),Раздельный,Нет,На стадии строительства,Нет
310000,2,72,6,Другое,Новостройка,С ремонтом,Раздельный,Нет,Построено,Нет
310000,2,53,2,Другое,Новостройка,Без ремонта (коробка),Совмещенный,Нет,Построено,Нет
310000,2,58,5,Сино,Новостройка,Без ремонта (коробка),Совмещенный,Нет,На стадии строительства,Нет
310000,2,56,2,Другое,Новостройка,Без ремонта (коробка),Совмещенный,Нет,На стадии строительства,Нет
310000,2,57,15,Другое,Новостройка,Без ремонта (коробка),Раздельный,Есть,Построено,Нет
310000,1,53,13,И. Сомони,Новостройка,Без ремонта (коробка),Раздельный,Есть,На стадии строительства,Нет
310000,2,44,1,Сино,Вторичный рынок,С ремонтом,Совмещенный,Нет,Построено,Есть
310000,2,55,2,Другое,Вторичный рынок,С ремонтом,Раздельный,Нет,Построено,Есть
310000,2,66,5,Другое,Новостройка,Без ремонта (коробка),Раздельный,Нет,На стадии строительства,Нет
310000,2,66,3,Другое,Новостройка,Без ремонта (коробка),Раздельный,Нет,На стадии строительства,Нет
310000,2,66,4,Сино,Новостройка,Без ремонта (коробка),Раздельный,Нет,На стадии строительства,Нет
310000,2,64,5,Другое,Новостройка,Без ремонта (коробка),Раздельный,Нет,На стадии строительства,Нет
310000,3,62,3,Другое,Новостройка,Без ремонта (коробка),Раздельный,Нет,Построено,Есть
310000,1,38,4,Другое,Вторичный рынок,Новый ремонт,Раздельный,Есть,Построено,Есть
310000,2,82,9,Другое,Новостройка,Без ремонта (коробка),Раздельный,Нет,На стадии строительства,Нет
310000,2,47,7,Другое,Новостройка,С ремонтом,Раздельный,Нет,Построено,Есть
310000,1,55,4,Другое,Новостройка,Без ремонта (коробка),Раздельный,Нет,На стадии строительства,Нет
310000,2,70,8,Сино,Новостройка,Без ремонта (коробка),Совмещенный,Нет,Построено,Нет
310000,2,76,12,Другое,Новостройка,Без ремонта (коробка),Раздельный,Нет,Построено,Нет
310000,2,52,4,Другое,Вторичный рынок,С ремонтом,Раздельный,Нет,Построено,Есть
310000,2,60,9,Сино,Новостройка,Без ремонта (коробка),Совмещенный,Нет,Построено,Нет
310000,1,54,5,Сино,Новостройка,Без ремонта (коробка),Совмещенный,Есть,На стадии строительства,Нет
310000,1,18,2,Фирдавси,Вторичный рынок,С ремонтом,Совмещенный,Есть,Построено,Есть
310200,2,66,5,И. Сомони,Новостройка,Без ремонта (коробка),Раздельный,Нет,На стадии строительства,Нет
310500,2,69,5,Другое,Новостройка,Без ремонта (коробка),Совмещенный,Нет,На стадии строительства,Нет
312000,1,66,5,Сино,Новостройка,Без ремонта (коробка),Раздельный,Есть,На стадии строительства,Есть
313000,1,48,4,И. Сомони,Новостройка,Без ремонта (коробка),Совмещенный,Есть,На стадии строительства,Нет
313000,1,48,4,И. Сомони,Новостройка,Без ремонта (коробка),Раздельный,Есть,На стадии строительства,Нет
313000,1,47,4,И. Сомони,Новостройка,Без ремонта (коробка),Раздельный,Есть,На стадии строительства,Нет
313000,2,74,12,Другое,Новостройка,Без ремонта (коробка),Раздельный,Нет,На стадии строительства,Есть
313000,1,57,17,И. Сомони,Новостройка,Без ремонта (коробка),Раздельный,Нет,Построено,Нет
313000,1,32,13,Сино,Новостройка,Новый ремонт,Совмещенный,Нет,Построено,Нет
313500,2,90,4,Другое,Новостройка,Без ремонта (коробка),Раздельный,Нет,На стадии строительства,Нет
313999,1,60,10,Сино,Новостройка,С ремонтом,Совмещенный,Нет,Построено,Нет
314000,1,48,9,И. Сомони,Новостройка,Без ремонта (коробка),Совмещенный,Есть,На стадии строительства,Нет
314000,1,50,6,Шохмансур,Новостройка,Без ремонта (коробка),Раздельный,Есть,На стадии строительства,Нет
314200,2,72,2,Другое,Новостройка,Без ремонта (коробка),Раздельный,Нет,На стадии строительства,Нет
314200,1,50,4,И. Сомони,Новостройка,Без ремонта (коробка),Раздельный,Есть,На стадии строительства,Нет
315000,1,60,8,Сино,Новостройка,Без ремонта (коробка),Совмещенный,Есть,На стадии строительства,Нет
315000,2,62,7,Другое,Новостройка,Без ремонта (коробка),Раздельный,Нет,Построено,Есть
315000,1,43,10,Другое,Новостройка,Без ремонта (коробка),Совмещенный,Нет,Построено,Нет
315000,2,63,2,Другое,Новостройка,Без ремонта (коробка),Совмещенный,Нет,Построено,Нет
315000,1,50,10,И. Сомони,Новостройка,Без ремонта (коробка),Раздельный,Есть,На стадии строительства,Нет
315000,2,42,7,Другое,Новостройка,Новый ремонт,Раздельный,Нет,Построено,Есть
315000,2,47,6,Другое,Новостройка,Без ремонта (коробка),Совмещенный,Нет,Построено,Нет
315000,2,62,2,Сино,Новостройка,Без ремонта (коробка),Совмещенный,Нет,Построено,Нет
315000,2,60,5,Другое,Новостройка,Новый ремонт,Совмещенный,Есть,Построено,Есть
315000,2,55,7,Другое,Новостройка,Без ремонта (коробка),Совмещенный,Нет,Построено,Есть
315000,3,71,1,Сино,Новостройка,Без ремонта (коробка),Раздельный,Нет,На стадии строительства,Нет
315000,1,61,8,Сино,Новостройка,Без ремонта (коробка),Совмещенный,Нет,Построено,Нет
315000,3,80,10,Другое,Новостройка,Без ремонта (коробка),Раздельный,Нет,Построено,Нет
315000,2,75,10,Другое,Новостройка,Без ремонта (коробка),Совмещенный,Нет,На стадии строительства,Нет
315000,1,42,3,Сино,Вторичный рынок,С ремонтом,Совмещенный,Нет,Построено,Есть
315000,2,36,1,И. Сомони,Вторичный рынок,Новый ремонт,Раздельный,Нет,Построено,Есть
315000,2,51,1,Сино,Вторичный рынок,С ремонтом,Совмещенный,Нет,Построено,Есть
315000,2,67,3,Сино,Новостройка,Без ремонта (коробка),Раздельный,Нет,На стадии строительства,Нет
315000,1,42,1,Другое,Новостройка,Новый ремонт,Раздельный,Нет,Построено,Есть
315000,2,76,10,Другое,Новостройка,Без ремонта (коробка),Раздельный,Есть,На стадии строительства,Есть
316000,2,72,6,Другое,Новостройка,С ремонтом,Раздельный,Нет,Построено,Есть
316000,2,71,7,Сино,Новостройка,Без ремонта (коробка),Совмещенный,Нет,На стадии строительства,Нет
316000,2,45,4,Другое,Новостройка,Без ремонта (коробка),Раздельный,Нет,Построено,Есть
317000,2,42,1,Сино,Вторичный рынок,Без ремонта (коробка),Раздельный,Есть,Построено,Есть
317000,2,44,1,Сино,Вторичный рынок,Без ремонта (коробка),Раздельный,Есть,Построено,Есть
317000,1,50,6,И. Сомони,Новостройка,Без ремонта (коробка),Раздельный,Есть,На стадии строительства,Нет
318000,2,74,5,Сино,Новостройка,Без ремонта (коробка),Совмещенный,Нет,На стадии строительства,Нет
318000,2,62,7,Другое,Новостройка,Новый ремонт,Раздельный,Нет,Построено,Есть
319000,1,48,3,Другое,Новостройка,С ремонтом,Совмещенный,Нет,Построено,Есть
319000,2,76,4,Другое,Новостройка,Без ремонта (коробка),Раздельный,Нет,На стадии строительства,Нет
319000,2,70,5,Сино,Новостройка,Без ремонта (коробка),Раздельный,Нет,Построено,Есть
319000,2,60,9,Другое,Новостройка,Без ремонта (коробка),Раздельный,Нет,Построено,Нет
319000,2,65,5,Другое,Новостройка,Без ремонта (коробка),Раздельный,Нет,Построено,Нет
319500,2,71,6,Сино,Новостройка,Без ремонта (коробка),Совмещенный,Нет,Построено,Нет
319999,2,57,9,Сино,Вторичный рынок,С ремонтом,Раздельный,Нет,Построено,Есть
320000,1,66,9,Сино,Новостройка,Без ремонта (коробка),Раздельный,Нет,Построено,Нет
320000,1,25,5,Сино,Вторичный рынок,С ремонтом,Совмещенный,Есть,Построено,Есть
320000,2,63,13,Сино,Новостройка,Без ремонта (коробка),Раздельный,Нет,На стадии строительства,Нет
320000,2,55,3,Другое,Новостройка,Без ремонта (коробка),Раздельный,Нет,На стадии строительства,Нет
320000,2,58,10,Другое,Новостройка,Без ремонта (коробка),Совмещенный,Нет,На стадии строительства,Нет
320000,3,80,12,Сино,Новостройка,Без ремонта (коробка),Раздельный,Нет,На стадии строительства,Нет
320000,1,31,5,Сино,Вторичный рынок,С ремонтом,Раздельный,Нет,Построено,Есть
320000,2,44,2,Другое,Новостройка,Без ремонта (коробка),Совмещенный,Нет,Построено,Нет
320000,2,63,6,Другое,Новостройка,Без ремонта (коробка),Раздельный,Нет,Построено,Нет
320000,2,44,19,Сино,Новостройка,Без ремонта (коробка),Раздельный,Есть,Построено,Нет
320000,1,44,4,Сино,Новостройка,Без ремонта (коробка),Раздельный,Нет,На стадии строительства,Нет
320000,1,50,7,И. Сомони,Новостройка,Без ремонта (коробка),Раздельный,Есть,На стадии строительства,Нет
320000,2,66,4,Другое,Новостройка,Без ремонта (коробка),Раздельный,Нет,Построено,Нет
320000,2,53,5,Другое,Новостройка,Без ремонта (коробка),Раздельный,Есть,Построено,Есть
320000,1,43,6,Сино,Новостройка,Новый ремонт,Раздельный,Есть,Построено,Есть
320000,1,61,16,Другое,Новостройка,Без ремонта (коробка),Раздельный,Есть,На стадии строительства,Нет
320000,2,61,4,Другое,Новостройка,Без ремонта (коробка),Раздельный,Есть,Построено,Нет
320000,2,50,3,Другое,Вторичный рынок,Новый ремонт,Совмещенный,Нет,Построено,Есть
320000,2,53,3,И. Сомони,Новостройка,Без ремонта (коробка),Раздельный,Нет,На стадии строительства,Есть
320000,2,68,4,Сино,Новостройка,Без ремонта (коробка),Раздельный,Нет,На стадии строительства,Нет
320000,2,70,5,Другое,Новостройка,Без ремонта (коробка),Совмещенный,Нет,На стадии строительства,Нет
320000,2,66,7,Другое,Новостройка,Без ремонта (коробка),Раздельный,Нет,Построено,Нет
320000,2,75,7,Другое,Новостройка,Без ремонта (коробка),Раздельный,Нет,На стадии строительства,Нет
320000,1,36,6,Сино,Вторичный рынок,С ремонтом,Совмещенный,Нет,Построено,Есть
320000,2,75,7,Сино,Новостройка,Без ремонта (коробка),Раздельный,Нет,На стадии строительства,Нет
320000,2,69,3,Другое,Новостройка,Без ремонта (коробка),Совмещенный,Нет,Построено,Нет
320000,1,46,13,Другое,Новостройка,Без ремонта (коробка),Совмещенный,Есть,На стадии строительства,Нет
320000,2,53,2,Другое,Новостройка,Без ремонта (коробка),Совмещенный,Нет,На стадии строительства,Нет
320000,2,70,8,Другое,Новостройка,Без ремонта (коробка),Раздельный,Нет,Построено,Нет
320000,3,88,13,Другое,Новостройка,Без ремонта (коробка),Раздельный,Нет,На стадии строительства,Есть
320000,1,43,9,Другое,Новостройка,Без ремонта (коробка),Совмещенный,Нет,На стадии строительства,Нет
320000,1,62,1,Другое,Вторичный рынок,С ремонтом,Раздельный,Нет,Построено,Есть
320000,2,54,7,Сино,Новостройка,Без ремонта (коробка),Раздельный,Нет,На стадии строительства,Нет
320000,3,71,1,Сино,Новостройка,Без ремонта (коробка),Раздельный,Нет,Построено,Нет
320000,1,55,11,Другое,Новостройка,Без ремонта (коробка),Раздельный,Есть,Построено,Нет
320000,2,70,2,Другое,Новостройка,Без ремонта (коробка),Совмещенный,Нет,На стадии строительства,Нет
320000,4,89,4,Другое,Вторичный рынок,С ремонтом,Раздельный,Нет,Построено,Есть
320000,1,48,7,И. Сомони,Новостройка,Без ремонта (коробка),Совмещенный,Есть,На стадии строительства,Нет
320000,2,51,7,Другое,Новостройка,Без ремонта (коробка),Совмещенный,Нет,Построено,Нет
320000,1,48,8,И. Сомони,Новостройка,Без ремонта (коробка),Раздельный,Есть,На стадии строительства,Нет
320000,2,73,1,Другое,Новостройка,Без ремонта (коробка),Раздельный,Нет,На стадии строительства,Нет
320000,4,111,7,Другое,Вторичный рынок,Без ремонта (коробка),Раздельный,Нет,Построено,Есть
320000,3,72,3,Другое,Новостройка,Без ремонта (коробка),Раздельный,Нет,Построено,Нет
320000,2,48,10,Другое,Новостройка,Без ремонта (коробка),Раздельный,Нет,Построено,Нет
320000,2,102,8,Сино,Новостройка,Без ремонта (коробка),Раздельный,Нет,На стадии строительства,Нет
320000,2,52,1,Другое,Новостройка,Без ремонта (коробка),Раздельный,Нет,На стадии строительства,Нет
320000,2,60,7,И. Сомони,Новостройка,Без ремонта (коробка),Совмещенный,Нет,На стадии строительства,Нет
320000,2,69,3,Другое,Новостройка,Без ремонта (коробка),Совмещенный,Нет,На стадии строительства,Нет
320000,2,51,7,Другое,Новостройка,Новый ремонт,Раздельный,Нет,Построено,Нет
320500,3,86,11,Сино,Новостройка,Без ремонта (коробка),Раздельный,Нет,Построено,Есть
320850,2,69,4,Сино,Новостройка,Без ремонта (коробка),Раздельный,Нет,На стадии строительства,Нет
320999,2,67,9,Другое,Новостройка,Без ремонта (коробка),Раздельный,Нет,Построено,Нет
321000,1,48,9,И. Сомони,Новостройка,Без ремонта (коробка),Раздельный,Есть,На стадии строительства,Нет
321000,1,48,9,И. Сомони,Новостройка,Без ремонта (коробка),Совмещенный,Есть,На стадии строительства,Нет
321000,1,49,11,Другое,Новостройка,Без ремонта (коробка),Совмещенный,Нет,На стадии строительства,Нет
321000,2,53,6,И. Сомони,Новостройка,Без ремонта (коробка),Раздельный,Есть,На стадии строительства,Нет
321000,2,53,11,Сино,Новостройка,Без ремонта (коробка),Раздельный,Есть,На стадии строительства,Нет
322000,2,50,3,Другое,Новостройка,Без ремонта (коробка),Раздельный,Нет,На стадии строительства,Нет
322000,2,52,1,Другое,Вторичный рынок,С ремонтом,Раздельный,Нет,Построено,Есть
322000,2,73,6,Другое,Новостройка,Без ремонта (коробка),Раздельный,Есть,На стадии строительства,Нет
322500,2,53,7,И. Сомони,Новостройка,Без ремонта (коробка),Раздельный,Есть,На стадии строительства,Нет
322500,1,53,6,И. Сомони,Новостройка,Без ремонта (коробка),Раздельный,Есть,На стадии строительства,Нет
322500,2,53,4,И. Сомони,Новостройка,Без ремонта (коробка),Раздельный,Есть,На стадии строительства,Нет
322500,2,53,6,И. Сомони,Новостройка,Без ремонта (коробка),Раздельный,Есть,На стадии строительства,Нет
323000,1,67,9,Сино,Новостройка,Без ремонта (коробка),Совмещенный,Нет,Построено,Нет
323000,2,69,3,Сино,Новостройка,Без ремонта (коробка),Раздельный,Нет,На стадии строительства,Нет
323000,1,48,9,И. Сомони,Новостройка,Без ремонта (коробка),Совмещенный,Есть,На стадии строительства,Нет
323200,2,62,2,Другое,Новостройка,Без ремонта (коробка),Раздельный,Есть,На стадии строительства,Нет
323200,2,61,2,Другое,Новостройка,Без ремонта (коробка),Раздельный,Есть,На стадии строительства,Нет
323400,2,69,2,Сино,Новостройка,Без ремонта (коробка),Раздельный,Нет,На стадии строительства,Нет
323770,1,69,7,Сино,Новостройка,Без ремонта (коробка),Совмещенный,Нет,На стадии строительства,Нет
323999,2,67,9,Сино,Новостройка,Без ремонта (коробка),Совмещенный,Нет,Построено,Нет
323999,2,67,9,Сино,Новостройка,Без ремонта (коробка),Раздельный,Нет,Построено,Нет
324000,2,72,3,Другое,Новостройка,Без ремонта (коробка),Раздельный,Нет,Построено,Нет
324000,2,72,4,Сино,Новостройка,Без ремонта (коробка),Раздельный,Нет,Построено,Нет
324000,1,50,8,Другое,Новостройка,Без ремонта (коробка),Совмещенный,Нет,Построено,Нет
324225,2,65,2,Другое,Новостройка,Без ремонта (коробка),Раздельный,Нет,На стадии строительства,Есть
324400,2,61,2,Другое,Новостройка,Без ремонта (коробка),Раздельный,Есть,На стадии строительства,Нет
325000,2,69,4,Сино,Новостройка,Без ремонта (коробка),Раздельный,Нет,На стадии строительства,Нет
325000,1,25,2,Другое,Вторичный рынок,С ремонтом,Совмещенный,Есть,Построено,Есть
325000,2,53,5,Другое,Новостройка,Без ремонта (коробка),Совмещенный,Нет,Построено,Есть
325000,1,67,9,Сино,Новостройка,Без ремонта (коробка),Совмещенный,Нет,Построено,Нет
325000,2,72,4,Другое,Новостройка,Без ремонта (коробка),Раздельный,Нет,На стадии строительства,Нет
325000,2,77,6,Другое,Новостройка,Без ремонта (коробка),Раздельный,Нет,Построено,Нет
325000,2,83,7,Другое,Новостройка,Без ремонта (коробка),Раздельный,Нет,На стадии строительства,Нет
325000,1,59,6,Сино,Новостройка,Без ремонта (коробка),Совмещенный,Нет,На стадии строительства,Нет
325000,1,57,15,И. Сомони,Новостройка,Без ремонта (коробка),Раздельный,Есть,На стадии строительства,Нет
325000,1,53,7,И. Сомони,Новостройка,Без ремонта (коробка),Раздельный,Есть,На стадии строительства,Нет
325000,1,40,3,Другое,Новостройка,Без ремонта (коробка),Совмещенный,Нет,Построено,Нет
325000,2,61,2,Другое,Новостройка,Без ремонта (коробка),Раздельный,Нет,На стадии строительства,Нет
325000,1,40,3,Другое,Новостройка,Без ремонта (коробка),Совмещенный,Нет,На стадии строительства,Нет
325000,1,57,15,Другое,Новостройка,Без ремонта (коробка),Раздельный,Есть,На стадии строительства,Нет
325000,1,50,8,И. Сомони,Новостройка,Без ремонта (коробка),Раздельный,Есть,На стадии строительства,Нет
325000,2,75,6,Другое,Новостройка,Без ремонта (коробка),Раздельный,Нет,Построено,Нет
325000,1,45,4,Другое,Вторичный рынок,С ремонтом,Совмещенный,Есть,Построено,Есть
325000,1,42,3,Другое,Вторичный рынок,С ремонтом,Совмещенный,Нет,Построено,Есть
325000,3,69,12,Другое,Новостройка,Без ремонта (коробка),Совмещенный,Есть,Построено,Нет
325000,2,65,4,Сино,Новостройка,Без ремонта (коробка),Совмещенный,Нет,На стадии строительства,Нет
325000,1,59,2,Сино,Новостройка,Без ремонта (коробка),Совмещенный,Нет,На стадии строительства,Нет
325000,1,59,3,Сино,Новостройка,Без ремонта (коробка),Совмещенный,Нет,На стадии строительства,Нет
325000,1,71,8,Другое,Новостройка,Без ремонта (коробка),Совмещенный,Нет,Построено,Нет
325000,2,48,1,Сино,Вторичный рынок,С ремонтом,Совмещенный,Нет,Построено,Есть
325000,2,53,2,Другое,Новостройка,Без ремонта (коробка),Совмещенный,Нет,На стадии строительства,Нет
325000,2,51,10,Другое,Новостройка,Без ремонта (коробка),Раздельный,Нет,Построено,Нет
325000,1,55,11,Фирдавси,Новостройка,Без ремонта (коробка),Совмещенный,Нет,На стадии строительства,Нет
325000,1,59,4,Сино,Новостройка,Без ремонта (коробка),Совмещенный,Нет,На стадии строительства,Нет
325000,2,80,6,Другое,Новостройка,Без ремонта (коробка),Раздельный,Нет,Построено,Нет
325000,2,50,8,Сино,Новостройка,Без ремонта (коробка),Совмещенный,Нет,Построено,Нет
325000,1,59,7,Сино,Новостройка,Без ремонта (коробка),Совмещенный,Нет,На стадии строительства,Нет
325000,1,40,3,Другое,Новостройка,Без ремонта (коробка),Совмещенный,Есть,На стадии строительства,Нет
325036,1,55,1,Другое,Новостройка,Без ремонта (коробка),Раздельный,Нет,Построено,Нет
325990,2,51,9,Сино,Новостройка,Без ремонта (коробка),Раздельный,Есть,На стадии строительства,Нет
326000,1,53,13,И. Сомони,Новостройка,Без ремонта (коробка),Раздельный,Есть,На стадии строительства,Нет
326000,1,52,8,И. Сомони,Новостройка,Без ремонта (коробка),Раздельный,Есть,На стадии строительства,Нет
326000,1,53,4,И. Сомони,Новостройка,Без ремонта (коробка),Раздельный,Есть,На стадии строительства,Нет
326000,1,53,6,И. Сомони,Новостройка,Без ремонта (коробка),Раздельный,Есть,На стадии строительства,Нет
326000,2,83,8,Другое,Новостройка,Без ремонта (коробка),Раздельный,Нет,На стадии строительства,Нет
327000,1,50,6,И. Сомони,Новостройка,Без ремонта (коробка),Раздельный,Есть,На стадии строительства,Нет
327000,2,70,8,Сино,Новостройка,Без ремонта (коробка),Раздельный,Нет,На стадии строительства,Нет
327000,1,53,6,И. Сомони,Новостройка,Без ремонта (коробка),Раздельный,Есть,На стадии строительства,Нет
328000,2,55,3,Другое,Новостройка,Новый ремонт,Раздельный,Нет,Построено,Есть
328000,1,50,4,И. Сомони,Новостройка,Без ремонта (коробка),Раздельный,Есть,На стадии строительства,Нет
328036,1,55,2,Другое,Новостройка,Без ремонта (коробка),Раздельный,Нет,Построено,Нет
328200,2,62,2,Другое,Новостройка,Без ремонта (коробка),Раздельный,Есть,На стадии строительства,Нет
328500,2,73,7,Другое,Новостройка,Без ремонта (коробка),Раздельный,Нет,На стадии строительства,Нет
329000,2,59,15,И. Сомони,Новостройка,Без ремонта (коробка),Раздельный,Есть,На стадии строительства,Нет
329000,2,75,7,Сино,Новостройка,Без ремонта (коробка),Раздельный,Нет,На стадии строительства,Нет
329000,3,77,3,Другое,Новостройка,Без ремонта (коробка),Раздельный,Нет,На стадии строительства,Есть
329000,2,46,6,Другое,Новостройка,Без ремонта (коробка),Совмещенный,Есть,Построено,Есть
329000,2,61,17,И. Сомони,Новостройка,Без ремонта (коробка),Раздельный,Есть,Построено,Нет
329369,1,55,3,Другое,Новостройка,Без ремонта (коробка),Совмещенный,Нет,Построено,Нет
330000,2,83,6,Сино,Новостройка,Без ремонта (коробка),Раздельный,Нет,На стадии строительства,Нет
330000,2,65,6,Другое,Новостройка,С ремонтом,Совмещенный,Нет,Построено,Есть
330000,2,1234,5,Другое,Вторичный рынок,С ремонтом,Раздельный,Нет,Построено,Есть
330000,3,67,14,Другое,Новостройка,Без ремонта (коробка),Раздельный,Нет,Построено,Нет
330000,2,86,6,Другое,Новостройка,Без ремонта (коробка),Раздельный,Нет,Построено,Есть
330000,3,78,1,Сино,Новостройка,Без ремонта (коробка),Раздельный,Нет,На стадии строительства,Нет
330000,1,55,2,И. Сомони,Новостройка,Без ремонта (коробка),Совмещенный,Нет,Построено,Нет
330000,2,120,1,Другое,Новостройка,Без ремонта (коробка),Раздельный,Нет,Построено,Нет
330000,2,56,6,Другое,Новостройка,С ремонтом,Раздельный,Нет,Построено,Есть
330000,1,27,2,Другое,Вторичный рынок,С ремонтом,Совмещенный,Нет,Построено,Есть
330000,2,57,9,Другое,Вторичный рынок,С ремонтом,Раздельный,Нет,Построено,Есть
330000,2,56,5,Другое,Вторичный рынок,С ремонтом,Раздельный,Есть,Построено,Есть
330000,1,49,2,Другое,Новостройка,Без ремонта (коробка),Совмещенный,Есть,Построено,Есть
330000,2,54,9,Другое,Новостройка,С ремонтом,Раздельный,Нет,Построено,Есть
330000,1,49,4,Другое,Новостройка,Без ремонта (коробка),Раздельный,Нет,Построено,Нет
330000,2,52,4,Другое,Вторичный рынок,Без ремонта (коробка),Раздельный,Нет,Построено,Есть
330000,2,87,8,Другое,Новостройка,Без ремонта (коробка),Раздельный,Есть,На стадии строительства,Нет
330000,2,77,10,И. Сомони,Новостройка,Без ремонта (коробка),Раздельный,Нет,На стадии строительства,Нет
330000,2,48,4,Другое,Вторичный рынок,С ремонтом,Совмещенный,Нет,Построено,Есть
330000,3,71,1,Сино,Новостройка,Без ремонта (коробка),Раздельный,Нет,На стадии строительства,Нет
330000,2,56,9,Другое,Новостройка,Без ремонта (коробка),Совмещенный,Нет,На стадии строительства,Нет
330000,2,44,8,Другое,Новостройка,С ремонтом,Совмещенный,Нет,Построено,Нет
330000,1,30,3,Сино,Новостройка,С ремонтом,Совмещенный,Нет,Построено,Есть
330000,2,65,10,Другое,Новостройка,Без ремонта (коробка),Раздельный,Нет,Построено,Нет
330000,2,48,2,Сино,Вторичный рынок,С ремонтом,Совмещенный,Нет,Построено,Есть
330000,2,44,19,Сино,Новостройка,С ремонтом,Совмещенный,Нет,На стадии строительства,Нет
330000,2,57,9,Сино,Вторичный рынок,С ремонтом,Раздельный,Нет,Построено,Есть
330000,2,63,3,Другое,Новостройка,Без ремонта (коробка),Раздельный,Нет,Построено,Нет
330000,1,46,9,Другое,Новостройка,Без ремонта (коробка),Совмещенный,Нет,Построено,Нет
330000,2,64,2,Другое,Новостройка,Без ремонта (коробка),Совмещенный,Нет,На стадии строительства,Нет
330000,2,83,5,Сино,Новостройка,Без ремонта (коробка),Раздельный,Есть,На стадии строительства,Нет
330000,2,71,9,Другое,Новостройка,Без ремонта (коробка),Раздельный,Есть,Построено,Нет
330000,2,47,4,Другое,Новостройка,Новый ремонт,Совмещенный,Нет,Построено,Есть
330000,2,65,10,Сино,Вторичный рынок,С ремонтом,Раздельный,Нет,Построено,Нет
330000,2,72,2,Сино,Новостройка,Без ремонта (коробка),Раздельный,Нет,На стадии строительства,Нет
330000,2,64,1,Другое,Новостройка,Без ремонта (коробка),Раздельный,Нет,Построено,Нет
330000,1,35,4,Другое,Вторичный рынок,С ремонтом,Совмещенный,Нет,Построено,Есть
330000,2,54,3,Другое,Новостройка,Без ремонта (коробка),Раздельный,Нет,На стадии строительства,Нет
331000,1,53,13,И. Сомони,Новостройка,Без ремонта (коробка),Раздельный,Есть,На стадии строительства,Нет
331000,2,71,8,Другое,Новостройка,Без ремонта (коробка),Раздельный,Нет,На стадии строительства,Нет
331650,2,67,4,Сино,Новостройка,Без ремонта (коробка),Раздельный,Нет,Построено,Нет
332000,1,53,4,И. Сомони,Новостройка,Без ремонта (коробка),Раздельный,Есть,На стадии строительства,Нет
332000,1,53,12,И. Сомони,Новостройка,Без ремонта (коробка),Раздельный,Есть,На стадии строительства,Нет
332000,1,52,4,И. Сомони,Новостройка,Без ремонта (коробка),Раздельный,Есть,На стадии строительства,Нет
332800,2,64,7,Другое,Новостройка,Без ремонта (коробка),Совмещенный,Нет,На стадии строительства,Нет
332832,1,55,10,Другое,Новостройка,Без ремонта (коробка),Раздельный,Нет,На стадии строительства,Нет
333000,2,43,8,Другое,Новостройка,Новый ремонт,Совмещенный,Нет,Построено,Нет
333000,1,53,7,И. Сомони,Новостройка,Без ремонта (коробка),Раздельный,Есть,На стадии строительства,Нет
333000,1,53,8,И. Сомони,Новостройка,Без ремонта (коробка),Раздельный,Есть,На стадии строительства,Нет
333000,2,65,11,Другое,Новостройка,Без ремонта (коробка),Раздельный,Нет,На стадии строительства,Нет
333000,2,66,9,Другое,Новостройка,Без ремонта (коробка),Раздельный,Нет,Построено,Нет
333000,2,60,3,Другое,Вторичный рынок,С ремонтом,Совмещенный,Нет,Построено,Есть
334800,2,72,7,Сино,Новостройка,Без ремонта (коробка),Раздельный,Нет,На стадии строительства,Нет
334800,1,48,6,Сино,Новостройка,Без ремонта (коробка),Раздельный,Есть,На стадии строительства,Есть
334800,1,48,5,Сино,Новостройка,Без ремонта (коробка),Раздельный,Есть,На стадии строительства,Есть
334800,1,48,4,Сино,Новостройка,Без ремонта (коробка),Раздельный,Есть,На стадии строительства,Есть
334800,1,48,7,Сино,Новостройка,Без ремонта (коробка),Раздельный,Есть,Построено,Есть
335000,2,72,8,Сино,Новостройка,Без ремонта (коробка),Раздельный,Нет,На стадии строительства,Нет
335000,2,72,7,Сино,Новостройка,Без ремонта (коробка),Раздельный,Нет,На стадии строительства,Нет
335000,2,50,4,Сино,Вторичный рынок,С ремонтом,Совмещенный,Нет,Построено,Есть
335000,2,50,6,Другое,Новостройка,Новый ремонт,Раздельный,Нет,Построено,Есть
335000,1,53,6,И. Сомони,Новостройка,Без ремонта (коробка),Раздельный,Есть,На стадии строительства,Нет
335000,2,60,3,Другое,Новостройка,Без ремонта (коробка),Раздельный,Нет,На стадии строительства,Нет
335000,2,74,13,Другое,Новостройка,Без ремонта (коробка),Совмещенный,Нет,На стадии строительства,Нет
335000,1,61,3,Другое,Новостройка,Без ремонта (коробка),Совмещенный,Нет,На стадии строительства,Нет
335000,2,47,12,И. Сомони,Новостройка,Без ремонта (коробка),Раздельный,Есть,На стадии строительства,Нет
335000,2,68,5,Сино,Новостройка,Без ремонта (коробка),Раздельный,Нет,Построено,Есть
335000,2,72,3,Другое,Новостройка,Без ремонта (коробка),Раздельный,Нет,На стадии строительства,Нет
335000,1,53,4,И. Сомони,Новостройка,Без ремонта (коробка),Раздельный,Есть,На стадии строительства,Нет
335000,2,85,6,Другое,Новостройка,Без ремонта (коробка),Раздельный,Нет,На стадии строительства,Есть
335000,2,62,8,Другое,Новостройка,Без ремонта (коробка),Раздельный,Нет,Построено,Есть
335000,1,60,13,Другое,Новостройка,Без ремонта (коробка),Совмещенный,Нет,Построено,Есть
335000,2,60,5,Другое,Новостройка,Без ремонта (коробка),Раздельный,Нет,Построено,Нет
335000,2,75,5,Сино,Новостройка,Без ремонта (коробка),Совмещенный,Есть,На стадии строительства,Нет
335000,2,54,9,Другое,Новостройка,Без ремонта (коробка),Раздельный,Нет,На стадии строительства,Нет
335000,2,60,10,Другое,Новостройка,Без ремонта (коробка),Раздельный,Нет,На стадии строительства,Есть
335000,2,84,6,Сино,Новостройка,Без ремонта (коробка),Раздельный,Нет,На стадии строительства,Нет
335000,2,60,3,Другое,Вторичный рынок,С ремонтом,Раздельный,Нет,Построено,Есть
335000,2,55,9,Сино,Новостройка,Без ремонта (коробка),Раздельный,Нет,Построено,Нет
335000,2,67,8,Другое,Новостройка,Без ремонта (коробка),Раздельный,Нет,На стадии строительства,Нет
335999,2,72,11,Другое,Новостройка,Без ремонта (коробка),Раздельный,Есть,На стадии строительства,Есть
336000,2,70,6,Другое,Новостройка,Без ремонта (коробка),Совмещенный,Есть,На стадии строительства,Нет
336000,1,53,4,И. Сомони,Новостройка,Без ремонта (коробка),Раздельный,Есть,На стадии строительства,Нет
336000,2,80,9,Сино,Новостройка,Без ремонта (коробка),Совмещенный,Нет,На стадии строительства,Нет
336000,2,69,2,Другое,Новостройка,Без ремонта (коробка),Раздельный,Нет,На стадии строительства,Нет
336000,2,72,7,Сино,Новостройка,Без ремонта (коробка),Раздельный,Нет,На стадии строительства,Нет
336000,1,50,9,И. Сомони,Новостройка,Без ремонта (коробка),Совмещенный,Есть,На стадии строительства,Нет
336050,1,51,8,И. Сомони,Новостройка,Без ремонта (коробка),Раздельный,Нет,На стадии строительства,Нет
337000,2,45,6,Другое,Новостройка,Новый ремонт,Совмещенный,Нет,Построено,Есть
337000,1,50,9,И. Сомони,Новостройка,Без ремонта (коробка),Раздельный,Есть,На стадии строительства,Нет
337700,2,63,2,Другое,Новостройка,Без ремонта (коробка),Раздельный,Есть,На стадии строительства,Нет
338000,3,68,8,Другое,Новостройка,С ремонтом,Раздельный,Нет,Построено,Есть
338000,2,72,4,Сино,Новостройка,Без ремонта (коробка),Раздельный,Нет,На стадии строительства,Нет
338000,2,65,4,Другое,Вторичный рынок,С ремонтом,Раздельный,Нет,Построено,Есть
338000,3,75,7,Другое,Новостройка,Новый ремонт,Раздельный,Нет,Построено,Есть
339000,2,69,12,Другое,Новостройка,Без ремонта (коробка),Раздельный,Нет,На стадии строительства,Нет
339000,2,54,9,Другое,Новостройка,Без ремонта (коробка),Раздельный,Нет,Построено,Нет
339000,2,78,7,Сино,Новостройка,Без ремонта (коробка),Раздельный,Нет,На стадии строительства,Нет
339000,3,66,10,Другое,Новостройка,Без ремонта (коробка),Раздельный,Нет,Построено,Нет
339400,2,66,9,И. Сомони,Новостройка,Без ремонта (коробка),Раздельный,Есть,На стадии строительства,Нет
339450,2,73,2,Другое,Новостройка,Без ремонта (коробка),Раздельный,Нет,На стадии строительства,Нет
339999,2,74,10,Сино,Новостройка,Без ремонта (коробка),Совмещенный,Нет,Построено,Есть
339999,2,66,7,Другое,Новостройка,Без ремонта (коробка),Раздельный,Нет,На стадии строительства,Нет
340000,2,53,3,Другое,Новостройка,Без ремонта (коробка),Раздельный,Нет,Построено,Нет
340000,1,40,20,Сино,Новостройка,Без ремонта (коробка),Совмещенный,Есть,На стадии строительства,Нет
340000,2,41,9,Другое,Новостройка,Новый ремонт,Раздельный,Нет,Построено,Нет
340000,1,50,9,И. Сомони,Новостройка,Без ремонта (коробка),Раздельный,Есть,На стадии строительства,Нет
340000,1,46,4,Другое,Новостройка,Новый ремонт,Раздельный,Нет,Построено,Есть
340000,1,47,14,Шохмансур,Новостройка,Без ремонта (коробка),Раздельный,Есть,На стадии строительства,Нет
340000,2,60,4,Другое,Новостройка,Без ремонта (коробка),Раздельный,Есть,Построено,Нет
340000,1,53,5,Другое,Новостройка,Без ремонта (коробка),Раздельный,Есть,На стадии строительства,Нет
340000,2,62,6,Другое,Новостройка,Новый ремонт,Раздельный,Нет,Построено,Есть
340000,1,52,11,И. Сомони,Новостройка,Без ремонта (коробка),Раздельный,Есть,На стадии строительства,Нет
340000,3,85,2,Сино,Новостройка,Без ремонта (коробка),Раздельный,Нет,На стадии строительства,Нет
340000,3,74,2,Другое,Новостройка,Без ремонта (коробка),Раздельный,Нет,На стадии строительства,Есть
340000,1,43,4,Другое,Вторичный рынок,Новый ремонт,Совмещенный,Есть,Построено,Есть
340000,2,70,3,Сино,Новостройка,Без ремонта (коробка),Раздельный,Нет,Построено,Нет
340000,1,42,6,И. Сомони,Новостройка,С ремонтом,Раздельный,Нет,Построено,Нет
340000,2,47,3,Другое,Новостройка,Без ремонта (коробка),Совмещенный,Нет,На стадии строительства,Нет
340000,2,66,8,Другое,Новостройка,Без ремонта (коробка),Раздельный,Нет,Построено,Нет
340000,1,54,5,Сино,Новостройка,Без ремонта (коробка),Раздельный,Нет,Построено,Есть
340000,2,86,4,Другое,Новостройка,Без ремонта (коробка),Совмещенный,Нет,Построено,Нет
340000,2,77,10,Сино,Новостройка,Без ремонта (коробка),Раздельный,Есть,На стадии строительства,Нет
340000,2,52,2,Другое,Новостройка,Без ремонта (коробка),Раздельный,Нет,На стадии строительства,Нет
340000,2,72,5,Сино,Новостройка,Без ремонта (коробка),Раздельный,Нет,Построено,Нет
340000,2,49,6,Другое,Новостройка,С ремонтом,Совмещенный,Нет,Построено,Есть
340000,1,40,1,Другое,Вторичный рынок,Новый ремонт,Совмещенный,Есть,Построено,Есть
340000,2,65,8,Другое,Новостройка,Без ремонта (коробка),Раздельный,Нет,На стадии строительства,Нет
340000,1,42,5,Сино,Новостройка,С ремонтом,Совмещенный,Есть,Построено,Нет
340000,2,64,9,И. Сомони,Новостройка,Без ремонта (коробка),Раздельный,Есть,На стадии строительства,Нет
340000,2,67,3,Другое,Новостройка,Без ремонта (коробка),Раздельный,Нет,Построено,Нет
340000,3,84,5,Другое,Вторичный рынок,Новый ремонт,Раздельный,Нет,Построено,Есть
340000,2,33,1,Другое,Вторичный рынок,С ремонтом,Раздельный,Нет,Построено,Есть
340000,2,45,2,Другое,Новостройка,Без ремонта (коробка),Раздельный,Нет,Построено,Нет
340000,2,73,1,Другое,Новостройка,Без ремонта (коробка),Раздельный,Нет,На стадии строительства,Нет
340000,2,70,4,Сино,Новостройка,Без ремонта (коробка),Раздельный,Нет,На стадии строительства,Есть
340000,2,46,1,Сино,Новостройка,С ремонтом,Раздельный,Нет,Построено,Есть
340000,1,55,2,Другое,Новостройка,Без ремонта (коробка),Совмещенный,Нет,На стадии строительства,Нет
340000,1,39,1,Другое,Новостройка,С ремонтом,Совмещенный,Нет,Построено,Есть
340000,2,38,4,Сино,Новостройка,С ремонтом,Совмещенный,Нет,Построено,Есть
340000,1,51,5,Сино,Новостройка,Без ремонта (коробка),Раздельный,Нет,Построено,Есть
340000,2,48,7,И. Сомони,Новостройка,Без ремонта (коробка),Раздельный,Есть,На стадии строительства,Нет
340000,2,40,6,Другое,Новостройка,Новый ремонт,Раздельный,Нет,Построено,Есть
340000,2,60,4,Сино,Новостройка,Без ремонта (коробка),Раздельный,Нет,На стадии строительства,Нет
340000,2,85,9,Другое,Новостройка,Без ремонта (коробка),Раздельный,Нет,На стадии строительства,Нет
340000,1,34,2,Сино,Вторичный рынок,С ремонтом,Совмещенный,Нет,Построено,Есть
342000,3,55,9,Другое,Новостройка,Без ремонта (коробка),Раздельный,Нет,На стадии строительства,Нет
343000,2,49,6,Сино,Новостройка,Без ремонта (коробка),Раздельный,Нет,Построено,Нет
343000,2,55,6,Другое,Новостройка,Без ремонта (коробка),Раздельный,Нет,На стадии строительства,Нет
343000,2,48,5,Другое,Новостройка,Без ремонта (коробка),Раздельный,Есть,Построено,Нет
344000,2,80,6,Другое,Новостройка,Без ремонта (коробка),Совмещенный,Нет,На стадии строительства,Нет
344000,1,50,8,И. Сомони,Новостройка,Без ремонта (коробка),Совмещенный,Нет,На стадии строительства,Нет
344000,1,50,8,Другое,Новостройка,Без ремонта (коробка),Совмещенный,Есть,На стадии строительства,Нет
345000,3,64,4,Другое,Вторичный рынок,С ремонтом,Раздельный,Нет,Построено,Есть
345000,3,68,10,Другое,Новостройка,Без ремонта (коробка),Раздельный,Нет,Построено,Нет
345000,2,66,4,И. Сомони,Новостройка,Без ремонта (коробка),Раздельный,Есть,На стадии строительства,Нет
345000,2,68,10,Другое,Новостройка,Без ремонта (коробка),Раздельный,Есть,Построено,Нет
345000,2,62,15,И. Сомони,Новостройка,Без ремонта (коробка),Раздельный,Есть,На стадии строительства,Нет
345000,2,55,2,Другое,Новостройка,Новый ремонт,Совмещенный,Нет,Построено,Есть
345000,2,50,4,Другое,Новостройка,Без ремонта (коробка),Раздельный,Нет,Построено,Нет
345000,2,57,8,Другое,Новостройка,Без ремонта (коробка),Совмещенный,Нет,Построено,Нет
345000,2,81,9,Другое,Новостройка,Без ремонта (коробка),Раздельный,Есть,Построено,Нет
345000,2,53,4,Сино,Вторичный рынок,С ремонтом,Раздельный,Нет,Построено,Есть
345000,2,63,6,Другое,Новостройка,Без ремонта (коробка),Раздельный,Нет,Построено,Есть
345000,2,53,12,Другое,Новостройка,Без ремонта (коробка),Совмещенный,Нет,Построено,Нет
345000,3,92,11,Другое,Новостройка,Без ремонта (коробка),Раздельный,Нет,На стадии строительства,Нет
345000,2,50,1,Сино,Вторичный рынок,С ремонтом,Совмещенный,Нет,Построено,Нет
345000,2,66,7,И. Сомони,Новостройка,Без ремонта (коробка),Раздельный,Есть,На стадии строительства,Нет
345000,3,60,2,Другое,Новостройка,С ремонтом,Раздельный,Нет,Построено,Есть
345000,2,62,15,Другое,Новостройка,Без ремонта (коробка),Раздельный,Есть,На стадии строительства,Нет
345000,2,52,4,Другое,Вторичный рынок,С ремонтом,Раздельный,Нет,Построено,Есть
345000,1,53,8,И. Сомони,Новостройка,Без ремонта (коробка),Раздельный,Есть,На стадии строительства,Нет
345000,1,53,9,Сино,Новостройка,Без ремонта (коробка),Раздельный,Есть,На стадии строительства,Нет
345000,2,53,2,Другое,Новостройка,Новый ремонт,Раздельный,Нет,Построено,Есть
345000,1,64,8,И. Сомони,Новостройка,Без ремонта (коробка),Раздельный,Есть,На стадии строительства,Нет
345000,3,60,4,Другое,Новостройка,Новый ремонт,Совмещенный,Нет,Построено,Есть
345000,2,50,4,Другое,Новостройка,Новый ремонт,Совмещенный,Нет,Построено,Есть
345000,3,75,10,Сино,Новостройка,Без ремонта (коробка),Раздельный,Нет,Построено,Нет
345000,1,65,7,И. Сомони,Новостройка,Без ремонта (коробка),Раздельный,Есть,На стадии строительства,Нет
345000,2,75,5,Другое,Вторичный рынок,С ремонтом,Раздельный,Нет,Построено,Есть
345000,2,63,4,Сино,Новостройка,Без ремонта (коробка),Совмещенный,Нет,Построено,Есть
345000,2,42,9,Другое,Новостройка,Новый ремонт,Раздельный,Нет,Построено,Нет
345000,2,40,9,Другое,Новостройка,С ремонтом,Раздельный,Нет,Построено,Нет
345000,2,47,3,Другое,Новостройка,Без ремонта (коробка),Раздельный,Нет,Построено,Есть
345000,2,47,3,Сино,Вторичный рынок,С ремонтом,Совмещенный,Нет,Построено,Есть
345000,2,65,3,Другое,Вторичный рынок,С ремонтом,Раздельный,Нет,Построено,Есть
345680,1,56,14,Шохмансур,Новостройка,Без ремонта (коробка),Раздельный,Есть,На стадии строительства,Нет
346000,1,53,6,И. Сомони,Новостройка,Без ремонта (коробка),Раздельный,Есть,На стадии строительства,Нет
346000,2,92,1,Другое,Новостройка,Без ремонта (коробка),Раздельный,Нет,На стадии строительства,Нет
346000,2,65,4,И. Сомони,Новостройка,Без ремонта (коробка),Раздельный,Есть,На стадии строительства,Нет
346000,1,53,4,И. Сомони,Новостройка,Без ремонта (коробка),Раздельный,Есть,На стадии строительства,Нет
346000,1,54,6,Другое,Новостройка,Без ремонта (коробка),Совмещенный,Нет,Построено,Есть
346000,1,53,4,Другое,Новостройка,Без ремонта (коробка),Раздельный,Есть,На стадии строительства,Нет
347000,2,65,3,Другое,Новостройка,Без ремонта (коробка),Раздельный,Нет,Построено,Нет
347000,1,53,4,И. Сомони,Новостройка,Без ремонта (коробка),Раздельный,Есть,На стадии строительства,Нет
347000,2,59,2,Другое,Новостройка,Без ремонта (коробка),Раздельный,Нет,Построено,Нет
347000,2,69,12,Другое,Новостройка,Без ремонта (коробка),Раздельный,Нет,Построено,Нет
347000,1,52,4,И. Сомони,Новостройка,Без ремонта (коробка),Раздельный,Есть,На стадии строительства,Нет
347000,1,57,14,Шохмансур,Новостройка,Без ремонта (коробка),Раздельный,Есть,На стадии строительства,Нет
348000,2,82,10,Сино,Новостройка,Без ремонта (коробка),Раздельный,Нет,На стадии строительства,Нет
348000,2,48,4,Сино,Вторичный рынок,С ремонтом,Раздельный,Нет,Построено,Есть
348000,3,69,4,Другое,Новостройка,Без ремонта (коробка),Раздельный,Нет,На стадии строительства,Нет
348000,3,80,2,Другое,Новостройка,Без ремонта (коробка),Раздельный,Нет,Построено,Есть
348000,1,43,2,Другое,Новостройка,Новый ремонт,Раздельный,Нет,Построено,Нет
348000,2,46,1,Сино,Вторичный рынок,С ремонтом,Совмещенный,Нет,Построено,Есть
349000,2,75,8,Другое,Новостройка,Без ремонта (коробка),Раздельный,Нет,На стадии строительства,Нет
349000,2,60,5,Другое,Новостройка,Без ремонта (коробка),Раздельный,Нет,Построено,Нет
349000,2,75,10,Другое,Новостройка,Без ремонта (коробка),Раздельный,Нет,Построено,Нет
349000,2,48,2,Сино,Вторичный рынок,С ремонтом,Совмещенный,Нет,Построено,Есть
349000,2,52,1,Сино,Вторичный рынок,С ремонтом,Совмещенный,Нет,Построено,Есть
349000,2,37,8,Другое,Новостройка,Новый ремонт,Раздельный,Есть,Построено,Есть
349000,2,68,9,Другое,Новостройка,Без ремонта (коробка),Раздельный,Нет,На стадии строительства,Нет
349100,1,86,3,Другое,Новостройка,Без ремонта (коробка),Раздельный,Есть,На стадии строительства,Есть
349900,2,58,3,Другое,Новостройка,Без ремонта (коробка),Раздельный,Нет,Построено,Нет
349999,2,70,10,Сино,Новостройка,Без ремонта (коробка),Раздельный,Нет,Построено,Есть
349999,2,71,9,Сино,Новостройка,Без ремонта (коробка),Раздельный,Нет,Построено,Есть
350000,2,72,10,Другое,Новостройка,Без ремонта (коробка),Раздельный,Нет,На стадии строительства,Нет
350000,2,60,7,Другое,Вторичный рынок,С ремонтом,Раздельный,Нет,Построено,Есть
350000,2,68,2,Другое,Новостройка,Без ремонта (коробка),Раздельный,Есть,Построено,Нет
350000,2,68,10,Другое,Новостройка,Без ремонта (коробка),Раздельный,Нет,Построено,Нет
350000,2,58,6,Сино,Новостройка,Без ремонта (коробка),Совмещенный,Нет,Построено,Нет
350000,3,78,8,Другое,Новостройка,Без ремонта (коробка),Раздельный,Нет,Построено,Есть
350000,3,84,1,И. Сомони,Вторичный рынок,С ремонтом,Раздельный,Нет,Построено,Есть
350000,1,53,6,Другое,Новостройка,Без ремонта (коробка),Раздельный,Есть,На стадии строительства,Нет
350000,3,92,11,Другое,Новостройка,Без ремонта (коробка),Раздельный,Нет,На стадии строительства,Нет
350000,2,55,4,Другое,Новостройка,Без ремонта (коробка),Раздельный,Нет,Построено,Нет
350000,2,65,8,Фирдавси,Новостройка,Без ремонта (коробка),Раздельный,Нет,Построено,Нет
350000,2,74,5,Другое,Вторичный рынок,С ремонтом,Раздельный,Нет,Построено,Есть
350000,1,35,5,Сино,Вторичный рынок,С ремонтом,Раздельный,Нет,Построено,Есть
350000,2,64,7,Другое,Новостройка,Без ремонта (коробка),Совмещенный,Нет,На стадии строительства,Нет
350000,2,80,3,Другое,Новостройка,Без ремонта (коробка),Раздельный,Нет,Построено,Нет
350000,2,50,1,Другое,Вторичный рынок,С ремонтом,Совмещенный,Нет,Построено,Есть
350000,2,50,9,Другое,Новостройка,С ремонтом,Раздельный,Нет,Построено,Есть
350000,1,52,4,Сино,Новостройка,С ремонтом,Раздельный,Нет,Построено,Есть
350000,3,62,5,Сино,Новостройка,Без ремонта (коробка),Совмещенный,Нет,Построено,Есть
350000,2,72,4,Сино,Новостройка,Без ремонта (коробка),Раздельный,Нет,Построено,Есть
350000,2,53,9,И. Сомони,Новостройка,Без ремонта (коробка),Раздельный,Есть,На стадии строительства,Нет
350000,3,83,2,Другое,Вторичный рынок,С ремонтом,Раздельный,Нет,Построено,Есть
350000,2,54,1,Сино,Вторичный рынок,С ремонтом,Совмещенный,Нет,Построено,Есть
350000,1,58,7,Сино,Новостройка,Без ремонта (коробка),Совмещенный,Нет,Построено,Есть
350000,2,70,12,Другое,Новостройка,Без ремонта (коробка),Раздельный,Нет,Построено,Нет
350000,2,51,7,Другое,Новостройка,Без ремонта (коробка),Раздельный,Нет,На стадии строительства,Нет
350000,2,75,13,Другое,Новостройка,Без ремонта (коробка),Раздельный,Нет,Построено,Нет
350000,2,65,3,Другое,Новостройка,С ремонтом,Совмещенный,Нет,На стадии строительства,Есть
350000,1,49,9,Сино,Новостройка,Без ремонта (коробка),Раздельный,Нет,На стадии строительства,Нет
350000,2,60,2,Другое,Новостройка,Без ремонта (коробка),Раздельный,Есть,На стадии строительства,Нет
350000,2,56,4,Другое,Вторичный рынок,С ремонтом,Раздельный,Нет,Построено,Есть
350000,3,63,5,Другое,Новостройка,С ремонтом,Раздельный,Нет,Построено,Нет
350000,2,43,4,Другое,Новостройка,Новый ремонт,Раздельный,Нет,Построено,Есть
350000,1,28,5,Другое,Вторичный рынок,С ремонтом,Совмещенный,Нет,Построено,Есть
350000,1,57,12,Шохмансур,Новостройка,Без ремонта (коробка),Раздельный,Есть,На стадии строительства,Нет
350000,2,46,7,Другое,Новостройка,С ремонтом,Совмещенный,Нет,Построено,Есть
350000,2,55,2,Другое,Вторичный рынок,С ремонтом,Совмещенный,Нет,Построено,Есть
350000,1,39,9,Другое,Новостройка,Без ремонта (коробка),Совмещенный,Нет,На стадии строительства,Нет
350000,2,55,1,Другое,Новостройка,С ремонтом,Раздельный,Нет,Построено,Нет
350000,2,35,5,Другое,Новостройка,Новый ремонт,Совмещенный,Нет,Построено,Нет
350000,2,38,1,Сино,Вторичный рынок,Новый ремонт,Совмещенный,Нет,Построено,Есть
350000,1,54,11,Сино,Новостройка,Без ремонта (коробка),Раздельный,Есть,На стадии строительства,Нет
350000,1,49,4,Другое,Новостройка,Без ремонта (коробка),Совмещенный,Нет,На стадии строительства,Нет
350000,2,68,8,Другое,Новостройка,Без ремонта (коробка),Раздельный,Нет,Построено,Нет
350000,2,50,1,Сино,Вторичный рынок,С ремонтом,Совмещенный,Нет,Построено,Есть
350000,2,70,13,Другое,Новостройка,Без ремонта (коробка),Совмещенный,Нет,На стадии строительства,Нет
350000,1,48,18,Шохмансур,Новостройка,Без ремонта (коробка),Совмещенный,Есть,На стадии строительства,Нет
350000,2,46,4,Другое,Вторичный рынок,С ремонтом,Совмещенный,Нет,Построено,Есть
350000,2,47,2,Сино,Новостройка,Без ремонта (коробка),Раздельный,Нет,Построено,Нет
350000,2,48,4,Сино,Вторичный рынок,С ремонтом,Раздельный,Нет,Построено,Есть
350000,1,25,2,Другое,Вторичный рынок,С ремонтом,Раздельный,Есть,Построено,Есть
350000,2,48,3,Сино,Вторичный рынок,С ремонтом,Совмещенный,Нет,Построено,Есть
350000,1,48,18,Шохмансур,Новостройка,Без ремонта (коробка),Раздельный,Есть,На стадии строительства,Нет
350000,1,58,8,Другое,Новостройка,Без ремонта (коробка),Совмещенный,Нет,Построено,Нет
350000,1,54,2,И. Сомони,Новостройка,Без ремонта (коробка),Совмещенный,Нет,На стадии строительства,Нет
350000,1,58,12,И. Сомони,Новостройка,Без ремонта (коробка),Раздельный,Нет,Построено,Нет
350000,2,80,5,Другое,Новостройка,Без ремонта (коробка),Раздельный,Нет,Построено,Нет
350000,1,44,10,Сино,Новостройка,Новый ремонт,Совмещенный,Нет,Построено,Нет
350000,1,65,1,Другое,Новостройка,Без ремонта (коробка),Совмещенный,Нет,На стадии строительства,Нет
350000,1,27,5,Сино,Вторичный рынок,С ремонтом,Совмещенный,Есть,Построено,Есть
350000,2,62,15,И. Сомони,Новостройка,Без ремонта (коробка),Раздельный,Есть,На стадии строительства,Нет
350000,2,75,5,Другое,Новостройка,Без ремонта (коробка),Совмещенный,Нет,На стадии строительства,Нет
350000,1,55,2,Другое,Новостройка,Без ремонта (коробка),Совмещенный,Нет,На стадии строительства,Нет
350000,2,75,6,Другое,Новостройка,Без ремонта (коробка),Раздельный,Нет,Построено,Нет
350000,2,58,1,Другое,Новостройка,С ремонтом,Раздельный,Есть,Построено,Есть
350000,2,51,15,Шохмансур,Новостройка,Без ремонта (коробка),Раздельный,Есть,На стадии строительства,Нет
350000,1,73,10,Сино,Новостройка,Без ремонта (коробка),Совмещенный,Нет,Построено,Нет
350000,2,47,2,Другое,Вторичный рынок,С ремонтом,Совмещенный,Нет,Построено,Есть
350000,1,40,6,Сино,Новостройка,С ремонтом,Раздельный,Нет,Построено,Есть
350000,1,40,6,Другое,Новостройка,С ремонтом,Совмещенный,Нет,Построено,Нет
350000,2,58,6,Другое,Новостройка,Без ремонта (коробка),Раздельный,Нет,Построено,Есть
350000,3,5,1,Другое,Новостройка,С ремонтом,Совмещенный,Нет,Построено,Есть
350600,2,66,2,Другое,Новостройка,Без ремонта (коробка),Раздельный,Есть,На стадии строительства,Нет
351000,2,80,9,Сино,Новостройка,Без ремонта (коробка),Раздельный,Есть,Построено,Есть
351000,2,48,2,Сино,Вторичный рынок,Без ремонта (коробка),Совмещенный,Нет,Построено,Есть
351000,1,45,1,Сино,Новостройка,С ремонтом,Совмещенный,Нет,Построено,Нет
351000,2,67,6,И. Сомони,Новостройка,Без ремонта (коробка),Раздельный,Есть,На стадии строительства,Нет
352000,2,75,10,Сино,Новостройка,Без ремонта (коробка),Совмещенный,Нет,Построено,Нет
353000,2,66,6,И. Сомони,Новостройка,Без ремонта (коробка),Раздельный,Есть,На стадии строительства,Нет
353000,2,78,1,Сино,Новостройка,Без ремонта (коробка),Раздельный,Нет,На стадии строительства,Нет
353000,1,44,3,Другое,Вторичный рынок,Новый ремонт,Совмещенный,Нет,На стадии строительства,Есть
353000,2,77,4,Другое,Новостройка,Без ремонта (коробка),Раздельный,Нет,На стадии строительства,Нет
353000,2,55,4,Другое,Новостройка,Без ремонта (коробка),Раздельный,Нет,На стадии строительства,Нет
353450,2,69,9,И. Сомони,Новостройка,Без ремонта (коробка),Раздельный,Есть,На стадии строительства,Нет
353850,1,46,13,Другое,Новостройка,Без ремонта (коробка),Раздельный,Есть,На стадии строительства,Нет
353999,2,71,8,Сино,Новостройка,Без ремонта (коробка),Совмещенный,Нет,Построено,Нет
353999,2,71,5,Другое,Новостройка,Без ремонта (коробка),Раздельный,Нет,Построено,Есть
354000,2,71,9,Сино,Новостройка,Без ремонта (коробка),Совмещенный,Нет,Построено,Нет
354000,2,66,7,И. Сомони,Новостройка,Без ремонта (коробка),Раздельный,Есть,На стадии строительства,Нет
354000,1,50,9,Другое,Новостройка,Без ремонта (коробка),Совмещенный,Есть,На стадии строительства,Нет
354999,3,71,9,Сино,Новостройка,Без ремонта (коробка),Раздельный,Нет,Построено,Есть
355000,2,43,7,Сино,Новостройка,С ремонтом,Совмещенный,Нет,Построено,Нет
355000,2,79,5,Сино,Новостройка,Без ремонта (коробка),Раздельный,Нет,Построено,Нет
355000,1,53,8,Другое,Новостройка,Без ремонта (коробка),Раздельный,Есть,На стадии строительства,Нет
355000,2,43,7,Сино,Новостройка,Новый ремонт,Совмещенный,Нет,Построено,Нет
355000,1,53,9,И. Сомони,Новостройка,Без ремонта (коробка),Совмещенный,Есть,На стадии строительства,Нет
355000,3,68,6,Другое,Новостройка,Без ремонта (коробка),Совмещенный,Нет,Построено,Есть
355000,2,69,5,Сино,Новостройка,Без ремонта (коробка),Раздельный,Нет,На стадии строительства,Нет
355000,1,53,6,Другое,Новостройка,Без ремонта (коробка),Раздельный,Есть,На стадии строительства,Нет
355000,1,40,4,Сино,Вторичный рынок,С ремонтом,Совмещенный,Нет,Построено,Есть
355000,2,56,2,Другое,Вторичный рынок,Новый ремонт,Раздельный,Нет,Построено,Нет
355000,2,58,5,Другое,Новостройка,Без ремонта (коробка),Раздельный,Нет,На стадии строительства,Есть
355000,2,71,12,Другое,Новостройка,Без ремонта (коробка),Раздельный,Нет,Построено,Нет
355000,2,70,10,Другое,Новостройка,Без ремонта (коробка),Раздельный,Нет,Построено,Нет
355000,2,75,6,Сино,Новостройка,Без ремонта (коробка),Раздельный,Нет,Построено,Нет
355000,1,53,6,И. Сомони,Новостройка,Без ремонта (коробка),Раздельный,Есть,На стадии строительства,Нет
355000,1,53,9,Сино,Новостройка,Без ремонта (коробка),Совмещенный,Нет,Построено,Нет
355000,3,82,4,Другое,Новостройка,Без ремонта (коробка),Совмещенный,Нет,Построено,Нет
355000,2,68,4,Другое,Новостройка,Без ремонта (коробка),Раздельный,Нет,На стадии строительства,Нет
355000,2,80,6,Сино,Новостройка,Без ремонта (коробка),Раздельный,Нет,Построено,Нет
355000,2,71,5,Другое,Новостройка,Без ремонта (коробка),Раздельный,Нет,На стадии строительства,Нет
355000,2,50,2,Другое,Новостройка,Новый ремонт,Совмещенный,Нет,Построено,Есть
355000,1,53,11,Сино,Новостройка,Без ремонта (коробка),Раздельный,Есть,На стадии строительства,Нет
355000,3,82,6,Сино,Новостройка,Без ремонта (коробка),Раздельный,Нет,На стадии строительства,Нет
355000,2,80,6,Другое,Новостройка,Без ремонта (коробка),Раздельный,Нет,Построено,Нет
355000,1,45,7,Другое,Новостройка,Новый ремонт,Совмещенный,Нет,Построено,Есть
355555,1,41,10,Шохмансур,Новостройка,Без ремонта (коробка),Раздельный,Есть,На стадии строительства,Нет
355700,1,53,10,И. Сомони,Новостройка,Новый ремонт,Раздельный,Есть,На стадии строительства,Нет
356000,3,70,9,Другое,Новостройка,Без ремонта (коробка),Раздельный,Нет,На стадии строительства,Нет
357000,2,62,11,Сино,Новостройка,Без ремонта (коробка),Раздельный,Есть,На стадии строительства,Есть
357000,2,68,12,Другое,Новостройка,Без ремонта (коробка),Раздельный,Нет,Построено,Есть
357000,2,70,2,Сино,Новостройка,Новый ремонт,Раздельный,Нет,Построено,Есть
357000,2,62,9,И. Сомони,Новостройка,Без ремонта (коробка),Раздельный,Есть,На стадии строительства,Нет
357000,2,72,12,Другое,Новостройка,Без ремонта (коробка),Раздельный,Нет,На стадии строительства,Нет
357000,1,53,9,И. Сомони,Новостройка,Без ремонта (коробка),Раздельный,Есть,На стадии строительства,Нет
357000,2,72,10,Другое,Новостройка,Без ремонта (коробка),Раздельный,Нет,На стадии строительства,Нет
358000,3,73,2,Другое,Новостройка,Без ремонта (коробка),Раздельный,Нет,На стадии строительства,Нет
358999,3,75,10,Сино,Новостройка,Без ремонта (коробка),Раздельный,Нет,Построено,Нет
359000,2,70,11,Сино,Новостройка,Без ремонта (коробка),Раздельный,Нет,На стадии строительства,Нет
359000,1,48,7,И. Сомони,Новостройка,Без ремонта (коробка),Совмещенный,Нет,На стадии строительства,Нет
359000,2,55,4,Другое,Новостройка,Без ремонта (коробка),Совмещенный,Нет,Построено,Нет
359000,2,64,5,И. Сомони,Новостройка,Без ремонта (коробка),Раздельный,Нет,Построено,Нет
359000,2,41,4,Другое,Новостройка,С ремонтом,Раздельный,Есть,Построено,Нет
359000,2,58,16,И. Сомони,Новостройка,Без ремонта (коробка),Раздельный,Есть,Построено,Нет
359999,2,75,9,Сино,Новостройка,Без ремонта (коробка),Раздельный,Нет,Построено,Нет
359999,2,75,10,Сино,Новостройка,Без ремонта (коробка),Раздельный,Нет,Построено,Есть
360000,2,52,9,Другое,Новостройка,Новый ремонт,Совмещенный,Есть,Построено,Есть
360000,2,70,5,Другое,Новостройка,Без ремонта (коробка),Раздельный,Нет,Построено,Есть
360000,1,42,9,И. Сомони,Новостройка,Новый ремонт,Раздельный,Нет,Построено,Нет
360000,2,47,3,Другое,Вторичный рынок,С ремонтом,Совмещенный,Нет,Построено,Есть
360000,2,46,4,Другое,Вторичный рынок,С ремонтом,Совмещенный,Нет,Построено,Есть
360000,2,62,9,Другое,Новостройка,Без ремонта (коробка),Совмещенный,Нет,На стадии строительства,Нет
360000,2,44,14,Сино,Новостройка,Новый ремонт,Раздельный,Нет,Построено,Нет
360000,1,44,1,Другое,Новостройка,Новый ремонт,Раздельный,Нет,Построено,Нет
360000,2,83,6,Сино,Новостройка,Без ремонта (коробка),Совмещенный,Нет,На стадии строительства,Нет
360000,1,55,6,Другое,Новостройка,Новый ремонт,Раздельный,Нет,Построено,Нет
360000,2,67,15,Другое,Новостройка,Без ремонта (коробка),Раздельный,Нет,Построено,Нет
360000,3,67,10,И. Сомони,Новостройка,Без ремонта (коробка),Раздельный,Нет,Построено,Нет
360000,2,53,2,Другое,Новостройка,С ремонтом,Совмещенный,Нет,Построено,Нет
360000,2,44,14,Сино,Новостройка,С ремонтом,Раздельный,Нет,Построено,Нет
360000,3,70,6,Другое,Новостройка,Без ремонта (коробка),Раздельный,Нет,На стадии строительства,Нет
360000,1,42,9,Другое,Новостройка,Без ремонта (коробка),Совмещенный,Нет,На стадии строительства,Нет
360000,2,55,8,Другое,Новостройка,С ремонтом,Совмещенный,Нет,Построено,Есть
360000,2,58,10,Другое,Новостройка,Новый ремонт,Раздельный,Нет,Построено,Нет
360000,2,58,3,Другое,Новостройка,С ремонтом,Совмещенный,Нет,Построено,Нет
360000,1,41,14,Сино,Новостройка,С ремонтом,Раздельный,Есть,Построено,Нет
360000,2,48,4,Сино,Вторичный рынок,С ремонтом,Раздельный,Есть,Построено,Нет
360000,2,52,1,Другое,Вторичный рынок,Новый ремонт,Раздельный,Нет,Построено,Есть
360000,1,79,5,Другое,Новостройка,Без ремонта (коробка),Раздельный,Нет,Построено,Нет
360000,2,69,13,И. Сомони,Новостройка,Без ремонта (коробка),Раздельный,Есть,На стадии строительства,Нет
360000,2,61,6,Сино,Новостройка,Без ремонта (коробка),Раздельный,Есть,Построено,Нет
360000,1,43,2,Другое,Новостройка,С ремонтом,Раздельный,Нет,Построено,Нет
360000,2,92,8,Сино,Новостройка,Без ремонта (коробка),Раздельный,Нет,На стадии строительства,Нет
360000,2,55,4,Другое,Новостройка,Новый ремонт,Раздельный,Нет,Построено,Есть
360000,2,69,5,Сино,Новостройка,Без ремонта (коробка),Раздельный,Нет,Построено,Есть
360000,2,42,14,Сино,Новостройка,С ремонтом,Раздельный,Нет,Построено,Нет
360000,2,77,13,Другое,Новостройка,Без ремонта (коробка),Раздельный,Есть,На стадии строительства,Нет
360000,2,62,9,И. Сомони,Новостройка,Без ремонта (коробка),Раздельный,Есть,На стадии строительства,Нет
360000,2,72,8,Другое,Новостройка,Без ремонта (коробка),Раздельный,Нет,На стадии строительства,Нет
360000,2,69,6,И. Сомони,Новостройка,Без ремонта (коробка),Раздельный,Есть,На стадии строительства,Нет
360000,2,46,7,Другое,Новостройка,Новый ремонт,Совмещенный,Нет,Построено,Есть
360000,2,60,7,Другое,Новостройка,С ремонтом,Раздельный,Нет,Построено,Есть
360000,2,80,8,Другое,Новостройка,Без ремонта (коробка),Совмещенный,Нет,На стадии строительства,Нет
360000,2,41,6,Другое,Новостройка,Новый ремонт,Совмещенный,Нет,Построено,Есть
360000,2,45,4,Сино,Новостройка,С ремонтом,Совмещенный,Нет,Построено,Есть
360000,1,44,5,Другое,Новостройка,Новый ремонт,Совмещенный,Нет,Построено,Нет
360000,2,57,7,Другое,Новостройка,С ремонтом,Совмещенный,Нет,Построено,Есть
360000,1,52,6,Другое,Новостройка,Новый ремонт,Раздельный,Нет,Построено,Нет
360000,2,63,9,Другое,Новостройка,Без ремонта (коробка),Раздельный,Нет,Построено,Есть
360000,2,50,10,Другое,Новостройка,Без ремонта (коробка),Раздельный,Есть,На стадии строительства,Нет
360000,4,80,3,Другое,Вторичный рынок,С ремонтом,Раздельный,Есть,Построено,Есть
360000,2,69,4,И. Сомони,Новостройка,Без ремонта (коробка),Раздельный,Есть,На стадии строительства,Нет
360000,2,80,4,Другое,Новостройка,Без ремонта (коробка),Раздельный,Нет,На стадии строительства,Нет
360000,1,27,4,Сино,Вторичный рынок,С ремонтом,Совмещенный,Нет,Построено,Есть
360000,2,45,9,Другое,Новостройка,С ремонтом,Совмещенный,Нет,Построено,Нет
360000,3,60,17,Сино,Вторичный рынок,С ремонтом,Раздельный,Есть,Построено,Нет
362000,2,63,9,Другое,Новостройка,Без ремонта (коробка),Совмещенный,Нет,На стадии строительства,Есть
362000,2,83,7,Другое,Новостройка,Без ремонта (коробка),Раздельный,Нет,Построено,Нет
362000,3,75,5,Другое,Новостройка,Без ремонта (коробка),Раздельный,Нет,На стадии строительства,Есть
362000,1,53,11,Другое,Вторичный рынок,Без ремонта (коробка),Раздельный,Есть,Построено,Нет
362000,2,54,2,Сино,Вторичный рынок,С ремонтом,Совмещенный,Нет,Построено,Есть
362000,3,71,6,Сино,Новостройка,Без ремонта (коробка),Раздельный,Есть,На стадии строительства,Нет
363000,2,75,9,Сино,Новостройка,Без ремонта (коробка),Раздельный,Нет,Построено,Нет
363000,2,75,9,Сино,Новостройка,Без ремонта (коробка),Совмещенный,Нет,Построено,Нет
363000,3,79,4,Другое,Новостройка,Без ремонта (коробка),Раздельный,Есть,Построено,Есть
365000,2,50,7,Другое,Новостройка,С ремонтом,Раздельный,Нет,Построено,Есть
365000,1,35,4,Сино,Вторичный рынок,С ремонтом,Совмещенный,Нет,Построено,Есть
365000,2,78,5,Другое,Новостройка,Без ремонта (коробка),Раздельный,Нет,На стадии строительства,Нет
365000,3,74,4,Другое,Вторичный рынок,Без ремонта (коробка),Раздельный,Нет,Построено,Есть
365000,1,48,7,Сино,Новостройка,Без ремонта (коробка),Раздельный,Есть,На стадии строительства,Нет
365000,1,47,5,Другое,Новостройка,Без ремонта (коробка),Раздельный,Есть,Построено,Нет
365000,2,72,8,Другое,Новостройка,Без ремонта (коробка),Раздельный,Нет,На стадии строительства,Нет
365000,2,93,6,Сино,Новостройка,Без ремонта (коробка),Раздельный,Нет,Построено,Нет
365000,2,80,4,Сино,Новостройка,Без ремонта (коробка),Раздельный,Нет,На стадии строительства,Нет
365000,2,66,9,Другое,Новостройка,Без ремонта (коробка),Совмещенный,Нет,На стадии строительства,Есть
365000,2,74,4,Другое,Вторичный рынок,С ремонтом,Раздельный,Нет,Построено,Есть
365000,2,58,14,Сино,Новостройка,Без ремонта (коробка),Раздельный,Есть,Построено,Нет
365000,2,52,12,Сино,Новостройка,Без ремонта (коробка),Раздельный,Есть,На стадии строительства,Нет
365000,2,50,2,Сино,Вторичный рынок,Новый ремонт,Совмещенный,Нет,Построено,Есть
365000,1,45,6,Другое,Вторичный рынок,Новый ремонт,Раздельный,Нет,Построено,Есть
365000,2,73,6,Другое,Новостройка,Без ремонта (коробка),Раздельный,Нет,На стадии строительства,Нет
365000,2,85,6,Другое,Новостройка,Без ремонта (коробка),Раздельный,Есть,На стадии строительства,Нет
365000,2,75,7,Другое,Новостройка,Новый ремонт,Раздельный,Нет,Построено,Нет
365000,2,61,2,Другое,Новостройка,Без ремонта (коробка),Раздельный,Есть,Построено,Есть
365000,2,45,10,Другое,Новостройка,Новый ремонт,Совмещенный,Нет,Построено,Есть
365000,3,91,11,Другое,Новостройка,Без ремонта (коробка),Раздельный,Нет,Построено,Нет
365000,2,53,3,Другое,Новостройка,Без ремонта (коробка),Раздельный,Нет,Построено,Нет
365000,1,29,2,Сино,Новостройка,С ремонтом,Совмещенный,Нет,Построено,Есть
365000,2,76,8,Сино,Новостройка,Без ремонта (коробка),Раздельный,Нет,На стадии строительства,Нет
365000,2,73,2,Сино,Новостройка,Без ремонта (коробка),Совмещенный,Нет,Построено,Нет
365000,1,27,2,Фирдавси,Вторичный рынок,С ремонтом,Совмещенный,Есть,Построено,Есть
365000,2,74,5,Сино,Новостройка,Без ремонта (коробка),Раздельный,Нет,На стадии строительства,Есть
365000,3,80,3,Сино,Новостройка,Без ремонта (коробка),Раздельный,Нет,На стадии строительства,Нет
365000,1,41,10,Сино,Новостройка,Новый ремонт,Совмещенный,Нет,Построено,Нет
365000,2,72,2,Сино,Новостройка,Без ремонта (коробка),Раздельный,Нет,Построено,Нет
365000,3,75,9,Другое,Новостройка,Без ремонта (коробка),Раздельный,Нет,Построено,Нет
365000,2,54,1,Другое,Вторичный рынок,Новый ремонт,Совмещенный,Нет,Построено,Есть
365000,2,65,6,Другое,Новостройка,Новый ремонт,Раздельный,Нет,Построено,Есть
365100,2,69,2,Другое,Новостройка,Без ремонта (коробка),Раздельный,Есть,На стадии строительства,Нет
366000,2,61,10,Другое,Новостройка,Без ремонта (коробка),Раздельный,Нет,На стадии строительства,Нет
366000,2,69,7,И. Сомони,Новостройка,Без ремонта (коробка),Раздельный,Нет,На стадии строительства,Нет
366000,2,61,13,Другое,Новостройка,Без ремонта (коробка),Раздельный,Есть,На стадии строительства,Нет
366500,2,73,3,Сино,Новостройка,Без ремонта (коробка),Раздельный,Нет,На стадии строительства,Нет
367000,1,58,17,Сино,Новостройка,Без ремонта (коробка),Совмещенный,Есть,На стадии строительства,Нет
367000,1,58,18,Сино,Новостройка,Без ремонта (коробка),Раздельный,Есть,На стадии строительства,Есть
367500,1,61,12,И. Сомони,Новостройка,Без ремонта (коробка),Раздельный,Нет,Построено,Нет
367500,2,67,8,И. Сомони,Новостройка,Без ремонта (коробка),Раздельный,Нет,На стадии строительства,Нет
367900,3,86,9,Другое,Новостройка,Без ремонта (коробка),Совмещенный,Нет,Построено,Нет
368000,1,63,3,Сино,Новостройка,Без ремонта (коробка),Совмещенный,Нет,На стадии строительства,Нет
368000,2,75,2,Другое,Вторичный рынок,С ремонтом,Раздельный,Нет,Построено,Есть
368000,2,63,2,Сино,Новостройка,Без ремонта (коробка),Раздельный,Нет,На стадии строительства,Есть
368000,2,77,8,Сино,Новостройка,Без ремонта (коробка),Раздельный,Нет,На стадии строительства,Нет
368500,2,67,5,Другое,Новостройка,Без ремонта (коробка),Раздельный,Есть,Построено,Нет
369000,2,58,18,Сино,Новостройка,Без ремонта (коробка),Раздельный,Есть,На стадии строительства,Есть
369000,2,72,2,Другое,Новостройка,Без ремонта (коробка),Совмещенный,Нет,Построено,Нет
369000,4,134,9,Другое,Вторичный рынок,С ремонтом,Раздельный,Нет,Построено,Есть
369000,2,61,2,Другое,Новостройка,Без ремонта (коробка),Совмещенный,Нет,Построено,Есть
369000,2,88,3,Другое,Новостройка,Без ремонта (коробка),Раздельный,Нет,На стадии строительства,Нет
369000,1,55,4,Другое,Новостройка,Новый ремонт,Раздельный,Нет,Построено,Нет
369000,1,42,6,Сино,Новостройка,Новый ремонт,Совмещенный,Есть,Построено,Есть
369000,2,52,5,Другое,Новостройка,С ремонтом,Совмещенный,Нет,Построено,Нет
369300,2,72,9,И. Сомони,Новостройка,Без ремонта (коробка),Раздельный,Есть,На стадии строительства,Нет
369800,2,72,9,И. Сомони,Новостройка,Без ремонта (коробка),Раздельный,Есть,На стадии строительства,Нет
369999,2,55,4,Сино,Новостройка,С ремонтом,Раздельный,Нет,Построено,Есть
369999,2,84,3,Сино,Новостройка,Без ремонта (коробка),Раздельный,Нет,Построено,Нет
370000,2,50,2,Другое,Вторичный рынок,Новый ремонт,Совмещенный,Нет,Построено,Есть
370000,2,58,3,Другое,Новостройка,Новый ремонт,Совмещенный,Есть,Построено,Есть
370000,1,61,16,Другое,Новостройка,Без ремонта (коробка),Раздельный,Есть,Построено,Нет
370000,3,70,4,Другое,Вторичный рынок,С ремонтом,Раздельный,Нет,Построено,Есть
370000,1,34,1,Шохмансур,Вторичный рынок,С ремонтом,Совмещенный,Нет,Построено,Есть
370000,2,59,19,Сино,Новостройка,С ремонтом,Совмещенный,Есть,На стадии строительства,Нет
370000,2,66,7,И. Сомони,Новостройка,Без ремонта (коробка),Раздельный,Есть,На стадии строительства,Нет
370000,2,48,3,Сино,Вторичный рынок,С ремонтом,Совмещенный,Нет,Построено,Есть
370000,2,45,14,Сино,Новостройка,С ремонтом,Совмещенный,Нет,Построено,Нет
370000,2,72,6,Другое,Новостройка,Без ремонта (коробка),Раздельный,Нет,На стадии строительства,Нет
370000,1,61,7,Сино,Новостройка,Без ремонта (коробка),Раздельный,Нет,На стадии строительства,Нет
370000,3,74,3,И. Сомони,Новостройка,Без ремонта (коробка),Раздельный,Нет,На стадии строительства,Нет
370000,2,70,6,Сино,Новостройка,Без ремонта (коробка),Совмещенный,Нет,Построено,Есть
370000,2,62,9,Другое,Новостройка,Без ремонта (коробка),Раздельный,Нет,Построено,Нет
370000,2,62,2,Другое,Вторичный рынок,Без ремонта (коробка),Раздельный,Нет,Построено,Есть
370000,2,72,5,Другое,Новостройка,Без ремонта (коробка),Раздельный,Нет,Построено,Нет
370000,2,40,3,Фирдавси,Вторичный рынок,С ремонтом,Раздельный,Нет,Построено,Есть
370000,4,86,5,Другое,Вторичный рынок,С ремонтом,Раздельный,Есть,Построено,Есть
370000,2,67,7,Сино,Новостройка,Без ремонта (коробка),Раздельный,Есть,На стадии строительства,Нет
370000,2,73,2,Сино,Новостройка,Без ремонта (коробка),Раздельный,Нет,Построено,Нет
370000,1,40,5,Сино,Новостройка,Без ремонта (коробка),Раздельный,Есть,На стадии строительства,Нет
370000,2,50,3,Сино,Вторичный рынок,С ремонтом,Совмещенный,Нет,Построено,Есть
370000,2,53,7,Другое,Новостройка,С ремонтом,Раздельный,Нет,Построено,Есть
370000,2,48,2,Сино,Новостройка,С ремонтом,Совмещенный,Нет,Построено,Есть
370000,2,60,2,Другое,Вторичный рынок,С ремонтом,Раздельный,Нет,Построено,Есть
370000,2,71,6,Сино,Новостройка,Без ремонта (коробка),Раздельный,Нет,На стадии строительства,Нет
370000,2,42,6,Другое,Новостройка,С ремонтом,Совмещенный,Нет,Построено,Есть
370000,2,43,11,Другое,Новостройка,Новый ремонт,Совмещенный,Нет,Построено,Есть
370000,2,62,4,Сино,Новостройка,Без ремонта (коробка),Совмещенный,Есть,На стадии строительства,Нет
370000,2,48,1,Другое,Вторичный рынок,С ремонтом,Совмещенный,Нет,Построено,Есть
370000,2,60,4,Другое,Новостройка,Новый ремонт,Раздельный,Нет,Построено,Есть
370000,2,61,7,Другое,Новостройка,Без ремонта (коробка),Раздельный,Нет,Построено,Нет
370000,1,41,9,Другое,Новостройка,Без ремонта (коробка),Раздельный,Нет,На стадии строительства,Нет
370000,2,52,1,Другое,Вторичный рынок,Новый ремонт,Совмещенный,Есть,Построено,Есть
370000,2,69,7,И. Сомони,Новостройка,Без ремонта (коробка),Раздельный,Есть,На стадии строительства,Нет
370000,2,45,8,Другое,Новостройка,Новый ремонт,Совмещенный,Нет,Построено,Есть
370000,2,43,7,Сино,Новостройка,Новый ремонт,Совмещенный,Нет,Построено,Есть
370000,2,54,10,Другое,Новостройка,Новый ремонт,Совмещенный,Нет,Построено,Нет
370000,2,72,8,Другое,Новостройка,Без ремонта (коробка),Раздельный,Нет,Построено,Нет
370000,3,0,1,Другое,Вторичный рынок,С ремонтом,Раздельный,Нет,Построено,Есть
370000,2,54,1,Сино,Вторичный рынок,С ремонтом,Совмещенный,Нет,Построено,Есть
370000,2,65,1,Другое,Новостройка,Без ремонта (коробка),Раздельный,Нет,Построено,Нет
370000,2,64,6,Другое,Новостройка,Новый ремонт,Раздельный,Нет,Построено,Есть
370000,2,40,1,Фирдавси,Новостройка,С ремонтом,Совмещенный,Нет,Построено,Есть
370000,1,27,1,Сино,Вторичный рынок,С ремонтом,Совмещенный,Нет,Построено,Есть
370000,2,50,4,Сино,Вторичный рынок,С ремонтом,Раздельный,Нет,Построено,Есть
370000,1,27,3,Другое,Вторичный рынок,С ремонтом,Совмещенный,Есть,Построено,Есть
370000,2,82,10,Другое,Новостройка,Без ремонта (коробка),Раздельный,Есть,На стадии строительства,Есть
370000,1,30,1,Сино,Новостройка,Новый ремонт,Совмещенный,Нет,Построено,Есть
370000,2,43,5,Другое,Новостройка,С ремонтом,Совмещенный,Нет,Построено,Нет
370000,3,93,6,Другое,Новостройка,Без ремонта (коробка),Раздельный,Нет,Построено,Есть
370000,2,40,1,Другое,Новостройка,Новый ремонт,Раздельный,Нет,Построено,Есть
370000,2,45,9,Другое,Новостройка,Новый ремонт,Раздельный,Нет,На стадии строительства,Нет
370500,2,74,4,Сино,Новостройка,Без ремонта (коробка),Раздельный,Нет,На стадии строительства,Нет
371000,2,72,7,Другое,Новостройка,Без ремонта (коробка),Раздельный,Нет,На стадии строительства,Нет
371000,2,79,4,Сино,Новостройка,Без ремонта (коробка),Раздельный,Нет,На стадии строительства,Нет
372000,2,65,8,И. Сомони,Новостройка,Без ремонта (коробка),Раздельный,Есть,На стадии строительства,Нет
372000,1,64,9,И. Сомони,Новостройка,Без ремонта (коробка),Раздельный,Есть,На стадии строительства,Нет
372000,2,65,9,И. Сомони,Новостройка,Без ремонта (коробка),Раздельный,Есть,На стадии строительства,Нет
372000,2,62,13,Другое,Новостройка,Без ремонта (коробка),Раздельный,Есть,На стадии строительства,Нет
372000,2,88,4,Другое,Новостройка,Без ремонта (коробка),Раздельный,Нет,На стадии строительства,Нет
372000,2,66,6,И. Сомони,Новостройка,Без ремонта (коробка),Раздельный,Есть,На стадии строительства,Нет
372980,2,62,9,И. Сомони,Новостройка,Без ремонта (коробка),Раздельный,Есть,На стадии строительства,Нет
373000,3,83,5,Сино,Новостройка,Без ремонта (коробка),Совмещенный,Нет,Построено,Нет
373000,1,58,18,Сино,Новостройка,Без ремонта (коробка),Совмещенный,Есть,На стадии строительства,Нет
375000,2,41,4,И. Сомони,Новостройка,Новый ремонт,Раздельный,Нет,Построено,Нет
375000,2,75,3,Сино,Новостройка,Без ремонта (коробка),Раздельный,Нет,На стадии строительства,Нет
375000,2,63,1,Другое,Вторичный рынок,С ремонтом,Совмещенный,Нет,Построено,Есть
375000,3,68,4,Другое,Вторичный рынок,С ремонтом,Раздельный,Нет,Построено,Есть
375000,1,63,1,Другое,Новостройка,Без ремонта (коробка),Совмещенный,Нет,На стадии строительства,Нет
375000,2,66,9,И. Сомони,Новостройка,Без ремонта (коробка),Раздельный,Есть,На стадии строительства,Нет
375000,2,61,10,И. Сомони,Новостройка,Без ремонта (коробка),Раздельный,Есть,На стадии строительства,Нет
375000,2,80,11,Другое,Новостройка,Без ремонта (коробка),Раздельный,Нет,Построено,Нет
375000,2,63,10,Другое,Новостройка,Без ремонта (коробка),Совмещенный,Нет,Построено,Нет
375000,1,45,1,Сино,Вторичный рынок,С ремонтом,Совмещенный,Нет,Построено,Есть
375000,2,75,8,Сино,Новостройка,Без ремонта (коробка),Совмещенный,Нет,На стадии строительства,Нет
375000,1,40,1,Сино,Новостройка,Новый ремонт,Совмещенный,Нет,Построено,Есть
375000,3,80,2,Другое,Новостройка,Без ремонта (коробка),Раздельный,Нет,На стадии строительства,Есть
375000,1,52,13,Шохмансур,Новостройка,Без ремонта (коробка),Раздельный,Есть,На стадии строительства,Нет
375000,1,65,10,И. Сомони,Новостройка,Без ремонта (коробка),Совмещенный,Есть,На стадии строительства,Нет
375000,2,62,8,И. Сомони,Новостройка,Без ремонта (коробка),Раздельный,Есть,На стадии строительства,Нет
375000,2,68,13,Другое,Новостройка,Без ремонта (коробка),Раздельный,Есть,Построено,Нет
375000,1,35,3,Сино,Вторичный рынок,С ремонтом,Совмещенный,Нет,Построено,Есть
375000,2,75,5,Другое,Новостройка,Без ремонта (коробка),Раздельный,Нет,На стадии строительства,Нет
375000,2,75,8,Сино,Новостройка,Без ремонта (коробка),Раздельный,Есть,На стадии строительства,Нет
376000,2,62,8,Другое,Новостройка,Без ремонта (коробка),Раздельный,Нет,На стадии строительства,Нет
376000,2,64,4,Другое,Вторичный рынок,Без ремонта (коробка),Раздельный,Нет,Построено,Есть
376999,1,54,12,Шохмансур,Новостройка,Без ремонта (коробка),Раздельный,Есть,На стадии строительства,Есть
377000,2,72,5,И. Сомони,Новостройка,Без ремонта (коробка),Раздельный,Есть,На стадии строительства,Нет
377000,2,72,6,И. Сомони,Новостройка,Без ремонта (коробка),Раздельный,Есть,На стадии строительства,Нет
377000,2,73,9,Сино,Новостройка,Без ремонта (коробка),Раздельный,Нет,На стадии строительства,Нет
377000,2,73,6,И. Сомони,Новостройка,Без ремонта (коробка),Раздельный,Есть,На стадии строительства,Нет
377000,2,62,10,И. Сомони,Новостройка,Без ремонта (коробка),Раздельный,Есть,На стадии строительства,Нет
377000,2,87,1,Сино,Новостройка,Без ремонта (коробка),Раздельный,Нет,На стадии строительства,Нет
377100,2,84,9,Другое,Новостройка,Без ремонта (коробка),Раздельный,Нет,На стадии строительства,Нет
378000,3,68,4,Другое,Новостройка,Новый ремонт,Раздельный,Нет,Построено,Нет
378000,2,76,7,Сино,Новостройка,Без ремонта (коробка),Раздельный,Нет,На стадии строительства,Нет
379000,2,46,8,Другое,Новостройка,Новый ремонт,Совмещенный,Есть,Построено,Нет
379000,2,61,8,И. Сомони,Новостройка,Без ремонта (коробка),Раздельный,Есть,На стадии строительства,Нет
379000,3,92,6,Другое,Новостройка,Без ремонта (коробка),Раздельный,Нет,Построено,Есть
379000,2,42,4,Другое,Новостройка,Новый ремонт,Раздельный,Нет,Построено,Нет
379000,2,75,9,Другое,Новостройка,Без ремонта (коробка),Раздельный,Нет,Построено,Нет
379000,2,73,2,Сино,Новостройка,Без ремонта (коробка),Совмещенный,Нет,Построено,Нет
380000,1,27,3,Сино,Вторичный рынок,С ремонтом,Совмещенный,Нет,Построено,Есть
380000,2,46,8,Другое,Новостройка,Новый ремонт,Раздельный,Нет,Построено,Нет
380000,2,65,13,Сино,Новостройка,Без ремонта (коробка),Раздельный,Есть,На стадии строительства,Нет
380000,3,76,8,Другое,Новостройка,Без ремонта (коробка),Раздельный,Нет,На стадии строительства,Нет
380000,1,25,2,Фирдавси,Вторичный рынок,Новый ремонт,Совмещенный,Есть,Построено,Есть
380000,2,69,11,Другое,Новостройка,Без ремонта (коробка),Совмещенный,Нет,Построено,Нет
380000,2,63,15,Другое,Новостройка,Без ремонта (коробка),Совмещенный,Есть,На стадии строительства,Нет
380000,2,48,3,Сино,Вторичный рынок,С ремонтом,Раздельный,Есть,Построено,Есть
380000,2,74,6,Другое,Новостройка,С ремонтом,Совмещенный,Нет,Построено,Есть
380000,3,100,8,И. Сомони,Новостройка,Без ремонта (коробка),Раздельный,Нет,На стадии строительства,Нет
380000,3,65,4,Другое,Новостройка,Новый ремонт,Раздельный,Нет,Построено,Есть
380000,3,88,9,Другое,Новостройка,Без ремонта (коробка),Раздельный,Есть,На стадии строительства,Есть
380000,3,53,3,Сино,Вторичный рынок,С ремонтом,Совмещенный,Нет,Построено,Есть
380000,2,42,5,Другое,Вторичный рынок,С ремонтом,Раздельный,Нет,Построено,Есть
380000,2,47,5,Другое,Новостройка,Новый ремонт,Совмещенный,Нет,Построено,Нет
380000,1,58,13,Другое,Новостройка,Без ремонта (коробка),Раздельный,Нет,Построено,Нет
380000,2,55,3,Другое,Вторичный рынок,С ремонтом,Раздельный,Нет,Построено,Есть
380000,1,50,6,И. Сомони,Новостройка,Без ремонта (коробка),Совмещенный,Есть,На стадии строительства,Нет
380000,1,52,6,Другое,Новостройка,Без ремонта (коробка),Совмещенный,Есть,Построено,Нет
380000,1,24,2,Фирдавси,Вторичный рынок,С ремонтом,Раздельный,Нет,Построено,Есть
380000,2,49,12,Сино,Новостройка,Без ремонта (коробка),Совмещенный,Есть,Построено,Нет
380000,3,85,9,Другое,Новостройка,Без ремонта (коробка),Раздельный,Нет,На стадии строительства,Нет
380000,2,42,13,Сино,Новостройка,Новый ремонт,Совмещенный,Нет,Построено,Нет
380000,3,63,9,Другое,Новостройка,Без ремонта (коробка),Раздельный,Нет,Построено,Нет
380000,1,35,2,Другое,Новостройка,Новый ремонт,Совмещенный,Нет,Построено,Есть
380000,2,65,4,Другое,Новостройка,Новый ремонт,Раздельный,Нет,На стадии строительства,Есть
380000,1,46,2,Другое,Новостройка,С ремонтом,Раздельный,Нет,Построено,Есть
380000,2,54,6,Другое,Новостройка,Без ремонта (коробка),Раздельный,Нет,На стадии строительства,Нет
380000,2,104,8,Другое,Новостройка,Без ремонта (коробка),Раздельный,Нет,Построено,Есть
380000,3,89,7,Другое,Новостройка,Без ремонта (коробка),Раздельный,Нет,Построено,Нет
380000,2,55,3,Сино,Вторичный рынок,С ремонтом,Раздельный,Нет,Построено,Есть
380000,2,62,15,И. Сомони,Новостройка,Без ремонта (коробка),Раздельный,Есть,На стадии строительства,Нет
380000,2,62,1,Другое,Новостройка,С ремонтом,Раздельный,Нет,Построено,Есть
380000,2,42,14,Сино,Новостройка,С ремонтом,Раздельный,Нет,Построено,Нет
380000,2,48,3,Сино,Вторичный рынок,С ремонтом,Раздельный,Нет,Построено,Есть
380000,1,58,6,Сино,Новостройка,Без ремонта (коробка),Совмещенный,Нет,Построено,Есть
380000,2,38,1,Другое,Вторичный рынок,С ремонтом,Совмещенный,Есть,Построено,Есть
380000,2,60,2,Другое,Вторичный рынок,С ремонтом,Раздельный,Нет,Построено,Есть
380000,2,56,8,Другое,Новостройка,Без ремонта (коробка),Совмещенный,Нет,Построено,Нет
380000,1,50,9,Шохмансур,Новостройка,Без ремонта (коробка),Совмещенный,Есть,На стадии строительства,Нет
380000,2,74,6,Сино,Новостройка,Без ремонта (коробка),Раздельный,Есть,На стадии строительства,Нет
380000,2,72,6,Другое,Новостройка,Без ремонта (коробка),Раздельный,Нет,На стадии строительства,Есть
380000,2,76,7,Другое,Новостройка,Без ремонта (коробка),Раздельный,Нет,На стадии строительства,Нет
380000,2,49,4,Сино,Вторичный рынок,С ремонтом,Совмещенный,Нет,Построено,Есть
380000,2,45,14,Сино,Новостройка,С ремонтом,Совмещенный,Нет,Построено,Нет
380000,3,70,5,Другое,Вторичный рынок,Без ремонта (коробка),Раздельный,Нет,Построено,Есть
380000,1,73,15,Сино,Новостройка,Без ремонта (коробка),Раздельный,Есть,На стадии строительства,Нет
381000,3,81,1,Сино,Новостройка,Без ремонта (коробка),Раздельный,Нет,На стадии строительства,Нет
381000,2,67,2,Другое,Новостройка,Без ремонта (коробка),Раздельный,Нет,Построено,Нет
381000,2,51,11,И. Сомони,Новостройка,Без ремонта (коробка),Совмещенный,Нет,На стадии строительства,Нет
381300,2,82,7,Сино,Новостройка,Без ремонта (коробка),Раздельный,Нет,На стадии строительства,Нет
382000,2,72,8,И. Сомони,Новостройка,Без ремонта (коробка),Раздельный,Есть,На стадии строительства,Нет
382000,2,82,7,Сино,Новостройка,Без ремонта (коробка),Раздельный,Нет,На стадии строительства,Нет
382000,2,82,8,Сино,Новостройка,Без ремонта (коробка),Раздельный,Нет,На стадии строительства,Нет
383000,2,68,6,Сино,Новостройка,С ремонтом,Совмещенный,Нет,Построено,Есть
383000,2,53,8,Другое,Новостройка,Новый ремонт,Совмещенный,Есть,На стадии строительства,Есть
383000,2,53,8,Другое,Новостройка,Новый ремонт,Раздельный,Нет,На стадии строительства,Есть
383000,2,73,9,И. Сомони,Новостройка,Без ремонта (коробка),Раздельный,Есть,На стадии строительства,Нет
383000,1,59,4,Сино,Новостройка,Без ремонта (коробка),Раздельный,Есть,На стадии строительства,Нет
384000,1,59,6,Сино,Новостройка,Без ремонта (коробка),Совмещенный,Есть,На стадии строительства,Нет
384000,2,66,9,И. Сомони,Новостройка,Без ремонта (коробка),Раздельный,Есть,На стадии строительства,Нет
385000,1,30,5,Сино,Вторичный рынок,С ремонтом,Совмещенный,Есть,Построено,Есть
385000,2,66,6,Другое,Новостройка,Без ремонта (коробка),Раздельный,Нет,Построено,Нет
385000,2,46,3,Сино,Вторичный рынок,С ремонтом,Совмещенный,Нет,Построено,Есть
385000,1,59,4,Сино,Новостройка,Без ремонта (коробка),Совмещенный,Нет,На стадии строительства,Нет
385000,2,70,9,Другое,Новостройка,Без ремонта (коробка),Раздельный,Нет,Построено,Есть
385000,2,40,1,Сино,Новостройка,С ремонтом,Совмещенный,Нет,Построено,Нет
385000,3,64,3,Другое,Вторичный рынок,С ремонтом,Раздельный,Есть,На стадии строительства,Есть
385000,3,81,2,Другое,Новостройка,Без ремонта (коробка),Раздельный,Нет,На стадии строительства,Нет
385000,2,94,10,Другое,Новостройка,Без ремонта (коробка),Раздельный,Нет,Построено,Нет
385000,2,75,3,Другое,Вторичный рынок,С ремонтом,Раздельный,Нет,Построено,Есть
385000,1,42,5,Другое,Новостройка,Новый ремонт,Совмещенный,Нет,Построено,Нет
385000,2,68,14,Шохмансур,Новостройка,Без ремонта (коробка),Раздельный,Есть,На стадии строительства,Нет
385000,1,65,8,И. Сомони,Новостройка,Без ремонта (коробка),Раздельный,Есть,На стадии строительства,Нет
385000,3,65,4,Другое,Новостройка,Новый ремонт,Раздельный,Нет,Построено,Нет
385000,2,42,8,Сино,Новостройка,С ремонтом,Совмещенный,Нет,Построено,Нет
385000,2,62,7,И. Сомони,Новостройка,Без ремонта (коробка),Раздельный,Есть,На стадии строительства,Нет
385000,1,63,7,Сино,Новостройка,Без ремонта (коробка),Совмещенный,Есть,На стадии строительства,Нет
385000,2,43,5,Сино,Новостройка,Новый ремонт,Раздельный,Нет,Построено,Нет
385000,2,82,11,Другое,Новостройка,Без ремонта (коробка),Раздельный,Нет,Построено,Нет
385000,3,74,8,Другое,Новостройка,Без ремонта (коробка),Раздельный,Нет,Построено,Нет
385000,2,53,8,Другое,Новостройка,Новый ремонт,Совмещенный,Нет,Построено,Есть
385000,3,64,4,Другое,Вторичный рынок,С ремонтом,Раздельный,Нет,На стадии строительства,Есть
385000,2,42,8,Сино,Новостройка,Новый ремонт,Совмещенный,Есть,Построено,Нет
385000,3,86,9,Другое,Новостройка,Без ремонта (коробка),Раздельный,Нет,Построено,Нет
385000,2,76,7,Другое,Новостройка,Без ремонта (коробка),Раздельный,Нет,Построено,Нет
385000,1,30,5,Сино,Вторичный рынок,Новый ремонт,Совмещенный,Есть,Построено,Есть
385000,2,58,15,Сино,Новостройка,Без ремонта (коробка),Совмещенный,Есть,На стадии строительства,Нет
385000,2,50,4,Другое,Вторичный рынок,Новый ремонт,Совмещенный,Нет,Построено,Есть
385000,2,68,6,Сино,Новостройка,С ремонтом,Совмещенный,Есть,Построено,Есть
385000,2,70,3,Другое,Новостройка,Без ремонта (коробка),Совмещенный,Нет,На стадии строительства,Нет
385000,2,50,4,Сино,Вторичный рынок,С ремонтом,Совмещенный,Нет,Построено,Есть
385000,3,92,3,Другое,Новостройка,Без ремонта (коробка),Раздельный,Нет,Построено,Нет
385200,2,65,10,Другое,Новостройка,Без ремонта (коробка),Раздельный,Нет,На стадии строительства,Нет
385990,1,59,14,Сино,Новостройка,Без ремонта (коробка),Раздельный,Есть,На стадии строительства,Есть
386000,1,59,13,Сино,Новостройка,Без ремонта (коробка),Раздельный,Есть,На стадии строительства,Есть
386000,2,69,8,И. Сомони,Новостройка,Без ремонта (коробка),Раздельный,Есть,На стадии строительства,Нет
386000,2,62,9,И. Сомони,Новостройка,Без ремонта (коробка),Раздельный,Есть,На стадии строительства,Нет
386000,1,59,12,Сино,Новостройка,Без ремонта (коробка),Раздельный,Есть,На стадии строительства,Есть
386100,1,59,11,Сино,Новостройка,Без ремонта (коробка),Раздельный,Есть,На стадии строительства,Есть
386180,2,75,9,И. Сомони,Новостройка,Без ремонта (коробка),Раздельный,Есть,На стадии строительства,Нет
387000,1,64,2,Сино,Новостройка,Без ремонта (коробка),Совмещенный,Есть,На стадии строительства,Нет
387200,2,76,9,И. Сомони,Новостройка,Без ремонта (коробка),Раздельный,Есть,На стадии строительства,Нет
388000,1,65,4,И. Сомони,Новостройка,Без ремонта (коробка),Раздельный,Есть,На стадии строительства,Нет
388000,1,59,18,Другое,Новостройка,Без ремонта (коробка),Раздельный,Есть,На стадии строительства,Есть
388000,2,65,4,Другое,Новостройка,Без ремонта (коробка),Раздельный,Есть,На стадии строительства,Нет
388000,1,59,16,Другое,Новостройка,Без ремонта (коробка),Раздельный,Есть,На стадии строительства,Есть
388000,2,67,3,Другое,Новостройка,Без ремонта (коробка),Раздельный,Есть,На стадии строительства,Есть
388000,2,74,1,Сино,Новостройка,Без ремонта (коробка),Раздельный,Есть,На стадии строительства,Есть
388000,2,95,6,Сино,Новостройка,Без ремонта (коробка),Раздельный,Есть,На стадии строительства,Нет
388000,1,59,15,Другое,Новостройка,Без ремонта (коробка),Раздельный,Есть,На стадии строительства,Есть
388180,1,59,17,Другое,Новостройка,Без ремонта (коробка),Раздельный,Есть,На стадии строительства,Есть
389000,2,66,4,Другое,Новостройка,Без ремонта (коробка),Раздельный,Нет,На стадии строительства,Нет
389000,2,74,8,Другое,Новостройка,Без ремонта (коробка),Раздельный,Нет,Построено,Нет
389000,1,50,5,Шохмансур,Новостройка,Без ремонта (коробка),Раздельный,Есть,На стадии строительства,Нет
389000,3,64,8,Другое,Новостройка,Новый ремонт,Раздельный,Нет,Построено,Есть
389000,2,69,9,И. Сомони,Новостройка,Без ремонта (коробка),Раздельный,Есть,На стадии строительства,Нет
389000,2,48,3,Другое,Новостройка,Новый ремонт,Совмещенный,Нет,Построено,Нет
389000,4,100,7,Сино,Новостройка,Без ремонта (коробка),Раздельный,Есть,На стадии строительства,Нет
389000,2,45,8,Сино,Новостройка,Новый ремонт,Совмещенный,Есть,Построено,Нет
389999,3,91,10,Сино,Новостройка,Без ремонта (коробка),Раздельный,Нет,Построено,Есть
390000,1,66,8,Другое,Новостройка,Без ремонта (коробка),Раздельный,Есть,На стадии строительства,Нет
390000,1,33,3,Другое,Новостройка,Новый ремонт,Совмещенный,Нет,Построено,Есть
390000,2,38,1,Другое,Новостройка,Новый ремонт,Совмещенный,Нет,Построено,Нет
390000,2,72,5,И. Сомони,Новостройка,Без ремонта (коробка),Раздельный,Есть,На стадии строительства,Нет
390000,3,62,6,Другое,Новостройка,Без ремонта (коробка),Раздельный,Нет,На стадии строительства,Нет
390000,2,72,9,И. Сомони,Новостройка,Без ремонта (коробка),Раздельный,Есть,На стадии строительства,Нет
390000,2,52,5,Сино,Новостройка,Без ремонта (коробка),Раздельный,Нет,Построено,Есть
390000,1,30,5,Сино,Вторичный рынок,Новый ремонт,Совмещенный,Есть,Построено,Есть
390000,3,80,1,Другое,Вторичный рынок,Новый ремонт,Совмещенный,Нет,Построено,Есть
390000,2,69,3,Другое,Новостройка,Без ремонта (коробка),Раздельный,Нет,На стадии строительства,Нет
390000,2,64,5,Другое,Вторичный рынок,Новый ремонт,Раздельный,Нет,Построено,Есть
390000,2,60,5,Сино,Новостройка,Без ремонта (коробка),Раздельный,Нет,На стадии строительства,Нет
390000,2,60,1,Другое,Новостройка,Новый ремонт,Раздельный,Нет,Построено,Есть
390000,2,70,9,Сино,Новостройка,Без ремонта (коробка),Раздельный,Нет,Построено,Есть
390000,2,48,1,Сино,Вторичный рынок,Новый ремонт,Совмещенный,Нет,Построено,Есть
390000,2,50,4,Сино,Вторичный рынок,С ремонтом,Совмещенный,Нет,Построено,Есть
390000,2,62,3,Другое,Новостройка,Новый ремонт,Совмещенный,Нет,На стадии строительства,Есть
390000,2,46,7,Другое,Новостройка,Новый ремонт,Совмещенный,Нет,Построено,Нет
390000,1,120,2,Фирдавси,Вторичный рынок,С ремонтом,Раздельный,Есть,Построено,Есть
390000,2,40,4,Другое,Вторичный рынок,С ремонтом,Совмещенный,Нет,Построено,Есть
390000,3,89,4,Другое,Новостройка,Без ремонта (коробка),Раздельный,Нет,Построено,Нет
390000,1,64,10,Сино,Новостройка,Без ремонта (коробка),Совмещенный,Нет,На стадии строительства,Нет
390000,1,90,10,Другое,Новостройка,Без ремонта (коробка),Совмещенный,Нет,Построено,Нет
390000,1,28,3,Сино,Вторичный рынок,С ремонтом,Раздельный,Есть,Построено,Есть
390000,2,65,2,Другое,Новостройка,Без ремонта (коробка),Совмещенный,Нет,Построено,Нет
390000,2,45,8,Другое,Новостройка,Новый ремонт,Раздельный,Нет,На стадии строительства,Нет
390000,2,60,6,Сино,Новостройка,Без ремонта (коробка),Совмещенный,Нет,Построено,Есть
390000,3,90,13,Другое,Новостройка,Без ремонта (коробка),Раздельный,Есть,Построено,Нет
390000,2,52,6,Другое,Новостройка,Новый ремонт,Раздельный,Нет,Построено,Нет
390000,3,83,9,Сино,Новостройка,Без ремонта (коробка),Раздельный,Нет,Построено,Нет
390000,1,66,8,И. Сомони,Новостройка,Без ремонта (коробка),Раздельный,Есть,На стадии строительства,Нет
390000,3,48,1,Сино,Вторичный рынок,С ремонтом,Совмещенный,Нет,Построено,Есть
390000,2,92,5,Сино,Новостройка,Без ремонта (коробка),Раздельный,Нет,На стадии строительства,Нет
390000,2,65,1,Другое,Вторичный рынок,Новый ремонт,Раздельный,Нет,Построено,Есть
390000,1,56,10,Сино,Новостройка,Без ремонта (коробка),Совмещенный,Есть,Построено,Нет
390000,3,81,5,Другое,Новостройка,Новый ремонт,Раздельный,Есть,Построено,Нет
390000,1,36,5,Сино,Вторичный рынок,С ремонтом,Совмещенный,Есть,Построено,Есть
390000,1,25,2,Фирдавси,Вторичный рынок,С ремонтом,Совмещенный,Есть,Построено,Есть
390000,2,48,1,Сино,Вторичный рынок,С ремонтом,Совмещенный,Нет,Построено,Есть
390000,2,52,6,Другое,Новостройка,С ремонтом,Раздельный,Нет,На стадии строительства,Есть
390000,1,30,2,Другое,Вторичный рынок,С ремонтом,Раздельный,Есть,Построено,Есть
390000,2,70,7,Другое,Новостройка,Без ремонта (коробка),Совмещенный,Нет,На стадии строительства,Есть
390000,1,54,8,Сино,Новостройка,Без ремонта (коробка),Раздельный,Есть,На стадии строительства,Нет
390000,2,72,2,Сино,Новостройка,Без ремонта (коробка),Совмещенный,Нет,Построено,Нет
390000,2,65,12,Другое,Новостройка,Без ремонта (коробка),Раздельный,Есть,На стадии строительства,Нет
390000,2,85,7,Другое,Новостройка,Без ремонта (коробка),Раздельный,Нет,Построено,Нет
390000,2,48,3,Другое,Вторичный рынок,Новый ремонт,Раздельный,Нет,Построено,Есть
390000,2,69,7,И. Сомони,Новостройка,Без ремонта (коробка),Раздельный,Есть,На стадии строительства,Нет
390000,2,62,8,И. Сомони,Новостройка,Без ремонта (коробка),Раздельный,Есть,На стадии строительства,Нет
390000,2,68,5,Другое,Новостройка,С ремонтом,Раздельный,Есть,Построено,Есть
390000,2,38,1,Сино,Новостройка,С ремонтом,Совмещенный,Нет,Построено,Есть
390000,3,65,4,Другое,Вторичный рынок,С ремонтом,Раздельный,Нет,Построено,Есть
390000,2,48,1,Другое,Новостройка,С ремонтом,Раздельный,Нет,Построено,Есть
390000,1,29,3,Сино,Вторичный рынок,Новый ремонт,Совмещенный,Есть,Построено,Есть
390921,1,56,17,Другое,Новостройка,Без ремонта (коробка),Раздельный,Есть,На стадии строительства,Нет
391000,2,44,6,Другое,Новостройка,Новый ремонт,Раздельный,Нет,Построено,Нет
392500,2,70,15,Сино,Новостройка,Без ремонта (коробка),Раздельный,Есть,На стадии строительства,Есть
392650,2,70,16,Другое,Новостройка,Без ремонта (коробка),Раздельный,Есть,На стадии строительства,Есть
392650,2,70,17,Сино,Новостройка,Без ремонта (коробка),Раздельный,Есть,На стадии строительства,Есть
392690,2,70,18,Сино,Новостройка,Без ремонта (коробка),Раздельный,Есть,На стадии строительства,Есть
392700,2,77,10,Другое,Новостройка,Без ремонта (коробка),Раздельный,Нет,Построено,Нет
393000,2,76,7,И. Сомони,Новостройка,Без ремонта (коробка),Раздельный,Есть,На стадии строительства,Нет
393000,2,91,5,Сино,Новостройка,Без ремонта (коробка),Раздельный,Нет,На стадии строительства,Нет
393000,2,61,7,И. Сомони,Новостройка,Без ремонта (коробка),Раздельный,Есть,На стадии строительства,Нет
393000,2,92,9,Другое,Новостройка,Без ремонта (коробка),Раздельный,Нет,Построено,Нет
393500,2,86,5,Другое,Новостройка,Без ремонта (коробка),Раздельный,Нет,Построено,Нет
393999,4,91,10,Сино,Новостройка,Без ремонта (коробка),Раздельный,Нет,Построено,Есть
394000,2,75,6,И. Сомони,Новостройка,Без ремонта (коробка),Раздельный,Есть,На стадии строительства,Нет
394000,2,76,7,И. Сомони,Новостройка,Без ремонта (коробка),Раздельный,Есть,На стадии строительства,Нет
394000,2,90,10,Другое,Новостройка,Без ремонта (коробка),Совмещенный,Нет,Построено,Нет
394000,2,76,4,И. Сомони,Новостройка,Без ремонта (коробка),Раздельный,Есть,На стадии строительства,Нет
395000,2,91,6,Другое,Новостройка,Без ремонта (коробка),Раздельный,Нет,Построено,Нет
395000,2,67,4,Сино,Новостройка,Без ремонта (коробка),Раздельный,Есть,На стадии строительства,Нет
395000,2,72,8,Другое,Новостройка,Без ремонта (коробка),Раздельный,Нет,Построено,Нет
395000,1,64,5,И. Сомони,Новостройка,Без ремонта (коробка),Раздельный,Есть,На стадии строительства,Нет
395000,3,82,7,Другое,Новостройка,Без ремонта (коробка),Раздельный,Нет,Построено,Есть
395000,2,82,2,Сино,Новостройка,Без ремонта (коробка),Раздельный,Нет,Построено,Нет
395000,2,48,1,Другое,Новостройка,С ремонтом,Совмещенный,Есть,Построено,Есть
395000,3,77,8,И. Сомони,Новостройка,Без ремонта (коробка),Раздельный,Нет,На стадии строительства,Нет
395000,2,41,4,Другое,Новостройка,Новый ремонт,Совмещенный,Нет,Построено,Нет
395000,1,67,10,Шохмансур,Новостройка,Без ремонта (коробка),Раздельный,Есть,На стадии строительства,Нет
395000,2,92,9,Сино,Новостройка,Без ремонта (коробка),Раздельный,Нет,Построено,Нет
395000,2,66,7,Другое,Новостройка,Без ремонта (коробка),Раздельный,Нет,Построено,Нет
395000,1,67,4,Сино,Новостройка,Без ремонта (коробка),Раздельный,Есть,На стадии строительства,Нет
395000,1,62,8,Другое,Новостройка,Без ремонта (коробка),Совмещенный,Нет,На стадии строительства,Нет
395000,2,90,10,Сино,Новостройка,Без ремонта (коробка),Совмещенный,Нет,Построено,Нет
395000,2,67,5,И. Сомони,Новостройка,Без ремонта (коробка),Раздельный,Есть,На стадии строительства,Нет
395000,2,61,2,Другое,Новостройка,Новый ремонт,Раздельный,Есть,Построено,Есть
395000,1,65,9,И. Сомони,Новостройка,Без ремонта (коробка),Раздельный,Есть,На стадии строительства,Нет
395000,2,62,2,Другое,Новостройка,Новый ремонт,Раздельный,Нет,Построено,Есть
395000,2,58,16,Сино,Новостройка,Без ремонта (коробка),Совмещенный,Есть,Построено,Нет
395000,3,92,9,Сино,Новостройка,Без ремонта (коробка),Раздельный,Нет,Построено,Нет
395000,2,60,4,Другое,Новостройка,Без ремонта (коробка),Раздельный,Есть,Построено,Нет
395000,1,45,5,Другое,Новостройка,С ремонтом,Раздельный,Нет,Построено,Есть
395000,1,56,17,Шохмансур,Новостройка,Без ремонта (коробка),Совмещенный,Есть,На стадии строительства,Нет
395000,3,1234,4,Шохмансур,Вторичный рынок,С ремонтом,Раздельный,Нет,Построено,Есть
395000,2,61,2,Другое,Новостройка,С ремонтом,Раздельный,Нет,Построено,Есть
395000,2,66,8,Другое,Новостройка,Без ремонта (коробка),Раздельный,Нет,На стадии строительства,Нет
395000,1,67,10,Другое,Новостройка,Без ремонта (коробка),Раздельный,Есть,На стадии строительства,Нет
395000,3,94,4,Сино,Новостройка,Без ремонта (коробка),Раздельный,Нет,Построено,Нет
395000,1,74,8,И. Сомони,Новостройка,Без ремонта (коробка),Раздельный,Есть,На стадии строительства,Нет
395000,2,69,9,И. Сомони,Новостройка,Без ремонта (коробка),Раздельный,Есть,На стадии строительства,Нет
395000,3,85,6,Другое,Новостройка,Без ремонта (коробка),Раздельный,Нет,Построено,Нет
395000,2,82,9,Другое,Новостройка,Без ремонта (коробка),Раздельный,Есть,На стадии строительства,Есть
395000,2,75,8,Другое,Новостройка,С ремонтом,Раздельный,Нет,Построено,Есть
395000,1,30,3,Сино,Вторичный рынок,С ремонтом,Совмещенный,Нет,Построено,Есть
395000,2,73,8,Другое,Новостройка,Без ремонта (коробка),Раздельный,Нет,Построено,Нет
395000,2,57,16,Шохмансур,Новостройка,Без ремонта (коробка),Раздельный,Есть,На стадии строительства,Нет
395000,2,70,6,Другое,Новостройка,Новый ремонт,Совмещенный,Нет,Построено,Есть
395000,1,32,5,Сино,Вторичный рынок,Новый ремонт,Совмещенный,Есть,Построено,Есть
395000,2,83,12,Другое,Новостройка,Без ремонта (коробка),Раздельный,Есть,Построено,Нет
396000,2,70,7,Другое,Новостройка,Без ремонта (коробка),Раздельный,Нет,Построено,Нет
398000,1,54,9,Сино,Новостройка,Без ремонта (коробка),Раздельный,Нет,Построено,Есть
398000,3,93,2,Другое,Новостройка,Без ремонта (коробка),Раздельный,Нет,На стадии строительства,Есть
398000,2,67,6,Другое,Новостройка,Без ремонта (коробка),Раздельный,Нет,Построено,Нет
398000,2,55,6,Другое,Новостройка,Без ремонта (коробка),Совмещенный,Нет,Построено,Нет
398000,2,69,9,И. Сомони,Новостройка,Без ремонта (коробка),Раздельный,Есть,На стадии строительства,Нет
398000,2,95,9,Другое,Новостройка,Без ремонта (коробка),Раздельный,Нет,На стадии строительства,Нет
398000,2,51,4,Сино,Новостройка,Новый ремонт,Совмещенный,Нет,Построено,Есть
398200,1,60,17,Сино,Новостройка,Без ремонта (коробка),Раздельный,Есть,На стадии строительства,Есть
398500,1,66,12,Шохмансур,Новостройка,Без ремонта (коробка),Раздельный,Нет,На стадии строительства,Нет
398500,1,66,14,Шохмансур,Новостройка,Без ремонта (коробка),Раздельный,Нет,На стадии строительства,Нет
398900,1,58,6,Шохмансур,Новостройка,Без ремонта (коробка),Раздельный,Есть,На стадии строительства,Есть
399000,2,62,16,Другое,Новостройка,Без ремонта (коробка),Раздельный,Есть,На стадии строительства,Нет
399000,2,50,6,Сино,Новостройка,Новый ремонт,Совмещенный,Нет,Построено,Нет
399000,3,97,9,И. Сомони,Новостройка,Без ремонта (коробка),Раздельный,Нет,На стадии строительства,Нет
399000,2,87,8,Сино,Новостройка,Без ремонта (коробка),Раздельный,Нет,На стадии строительства,Нет
399000,3,57,4,Другое,Вторичный рынок,Новый ремонт,Раздельный,Нет,Построено,Есть
399000,2,66,8,И. Сомони,Новостройка,Без ремонта (коробка),Раздельный,Есть,На стадии строительства,Нет
399000,2,56,5,Другое,Новостройка,Без ремонта (коробка),Раздельный,Нет,Построено,Нет
399000,1,53,4,Другое,Новостройка,Новый ремонт,Раздельный,Нет,Построено,Нет
399000,2,42,1,Фирдавси,Новостройка,С ремонтом,Раздельный,Нет,Построено,Есть
399000,2,52,2,Другое,Новостройка,С ремонтом,Раздельный,Нет,Построено,Есть
399000,2,80,2,Другое,Новостройка,Без ремонта (коробка),Раздельный,Нет,Построено,Нет
399000,3,100,1,Другое,Новостройка,Без ремонта (коробка),Раздельный,Нет,На стадии строительства,Нет
399000,2,50,2,Сино,Новостройка,Новый ремонт,Раздельный,Есть,Построено,Нет
399000,2,66,7,И. Сомони,Новостройка,Без ремонта (коробка),Раздельный,Нет,Построено,Нет
399000,2,38,2,Сино,Новостройка,Новый ремонт,Раздельный,Нет,Построено,Есть
399000,2,83,8,Другое,Новостройка,Без ремонта (коробка),Раздельный,Нет,Построено,Нет
399000,2,52,8,Другое,Новостройка,Новый ремонт,Раздельный,Нет,Построено,Есть
399000,3,91,9,Другое,Новостройка,Без ремонта (коробка),Раздельный,Нет,На стадии строительства,Нет
399000,2,51,14,Шохмансур,Новостройка,Без ремонта (коробка),Раздельный,Есть,На стадии строительства,Нет
399000,1,54,8,Сино,Новостройка,Без ремонта (коробка),Раздельный,Есть,На стадии строительства,Нет
399000,1,44,3,Другое,Новостройка,Новый ремонт,Раздельный,Нет,Построено,Есть
399000,2,45,2,Другое,Новостройка,Новый ремонт,Совмещенный,Нет,Построено,Нет
399000,2,87,6,Сино,Новостройка,Без ремонта (коробка),Раздельный,Нет,На стадии строительства,Нет
399900,1,69,5,Сино,Новостройка,Без ремонта (коробка),Раздельный,Нет,На стадии строительства,Нет
399999,2,78,10,Сино,Новостройка,С ремонтом,Раздельный,Нет,Построено,Нет
399999,1,26,4,Фирдавси,Вторичный рынок,С ремонтом,Совмещенный,Есть,Построено,Есть
400000,2,44,10,Сино,Новостройка,С ремонтом,Совмещенный,Нет,Построено,Нет
400000,1,30,3,Фирдавси,Вторичный рынок,С ремонтом,Совмещенный,Есть,Построено,Есть
400000,2,50,6,Сино,Новостройка,Новый ремонт,Совмещенный,Нет,Построено,Нет
400000,1,28,2,Фирдавси,Вторичный рынок,С ремонтом,Совмещенный,Есть,Построено,Есть
400000,2,43,6,Другое,Новостройка,Новый ремонт,Раздельный,Нет,Построено,Есть
400000,2,61,3,Другое,Новостройка,Без ремонта (коробка),Раздельный,Нет,На стадии строительства,Нет
400000,1,60,4,Другое,Новостройка,Без ремонта (коробка),Совмещенный,Нет,На стадии строительства,Нет
400000,2,55,4,Другое,Вторичный рынок,С ремонтом,Раздельный,Нет,Построено,Есть
400000,1,59,3,Сино,Новостройка,Без ремонта (коробка),Раздельный,Нет,Построено,Нет
400000,2,50,6,Сино,Вторичный рынок,Новый ремонт,Совмещенный,Нет,Построено,Нет
400000,2,73,2,Сино,Новостройка,Без ремонта (коробка),Раздельный,Есть,На стадии строительства,Есть
400000,1,64,6,И. Сомони,Новостройка,Без ремонта (коробка),Раздельный,Есть,На стадии строительства,Нет
400000,2,63,1,Другое,Новостройка,Без ремонта (коробка),Раздельный,Нет,Построено,Нет
400000,2,50,6,Сино,Новостройка,Без ремонта (коробка),Раздельный,Нет,На стадии строительства,Нет
400000,2,43,6,Сино,Новостройка,С ремонтом,Раздельный,Нет,Построено,Нет
400000,1,30,4,Другое,Вторичный рынок,С ремонтом,Совмещенный,Есть,Построено,Есть
400000,3,40,2,Другое,Вторичный рынок,С ремонтом,Раздельный,Есть,Построено,Есть
400000,2,80,7,Другое,Новостройка,Без ремонта (коробка),Раздельный,Нет,На стадии строительства,Нет
400000,2,60,7,И. Сомони,Новостройка,Новый ремонт,Раздельный,Нет,Построено,Есть
400000,5,105,2,Другое,Вторичный рынок,С ремонтом,Раздельный,Есть,Построено,Есть
400000,2,58,1,Другое,Новостройка,С ремонтом,Раздельный,Нет,Построено,Есть
400000,2,76,9,И. Сомони,Новостройка,Без ремонта (коробка),Раздельный,Есть,На стадии строительства,Нет
400000,2,43,3,Другое,Новостройка,Новый ремонт,Совмещенный,Нет,Построено,Есть
400000,2,76,6,И. Сомони,Новостройка,Без ремонта (коробка),Раздельный,Есть,На стадии строительства,Нет
400000,2,53,5,Сино,Новостройка,Без ремонта (коробка),Раздельный,Нет,Построено,Нет
400000,1,52,13,Шохмансур,Новостройка,Без ремонта (коробка),Раздельный,Есть,На стадии строительства,Нет
400000,2,52,8,Другое,Новостройка,Без ремонта (коробка),Совмещенный,Нет,Построено,Есть
400000,2,68,14,Другое,Новостройка,Без ремонта (коробка),Раздельный,Нет,На стадии строительства,Нет
400000,2,82,8,Другое,Новостройка,Без ремонта (коробка),Раздельный,Есть,На стадии строительства,Есть
400000,2,45,4,Сино,Вторичный рынок,С ремонтом,Совмещенный,Нет,Построено,Есть
400000,2,45,3,Другое,Новостройка,Новый ремонт,Совмещенный,Нет,Построено,Нет
400000,1,30,3,Сино,Вторичный рынок,С ремонтом,Совмещенный,Есть,Построено,Есть
400000,2,50,3,Сино,Вторичный рынок,С ремонтом,Раздельный,Нет,Построено,Есть
400000,2,69,9,И. Сомони,Новостройка,Без ремонта (коробка),Раздельный,Есть,На стадии строительства,Нет
400000,1,65,9,Шохмансур,Новостройка,Без ремонта (коробка),Совмещенный,Есть,На стадии строительства,Нет
400000,4,80,4,Другое,Вторичный рынок,С ремонтом,Раздельный,Нет,Построено,Есть
400000,2,71,10,Другое,Новостройка,Без ремонта (коробка),Раздельный,Есть,На стадии строительства,Нет
400000,1,30,4,Сино,Вторичный рынок,С ремонтом,Совмещенный,Есть,Построено,Есть
400000,3,85,7,Другое,Новостройка,Без ремонта (коробка),Раздельный,Есть,На стадии строительства,Нет
400000,1,65,6,Другое,Новостройка,Без ремонта (коробка),Раздельный,Есть,На стадии строительства,Нет
400000,1,50,11,Сино,Новостройка,Без ремонта (коробка),Раздельный,Нет,На стадии строительства,Есть
400000,1,59,15,Фирдавси,Новостройка,Без ремонта (коробка),Раздельный,Есть,На стадии строительства,Нет
400000,2,51,4,Другое,Новостройка,Без ремонта (коробка),Совмещенный,Нет,На стадии строительства,Нет
400000,2,41,4,Другое,Новостройка,Новый ремонт,Совмещенный,Нет,Построено,Нет
400000,2,70,7,Другое,Новостройка,Без ремонта (коробка),Раздельный,Нет,Построено,Нет
400000,3,83,6,Другое,Новостройка,Без ремонта (коробка),Раздельный,Нет,Построено,Нет
400000,2,74,8,Другое,Новостройка,Без ремонта (коробка),Совмещенный,Нет,На стадии строительства,Нет
400000,2,100,10,Другое,Новостройка,Без ремонта (коробка),Раздельный,Нет,На стадии строительства,Нет
400000,2,58,5,Другое,Новостройка,Новый ремонт,Раздельный,Нет,Построено,Есть
400000,1,55,12,Фирдавси,Новостройка,Без ремонта (коробка),Раздельный,Есть,Построено,Нет
400000,2,64,6,Другое,Новостройка,Новый ремонт,Совмещенный,Нет,Построено,Нет
400000,1,27,3,Сино,Вторичный рынок,С ремонтом,Совмещенный,Есть,Построено,Есть
400000,2,41,13,Сино,Новостройка,Новый ремонт,Совмещенный,Нет,Построено,Есть
400000,1,67,10,Шохмансур,Новостройка,Без ремонта (коробка),Раздельный,Есть,На стадии строительства,Нет
400000,2,64,5,Другое,Новостройка,Новый ремонт,Раздельный,Нет,Построено,Есть
400000,2,83,2,Сино,Новостройка,Без ремонта (коробка),Раздельный,Нет,Построено,Нет
400000,3,70,3,Другое,Вторичный рынок,С ремонтом,Раздельный,Нет,Построено,Есть
400000,2,42,19,Сино,Новостройка,Новый ремонт,Совмещенный,Есть,Построено,Нет
400000,2,1155,9,И. Сомони,Новостройка,Без ремонта (коробка),Раздельный,Есть,На стадии строительства,Нет
400000,2,50,20,Сино,Новостройка,Без ремонта (коробка),Раздельный,Нет,На стадии строительства,Нет
400000,2,45,3,Другое,Вторичный рынок,Новый ремонт,Раздельный,Нет,Построено,Есть
400000,2,60,2,Другое,Вторичный рынок,С ремонтом,Раздельный,Нет,Построено,Есть
400000,2,72,10,Другое,Новостройка,Без ремонта (коробка),Раздельный,Нет,На стадии строительства,Нет
400000,2,80,6,Сино,Новостройка,Без ремонта (коробка),Раздельный,Нет,Построено,Нет
400000,2,95,1,Другое,Новостройка,Без ремонта (коробка),Раздельный,Нет,На стадии строительства,Нет
400000,1,65,5,Другое,Новостройка,Без ремонта (коробка),Раздельный,Есть,На стадии строительства,Нет
400000,3,97,8,Другое,Новостройка,Без ремонта (коробка),Раздельный,Нет,На стадии строительства,Нет
400000,3,55,18,Сино,Новостройка,С ремонтом,Раздельный,Нет,Построено,Нет
400000,2,42,19,Сино,Новостройка,Новый ремонт,Совмещенный,Нет,Построено,Нет
400000,2,81,9,Сино,Новостройка,Без ремонта (коробка),Раздельный,Есть,На стадии строительства,Нет
400000,3,94,9,Сино,Новостройка,Без ремонта (коробка),Раздельный,Нет,Построено,Нет
400000,1,20,3,Сино,Вторичный рынок,С ремонтом,Совмещенный,Есть,Построено,Есть
400000,2,81,5,Сино,Новостройка,Без ремонта (коробка),Раздельный,Нет,На стадии строительства,Нет
400002,2,47,10,Фирдавси,Новостройка,Без ремонта (коробка),Раздельный,Нет,На стадии строительства,Нет
400004,3,80,8,Другое,Новостройка,Без ремонта (коробка),Раздельный,Нет,На стадии строительства,Нет
401000,3,97,7,Другое,Новостройка,Без ремонта (коробка),Раздельный,Нет,На стадии строительства,Нет
401280,1,61,18,Другое,Новостройка,Без ремонта (коробка),Раздельный,Есть,На стадии строительства,Есть
401290,1,61,15,Другое,Новостройка,Без ремонта (коробка),Раздельный,Есть,На стадии строительства,Есть
401300,1,61,16,Другое,Новостройка,Без ремонта (коробка),Раздельный,Есть,На стадии строительства,Есть
401360,1,61,17,Другое,Новостройка,Без ремонта (коробка),Раздельный,Есть,На стадии строительства,Есть
401600,1,50,5,Сино,Новостройка,Без ремонта (коробка),Раздельный,Есть,На стадии строительства,Есть
401600,2,61,7,Сино,Новостройка,Без ремонта (коробка),Раздельный,Есть,На стадии строительства,Есть
401600,2,61,6,Сино,Новостройка,Без ремонта (коробка),Раздельный,Есть,На стадии строительства,Есть
402000,2,42,3,Сино,Вторичный рынок,С ремонтом,Раздельный,Нет,Построено,Есть
402000,2,66,4,И. Сомони,Новостройка,Без ремонта (коробка),Раздельный,Есть,На стадии строительства,Нет
402000,2,46,7,И. Сомони,Новостройка,Новый ремонт,Совмещенный,Нет,Построено,Нет
403000,2,60,8,Другое,Новостройка,Без ремонта (коробка),Совмещенный,Нет,Построено,Есть
403000,3,98,9,Другое,Новостройка,Без ремонта (коробка),Раздельный,Нет,Построено,Нет
404000,2,72,8,И. Сомони,Новостройка,Без ремонта (коробка),Раздельный,Есть,На стадии строительства,Нет
404000,3,98,8,Другое,Новостройка,Без ремонта (коробка),Раздельный,Нет,На стадии строительства,Нет
404000,2,72,9,И. Сомони,Новостройка,Без ремонта (коробка),Раздельный,Есть,На стадии строительства,Нет
405000,1,64,13,Другое,Новостройка,Без ремонта (коробка),Совмещенный,Есть,На стадии строительства,Нет
405000,2,72,9,И. Сомони,Новостройка,Без ремонта (коробка),Раздельный,Есть,На стадии строительства,Нет
405000,2,88,6,Другое,Новостройка,Без ремонта (коробка),Раздельный,Нет,На стадии строительства,Нет
405000,3,90,5,Сино,Новостройка,Без ремонта (коробка),Раздельный,Нет,Построено,Нет
405000,2,60,14,Сино,Новостройка,Без ремонта (коробка),Раздельный,Нет,На стадии строительства,Нет
405000,2,66,4,И. Сомони,Новостройка,Без ремонта (коробка),Раздельный,Есть,На стадии строительства,Нет
405000,3,80,9,Другое,Новостройка,Без ремонта (коробка),Раздельный,Нет,Построено,Нет
405000,2,63,3,Другое,Новостройка,Без ремонта (коробка),Раздельный,Нет,На стадии строительства,Нет
405000,3,89,8,Другое,Новостройка,Без ремонта (коробка),Раздельный,Нет,Построено,Есть
405000,2,68,3,Другое,Новостройка,Без ремонта (коробка),Раздельный,Есть,Построено,Нет
405000,3,98,7,Другое,Новостройка,Без ремонта (коробка),Раздельный,Нет,На стадии строительства,Нет
405000,2,52,4,Другое,Вторичный рынок,Новый ремонт,Раздельный,Нет,Построено,Есть
405000,2,53,3,Другое,Новостройка,Без ремонта (коробка),Раздельный,Нет,На стадии строительства,Нет
405000,3,53,8,Другое,Новостройка,Новый ремонт,Совмещенный,Нет,Построено,Есть
406000,1,58,12,Сино,Новостройка,Без ремонта (коробка),Совмещенный,Есть,На стадии строительства,Нет
406000,2,46,8,И. Сомони,Новостройка,Новый ремонт,Совмещенный,Нет,Построено,Нет
408000,2,88,2,Другое,Новостройка,Без ремонта (коробка),Раздельный,Нет,На стадии строительства,Нет
408000,3,80,2,И. Сомони,Новостройка,Без ремонта (коробка),Раздельный,Нет,Построено,Нет
408000,2,68,2,Другое,Новостройка,Без ремонта (коробка),Совмещенный,Нет,Построено,Нет
409000,1,54,6,Другое,Новостройка,Без ремонта (коробка),Совмещенный,Нет,На стадии строительства,Нет
409000,3,93,1,Сино,Новостройка,Без ремонта (коробка),Раздельный,Нет,Построено,Нет
409000,2,47,2,Сино,Новостройка,Новый ремонт,Совмещенный,Нет,Построено,Нет
409000,1,62,15,Шохмансур,Новостройка,Без ремонта (коробка),Совмещенный,Есть,Построено,Нет
410000,2,62,4,Сино,Новостройка,Новый ремонт,Совмещенный,Есть,Построено,Нет
410000,1,28,3,Сино,Вторичный рынок,Новый ремонт,Совмещенный,Есть,Построено,Есть
410000,2,61,9,Другое,Новостройка,Новый ремонт,Раздельный,Нет,Построено,Есть
410000,2,72,7,Сино,Новостройка,Без ремонта (коробка),Раздельный,Есть,На стадии строительства,Нет
410000,2,62,4,Сино,Новостройка,Без ремонта (коробка),Раздельный,Нет,На стадии строительства,Нет
410000,2,90,5,Другое,Новостройка,Без ремонта (коробка),Раздельный,Нет,Построено,Есть
410000,3,54,9,Другое,Новостройка,С ремонтом,Совмещенный,Нет,Построено,Есть
410000,3,62,4,Другое,Новостройка,С ремонтом,Раздельный,Нет,Построено,Нет
410000,3,63,7,Другое,Новостройка,Без ремонта (коробка),Раздельный,Нет,Построено,Есть
410000,2,40,1,Фирдавси,Новостройка,Новый ремонт,Совмещенный,Нет,Построено,Есть
410000,2,82,4,Сино,Новостройка,Без ремонта (коробка),Раздельный,Нет,Построено,Нет
410000,1,28,4,Другое,Вторичный рынок,Новый ремонт,Совмещенный,Есть,Построено,Есть
410000,2,48,3,Другое,Новостройка,С ремонтом,Раздельный,Нет,Построено,Нет
410000,3,55,9,Другое,Новостройка,Новый ремонт,Совмещенный,Нет,Построено,Нет
410000,2,46,10,Другое,Новостройка,Новый ремонт,Совмещенный,Нет,Построено,Нет
410000,2,46,7,Другое,Новостройка,Без ремонта (коробка),Раздельный,Нет,Построено,Нет
410000,1,37,1,Сино,Вторичный рынок,С ремонтом,Совмещенный,Нет,Построено,Есть
410000,2,82,4,Другое,Новостройка,Без ремонта (коробка),Раздельный,Нет,Построено,Нет
410000,1,45,1,Сино,Вторичный рынок,С ремонтом,Совмещенный,Есть,Построено,Есть
410000,3,93,9,Другое,Новостройка,Без ремонта (коробка),Раздельный,Нет,Построено,Нет
410000,3,80,1,Другое,Вторичный рынок,Новый ремонт,Раздельный,Нет,Построено,Есть
410000,2,73,7,Другое,Новостройка,Без ремонта (коробка),Раздельный,Нет,Построено,Нет
410000,3,83,9,Сино,Новостройка,Без ремонта (коробка),Раздельный,Есть,Построено,Есть
410000,2,72,7,И. Сомони,Новостройка,Без ремонта (коробка),Раздельный,Есть,На стадии строительства,Нет
410000,2,72,9,И. Сомони,Новостройка,Без ремонта (коробка),Раздельный,Есть,На стадии строительства,Нет
410000,2,67,14,Сино,Новостройка,Без ремонта (коробка),Раздельный,Есть,На стадии строительства,Нет
410000,2,68,14,Сино,Новостройка,Без ремонта (коробка),Раздельный,Есть,На стадии строительства,Нет
410000,2,72,7,Сино,Новостройка,Без ремонта (коробка),Раздельный,Есть,Построено,Нет
410000,2,55,9,Другое,Новостройка,Новый ремонт,Совмещенный,Нет,Построено,Есть
410000,4,100,10,Сино,Новостройка,Без ремонта (коробка),Совмещенный,Есть,Построено,Есть
410000,1,57,14,Сино,Новостройка,Без ремонта (коробка),Совмещенный,Есть,На стадии строительства,Нет
410000,2,45,3,Другое,Новостройка,Новый ремонт,Раздельный,Нет,Построено,Нет
410000,2,55,10,Сино,Новостройка,Без ремонта (коробка),Совмещенный,Есть,Построено,Нет
410000,2,71,9,И. Сомони,Новостройка,Без ремонта (коробка),Раздельный,Есть,На стадии строительства,Нет
410000,2,48,1,Сино,Вторичный рынок,С ремонтом,Совмещенный,Нет,Построено,Есть
410000,2,44,3,Сино,Вторичный рынок,С ремонтом,Совмещенный,Нет,Построено,Есть
410000,2,44,2,Другое,Новостройка,С ремонтом,Раздельный,Нет,Построено,Есть
410000,1,30,3,Сино,Вторичный рынок,С ремонтом,Совмещенный,Есть,Построено,Есть
410000,2,49,4,Сино,Вторичный рынок,Без ремонта (коробка),Совмещенный,Нет,Построено,Есть
410000,1,32,3,Сино,Вторичный рынок,Новый ремонт,Совмещенный,Есть,Построено,Есть
410000,2,63,6,Другое,Новостройка,Без ремонта (коробка),Совмещенный,Есть,На стадии строительства,Нет
410000,2,47,3,Другое,Новостройка,Без ремонта (коробка),Раздельный,Нет,Построено,Нет
410000,2,78,15,Сино,Новостройка,Без ремонта (коробка),Раздельный,Есть,На стадии строительства,Нет
410000,2,63,6,Другое,Новостройка,Без ремонта (коробка),Совмещенный,Нет,На стадии строительства,Нет
410000,2,45,8,Другое,Новостройка,Новый ремонт,Раздельный,Нет,Построено,Есть
410000,2,43,1,Другое,Новостройка,Новый ремонт,Раздельный,Нет,Построено,Нет
410000,2,39,1,Фирдавси,Новостройка,С ремонтом,Раздельный,Нет,Построено,Есть
410000,4,76,11,Другое,Новостройка,Без ремонта (коробка),Раздельный,Нет,Построено,Нет
410000,3,62,1,Другое,Вторичный рынок,Новый ремонт,Совмещенный,Нет,Построено,Есть
410000,2,46,7,Другое,Новостройка,Новый ремонт,Совмещенный,Нет,Построено,Есть
410000,3,61,7,Другое,Новостройка,Без ремонта (коробка),Раздельный,Нет,Построено,Нет
410000,3,101,5,Другое,Вторичный рынок,С ремонтом,Совмещенный,Нет,Построено,Есть
410000,2,65,5,Сино,Новостройка,Без ремонта (коробка),Раздельный,Есть,На стадии строительства,Нет
410000,2,43,3,Сино,Новостройка,Новый ремонт,Совмещенный,Нет,Построено,Нет
410000,2,75,2,Сино,Новостройка,Без ремонта (коробка),Совмещенный,Нет,Построено,Нет
410000,2,58,3,Другое,Вторичный рынок,С ремонтом,Раздельный,Нет,Построено,Есть
410700,2,74,7,Другое,Новостройка,Без ремонта (коробка),Раздельный,Нет,На стадии строительства,Нет
411000,2,49,6,Сино,Новостройка,Новый ремонт,Совмещенный,Нет,Построено,Нет
412000,1,58,11,Сино,Новостройка,Без ремонта (коробка),Совмещенный,Есть,На стадии строительства,Нет
412000,2,50,7,Другое,Новостройка,Новый ремонт,Раздельный,Нет,Построено,Есть
413000,2,61,9,И. Сомони,Новостройка,Без ремонта (коробка),Раздельный,Есть,На стадии строительства,Нет
413000,2,86,9,Фирдавси,Новостройка,Без ремонта (коробка),Раздельный,Нет,На стадии строительства,Нет
413600,1,59,10,Сино,Новостройка,Без ремонта (коробка),Раздельный,Есть,На стадии строительства,Есть
413650,1,59,7,Сино,Новостройка,Без ремонта (коробка),Раздельный,Есть,Построено,Есть
413650,1,59,9,Сино,Новостройка,Без ремонта (коробка),Раздельный,Есть,На стадии строительства,Есть
413700,1,58,10,Шохмансур,Новостройка,Без ремонта (коробка),Раздельный,Есть,На стадии строительства,Есть
413730,1,59,8,Сино,Новостройка,Без ремонта (коробка),Раздельный,Есть,На стадии строительства,Есть
413970,1,58,12,Шохмансур,Новостройка,Без ремонта (коробка),Раздельный,Есть,На стадии строительства,Есть
414000,1,67,13,Шохмансур,Новостройка,Без ремонта (коробка),Совмещенный,Нет,На стадии строительства,Нет
414000,3,94,4,Сино,Новостройка,Без ремонта (коробка),Раздельный,Нет,Построено,Нет
414000,3,94,5,Сино,Новостройка,Без ремонта (коробка),Раздельный,Нет,Построено,Нет
414200,1,58,11,Шохмансур,Новостройка,Без ремонта (коробка),Раздельный,Есть,На стадии строительства,Есть
415000,2,68,10,И. Сомони,Новостройка,Без ремонта (коробка),Раздельный,Есть,На стадии строительства,Нет
415000,2,42,4,Другое,Вторичный рынок,Новый ремонт,Совмещенный,Нет,Построено,Есть
415000,2,56,1,Другое,Новостройка,Новый ремонт,Раздельный,Нет,Построено,Есть
415000,1,55,6,Сино,Новостройка,Новый ремонт,Совмещенный,Есть,Построено,Нет
415000,2,49,8,Другое,Новостройка,Новый ремонт,Раздельный,Есть,Построено,Есть
415000,1,47,8,Другое,Новостройка,Без ремонта (коробка),Раздельный,Нет,На стадии строительства,Нет
415000,2,37,1,Сино,Вторичный рынок,С ремонтом,Совмещенный,Нет,Построено,Есть
415000,1,65,3,И. Сомони,Новостройка,Без ремонта (коробка),Раздельный,Есть,На стадии строительства,Нет
415000,2,85,14,Другое,Новостройка,Без ремонта (коробка),Раздельный,Нет,На стадии строительства,Нет
415000,2,45,6,Другое,Новостройка,Новый ремонт,Раздельный,Нет,Построено,Нет
415000,1,30,3,Другое,Вторичный рынок,С ремонтом,Совмещенный,Есть,Построено,Есть
415000,1,47,16,Сино,Новостройка,Без ремонта (коробка),Раздельный,Нет,Построено,Нет
415000,2,48,7,Другое,Новостройка,Новый ремонт,Раздельный,Есть,Построено,Нет
415000,1,56,14,Шохмансур,Новостройка,Без ремонта (коробка),Совмещенный,Есть,На стадии строительства,Нет
415000,2,86,14,Другое,Новостройка,Без ремонта (коробка),Раздельный,Есть,На стадии строительства,Есть
415000,2,69,8,И. Сомони,Новостройка,Без ремонта (коробка),Раздельный,Есть,На стадии строительства,Нет
415000,2,54,9,Другое,Новостройка,Новый ремонт,Раздельный,Нет,Построено,Есть
415000,3,85,14,Другое,Новостройка,Без ремонта (коробка),Раздельный,Нет,На стадии строительства,Нет
416000,1,58,11,Сино,Новостройка,Без ремонта (коробка),Раздельный,Нет,На стадии строительства,Нет
416000,1,58,12,Сино,Новостройка,Без ремонта (коробка),Раздельный,Есть,На стадии строительства,Нет
417000,1,69,2,Сино,Новостройка,Без ремонта (коробка),Раздельный,Есть,На стадии строительства,Нет
417000,2,67,8,Сино,Новостройка,Без ремонта (коробка),Раздельный,Есть,Построено,Нет
417000,1,58,10,Сино,Новостройка,Без ремонта (коробка),Совмещенный,Есть,На стадии строительства,Нет
418000,2,72,9,И. Сомони,Новостройка,Без ремонта (коробка),Раздельный,Есть,На стадии строительства,Нет
418000,1,78,15,Шохмансур,Новостройка,Без ремонта (коробка),Раздельный,Есть,На стадии строительства,Нет
418000,1,67,11,Другое,Новостройка,Без ремонта (коробка),Совмещенный,Есть,На стадии строительства,Нет
418000,2,54,9,Другое,Новостройка,Новый ремонт,Раздельный,Нет,Построено,Нет
418000,2,82,5,Сино,Новостройка,Без ремонта (коробка),Раздельный,Нет,На стадии строительства,Нет
418000,2,69,4,И. Сомони,Новостройка,Без ремонта (коробка),Раздельный,Есть,На стадии строительства,Нет
418500,2,80,7,Сино,Новостройка,Без ремонта (коробка),Совмещенный,Нет,Построено,Нет
419000,2,85,11,Сино,Новостройка,Без ремонта (коробка),Раздельный,Есть,На стадии строительства,Нет
419000,2,70,8,Другое,Новостройка,Без ремонта (коробка),Раздельный,Нет,Построено,Нет
419000,2,50,7,Другое,Новостройка,Новый ремонт,Раздельный,Нет,Построено,Нет
419900,1,69,9,И. Сомони,Новостройка,Без ремонта (коробка),Раздельный,Есть,На стадии строительства,Нет
420000,2,65,10,И. Сомони,Новостройка,Без ремонта (коробка),Раздельный,Нет,Построено,Нет
420000,2,75,7,Другое,Новостройка,Без ремонта (коробка),Раздельный,Есть,Построено,Нет
420000,3,74,4,Другое,Вторичный рынок,С ремонтом,Раздельный,Нет,Построено,Есть
420000,2,46,4,Сино,Новостройка,Новый ремонт,Раздельный,Нет,Построено,Есть
420000,1,53,1,Сино,Новостройка,Новый ремонт,Совмещенный,Нет,Построено,Нет
420000,2,39,1,Сино,Вторичный рынок,С ремонтом,Совмещенный,Нет,Построено,Есть
420000,2,75,9,И. Сомони,Новостройка,Без ремонта (коробка),Раздельный,Есть,На стадии строительства,Нет
420000,2,41,3,Сино,Вторичный рынок,Новый ремонт,Раздельный,Нет,Построено,Есть
420000,2,41,3,Сино,Вторичный рынок,С ремонтом,Раздельный,Нет,Построено,Есть
420000,3,105,7,Сино,Новостройка,Без ремонта (коробка),Раздельный,Нет,На стадии строительства,Нет
420000,2,84,7,Другое,Новостройка,Без ремонта (коробка),Раздельный,Есть,Построено,Нет
420000,1,31,2,Фирдавси,Вторичный рынок,Новый ремонт,Совмещенный,Есть,Построено,Есть
420000,3,47,3,Другое,Вторичный рынок,Новый ремонт,Совмещенный,Нет,Построено,Есть
420000,2,38,5,Другое,Новостройка,С ремонтом,Совмещенный,Нет,Построено,Есть
420000,3,83,3,Другое,Новостройка,Без ремонта (коробка),Раздельный,Нет,Построено,Есть
420000,2,45,4,Сино,Вторичный рынок,С ремонтом,Раздельный,Нет,Построено,Есть
420000,2,42,2,Фирдавси,Новостройка,Новый ремонт,Совмещенный,Нет,Построено,Нет
420000,1,62,16,Шохмансур,Новостройка,Без ремонта (коробка),Совмещенный,Есть,На стадии строительства,Нет
420000,2,43,11,Фирдавси,Новостройка,Без ремонта (коробка),Раздельный,Есть,Построено,Нет
420000,2,46,14,Сино,Новостройка,Без ремонта (коробка),Раздельный,Есть,Построено,Нет
420000,2,87,1,Сино,Новостройка,Без ремонта (коробка),Раздельный,Нет,Построено,Нет
420000,2,47,7,Другое,Новостройка,Новый ремонт,Совмещенный,Нет,Построено,Нет
420000,2,50,11,Другое,Новостройка,Без ремонта (коробка),Раздельный,Есть,Построено,Нет
420000,1,30,3,Шохмансур,Вторичный рынок,С ремонтом,Раздельный,Есть,Построено,Есть
420000,2,60,6,Шохмансур,Новостройка,Без ремонта (коробка),Совмещенный,Есть,Построено,Нет
420000,1,73,4,Сино,Новостройка,Без ремонта (коробка),Раздельный,Есть,На стадии строительства,Нет
420000,2,38,1,Сино,Вторичный рынок,Новый ремонт,Совмещенный,Нет,Построено,Есть
420000,2,38,2,Сино,Новостройка,Новый ремонт,Раздельный,Нет,Построено,Нет
420000,2,75,2,Другое,Новостройка,Без ремонта (коробка),Раздельный,Нет,Построено,Нет
420000,1,32,3,Сино,Вторичный рынок,С ремонтом,Совмещенный,Есть,Построено,Есть
420000,2,56,3,И. Сомони,Вторичный рынок,С ремонтом,Совмещенный,Нет,Построено,Есть
420000,2,58,6,Сино,Новостройка,Без ремонта (коробка),Раздельный,Нет,На стадии строительства,Нет
420000,2,53,3,Другое,Вторичный рынок,Новый ремонт,Раздельный,Нет,Построено,Есть
420000,1,50,12,Шохмансур,Новостройка,Без ремонта (коробка),Раздельный,Есть,На стадии строительства,Нет
420000,2,85,6,Сино,Новостройка,Без ремонта (коробка),Раздельный,Нет,Построено,Нет
420000,1,30,3,Сино,Вторичный рынок,С ремонтом,Совмещенный,Есть,Построено,Есть
420000,2,74,18,Фирдавси,Новостройка,Без ремонта (коробка),Раздельный,Есть,Построено,Нет
420000,2,62,3,Другое,Новостройка,С ремонтом,Раздельный,Нет,Построено,Есть
420000,1,45,4,Другое,Вторичный рынок,Новый ремонт,Раздельный,Есть,Построено,Есть
420000,3,53,5,Сино,Новостройка,Без ремонта (коробка),Раздельный,Есть,Построено,Нет
420000,2,61,11,Фирдавси,Новостройка,Без ремонта (коробка),Раздельный,Есть,Построено,Нет
420000,3,48,3,Другое,Вторичный рынок,Новый ремонт,Совмещенный,Нет,Построено,Есть
420000,2,50,5,Другое,Новостройка,Новый ремонт,Совмещенный,Нет,Построено,Нет
420000,1,46,4,Другое,Новостройка,Новый ремонт,Совмещенный,Нет,На стадии строительства,Нет
420000,3,64,2,Другое,Вторичный рынок,Новый ремонт,Совмещенный,Нет,Построено,Есть
420000,2,50,11,Фирдавси,Новостройка,Без ремонта (коробка),Раздельный,Есть,Построено,Нет
420000,1,55,6,Сино,Новостройка,С ремонтом,Раздельный,Есть,Построено,Нет
420000,2,48,2,Другое,Новостройка,Новый ремонт,Раздельный,Нет,Построено,Нет
420000,2,80,6,Сино,Новостройка,Без ремонта (коробка),Совмещенный,Есть,На стадии строительства,Нет
420000,2,50,11,Фирдавси,Новостройка,Без ремонта (коробка),Раздельный,Нет,Построено,Нет
420000,2,40,4,Сино,Новостройка,С ремонтом,Совмещенный,Нет,Построено,Есть
420000,2,94,14,Сино,Новостройка,Без ремонта (коробка),Раздельный,Есть,На стадии строительства,Нет
420000,2,52,2,Другое,Вторичный рынок,С ремонтом,Раздельный,Нет,Построено,Есть
420000,2,75,10,Другое,Новостройка,Без ремонта (коробка),Раздельный,Нет,Построено,Нет
420000,2,55,4,Другое,Новостройка,С ремонтом,Раздельный,Нет,Построено,Есть
420000,2,60,3,Сино,Вторичный рынок,Новый ремонт,Раздельный,Нет,Построено,Есть
420000,3,57,17,Сино,Новостройка,Новый ремонт,Раздельный,Нет,Построено,Нет
420000,2,68,5,Сино,Новостройка,Без ремонта (коробка),Раздельный,Нет,На стадии строительства,Нет
420000,2,82,14,Шохмансур,Новостройка,Без ремонта (коробка),Раздельный,Нет,На стадии строительства,Нет
420000,2,40,4,Сино,Новостройка,Новый ремонт,Совмещенный,Нет,Построено,Есть
420000,2,73,8,Другое,Новостройка,Новый ремонт,Раздельный,Нет,Построено,Есть
420001,2,50,11,Фирдавси,Новостройка,Без ремонта (коробка),Совмещенный,Есть,Построено,Нет
421000,2,90,4,Сино,Новостройка,Без ремонта (коробка),Раздельный,Есть,На стадии строительства,Есть
422000,2,76,7,И. Сомони,Новостройка,Без ремонта (коробка),Раздельный,Есть,На стадии строительства,Нет
422000,2,94,4,Сино,Новостройка,Без ремонта (коробка),Раздельный,Нет,Построено,Нет
422000,1,54,3,Другое,Новостройка,Без ремонта (коробка),Раздельный,Нет,Построено,Нет
423000,1,58,9,Сино,Новостройка,Без ремонта (коробка),Совмещенный,Есть,На стадии строительства,Нет
424000,1,70,15,Фирдавси,Новостройка,Без ремонта (коробка),Раздельный,Нет,На стадии строительства,Нет
425000,1,48,4,Сино,Новостройка,Новый ремонт,Совмещенный,Есть,Построено,Есть
425000,2,58,4,Сино,Новостройка,Новый ремонт,Совмещенный,Есть,Построено,Нет
425000,1,32,4,Сино,Новостройка,С ремонтом,Раздельный,Есть,Построено,Есть
425000,1,28,1,Фирдавси,Новостройка,С ремонтом,Совмещенный,Нет,Построено,Есть
425000,2,91,6,Другое,Новостройка,Без ремонта (коробка),Раздельный,Нет,На стадии строительства,Нет
425000,1,58,10,Сино,Новостройка,Без ремонта (коробка),Раздельный,Есть,На стадии строительства,Нет
425000,1,62,5,Другое,Вторичный рынок,Новый ремонт,Раздельный,Нет,На стадии строительства,Есть
425000,2,47,9,Фирдавси,Новостройка,Без ремонта (коробка),Раздельный,Есть,Построено,Нет
425000,2,52,1,Сино,Новостройка,Новый ремонт,Совмещенный,Есть,Построено,Есть
425000,2,72,8,И. Сомони,Новостройка,Без ремонта (коробка),Раздельный,Есть,На стадии строительства,Нет
425000,2,46,4,Сино,Новостройка,Новый ремонт,Совмещенный,Нет,Построено,Нет
425000,2,50,8,Другое,Новостройка,С ремонтом,Раздельный,Есть,Построено,Нет
425000,2,70,1,Другое,Вторичный рынок,Новый ремонт,Совмещенный,Нет,Построено,Есть
425000,2,50,2,И. Сомони,Новостройка,Новый ремонт,Совмещенный,Нет,Построено,Нет
425000,1,32,4,Сино,Вторичный рынок,С ремонтом,Совмещенный,Есть,Построено,Есть
425000,2,76,9,И. Сомони,Новостройка,Без ремонта (коробка),Раздельный,Есть,На стадии строительства,Нет
425000,2,52,6,Сино,Новостройка,С ремонтом,Совмещенный,Нет,Построено,Есть
425000,1,46,16,Сино,Новостройка,Без ремонта (коробка),Раздельный,Есть,На стадии строительства,Нет
425000,3,74,5,Другое,Новостройка,Без ремонта (коробка),Раздельный,Нет,Построено,Нет
425000,2,62,5,Другое,Вторичный рынок,С ремонтом,Раздельный,Нет,На стадии строительства,Есть
425000,3,64,10,Другое,Новостройка,С ремонтом,Раздельный,Нет,Построено,Нет
426000,1,71,9,Шохмансур,Новостройка,Без ремонта (коробка),Раздельный,Есть,На стадии строительства,Есть
428000,2,92,11,Сино,Новостройка,Без ремонта (коробка),Раздельный,Есть,На стадии строительства,Нет
428000,1,58,8,Сино,Новостройка,Без ремонта (коробка),Совмещенный,Есть,На стадии строительства,Нет
428000,1,60,11,Сино,Новостройка,Без ремонта (коробка),Раздельный,Нет,На стадии строительства,Нет
428000,2,94,4,Сино,Новостройка,Без ремонта (коробка),Раздельный,Нет,На стадии строительства,Нет
428999,2,94,4,Сино,Новостройка,Без ремонта (коробка),Раздельный,Нет,Построено,Нет
429000,2,56,7,Другое,Новостройка,Новый ремонт,Раздельный,Нет,Построено,Есть
429900,1,69,9,Другое,Новостройка,Без ремонта (коробка),Раздельный,Есть,На стадии строительства,Нет
429999,3,94,4,Сино,Новостройка,Без ремонта (коробка),Раздельный,Нет,Построено,Есть
429999,2,94,4,Сино,Новостройка,Без ремонта (коробка),Раздельный,Есть,Построено,Есть
430000,2,50,4,Другое,Вторичный рынок,С ремонтом,Раздельный,Нет,Построено,Есть
430000,3,56,2,Сино,Вторичный рынок,С ремонтом,Раздельный,Нет,Построено,Есть
430000,3,83,9,Другое,Новостройка,Без ремонта (коробка),Раздельный,Нет,На стадии строительства,Нет
430000,3,97,5,Другое,Новостройка,Без ремонта (коробка),Раздельный,Нет,На стадии строительства,Нет
430000,2,67,5,Другое,Новостройка,С ремонтом,Совмещенный,Нет,Построено,Есть
430000,2,49,4,Шохмансур,Вторичный рынок,С ремонтом,Раздельный,Нет,Построено,Есть
430000,3,83,3,Другое,Новостройка,Без ремонта (коробка),Совмещенный,Нет,На стадии строительства,Нет
430000,2,72,4,И. Сомони,Новостройка,Без ремонта (коробка),Раздельный,Есть,На стадии строительства,Нет
430000,2,53,10,Другое,Новостройка,С ремонтом,Совмещенный,Нет,Построено,Есть
430000,2,63,2,Другое,Новостройка,Без ремонта (коробка),Раздельный,Есть,На стадии строительства,Нет
430000,2,60,12,Сино,Новостройка,Без ремонта (коробка),Раздельный,Есть,Построено,Есть
430000,3,145,4,Другое,Новостройка,Без ремонта (коробка),Раздельный,Нет,На стадии строительства,Нет
430000,1,31,2,Сино,Вторичный рынок,С ремонтом,Раздельный,Есть,Построено,Есть
430000,3,53,4,Другое,Новостройка,С ремонтом,Раздельный,Нет,На стадии строительства,Нет
430000,2,43,2,Другое,Новостройка,Новый ремонт,Раздельный,Нет,Построено,Нет
430000,3,103,5,Сино,Новостройка,Без ремонта (коробка),Раздельный,Нет,Построено,Нет
430000,1,30,3,Сино,Вторичный рынок,С ремонтом,Совмещенный,Есть,Построено,Есть
430000,3,64,19,Сино,Новостройка,Новый ремонт,Раздельный,Нет,Построено,Нет
430000,2,71,9,Другое,Новостройка,Без ремонта (коробка),Раздельный,Нет,На стадии строительства,Нет
430000,2,54,4,Другое,Новостройка,Новый ремонт,Совмещенный,Есть,Построено,Нет
430000,1,72,9,И. Сомони,Новостройка,Без ремонта (коробка),Раздельный,Есть,На стадии строительства,Нет
430000,1,64,8,Другое,Новостройка,Без ремонта (коробка),Раздельный,Нет,На стадии строительства,Нет
430000,2,55,10,Другое,Новостройка,Новый ремонт,Раздельный,Есть,Построено,Нет
430000,1,24,3,Сино,Вторичный рынок,С ремонтом,Совмещенный,Есть,Построено,Есть
430000,2,64,14,Сино,Новостройка,Без ремонта (коробка),Раздельный,Нет,На стадии строительства,Нет
430000,2,65,11,Сино,Новостройка,Без ремонта (коробка),Раздельный,Есть,На стадии строительства,Нет
430000,2,69,6,И. Сомони,Новостройка,Без ремонта (коробка),Раздельный,Есть,На стадии строительства,Нет
430000,2,57,5,Другое,Новостройка,Без ремонта (коробка),Раздельный,Нет,Построено,Нет
430000,2,75,1,Другое,Новостройка,Без ремонта (коробка),Раздельный,Нет,На стадии строительства,Нет
430000,1,30,3,Сино,Вторичный рынок,С ремонтом,Совмещенный,Нет,Построено,Есть
430000,2,76,9,И. Сомони,Новостройка,Без ремонта (коробка),Раздельный,Есть,На стадии строительства,Нет
430000,3,69,18,Сино,Новостройка,Новый ремонт,Раздельный,Нет,Построено,Нет
430000,2,50,9,Сино,Новостройка,Новый ремонт,Совмещенный,Есть,Построено,Нет
430000,1,40,2,Сино,Вторичный рынок,С ремонтом,Совмещенный,Нет,Построено,Есть
430000,3,60,7,Фирдавси,Новостройка,С ремонтом,Раздельный,Нет,Построено,Нет
430000,1,45,12,И. Сомони,Новостройка,Без ремонта (коробка),Раздельный,Есть,Построено,Нет
430000,2,56,2,Другое,Новостройка,Новый ремонт,Совмещенный,Нет,Построено,Нет
430000,3,72,2,И. Сомони,Вторичный рынок,С ремонтом,Раздельный,Есть,Построено,Есть
430000,2,46,7,Другое,Новостройка,С ремонтом,Раздельный,Нет,Построено,Нет
430000,5,90,3,Другое,Вторичный рынок,Без ремонта (коробка),Раздельный,Нет,Построено,Есть
430000,2,53,2,Другое,Новостройка,Новый ремонт,Раздельный,Нет,Построено,Нет
430000,3,75,2,Сино,Новостройка,Без ремонта (коробка),Раздельный,Нет,Построено,Есть
430000,2,75,9,И. Сомони,Новостройка,Без ремонта (коробка),Раздельный,Есть,На стадии строительства,Нет
430000,3,58,1,Другое,Вторичный рынок,С ремонтом,Совмещенный,Нет,Построено,Есть
430000,3,105,5,Сино,Новостройка,Без ремонта (коробка),Раздельный,Нет,На стадии строительства,Нет
430000,3,90,8,Другое,Новостройка,Без ремонта (коробка),Раздельный,Нет,Построено,Нет
430000,3,86,3,Другое,Вторичный рынок,С ремонтом,Совмещенный,Нет,Построено,Есть
430911,2,77,10,Другое,Новостройка,Без ремонта (коробка),Раздельный,Есть,На стадии строительства,Нет
431466,1,71,14,Шохмансур,Новостройка,Без ремонта (коробка),Раздельный,Есть,На стадии строительства,Нет
431500,1,66,14,Шохмансур,Новостройка,Без ремонта (коробка),Раздельный,Есть,На стадии строительства,Нет
432000,2,78,15,Шохмансур,Новостройка,Без ремонта (коробка),Раздельный,Есть,На стадии строительства,Нет
432000,2,65,9,Шохмансур,Новостройка,Без ремонта (коробка),Раздельный,Есть,На стадии строительства,Есть
432000,2,50,4,Другое,Новостройка,Новый ремонт,Раздельный,Нет,Построено,Нет
433000,3,98,1,Сино,Новостройка,Без ремонта (коробка),Раздельный,Нет,На стадии строительства,Нет
433000,3,99,1,Сино,Новостройка,Без ремонта (коробка),Раздельный,Нет,На стадии строительства,Нет
433000,2,51,4,Другое,Новостройка,Новый ремонт,Раздельный,Нет,Построено,Нет
433000,2,63,3,Другое,Новостройка,Без ремонта (коробка),Раздельный,Нет,Построено,Есть
433000,2,63,3,Другое,Новостройка,Без ремонта (коробка),Совмещенный,Нет,На стадии строительства,Есть
433200,3,106,8,Другое,Новостройка,Без ремонта (коробка),Раздельный,Нет,Построено,Есть
433250,2,85,9,И. Сомони,Новостройка,Без ремонта (коробка),Раздельный,Есть,На стадии строительства,Нет
434000,1,57,7,Другое,Новостройка,Без ремонта (коробка),Раздельный,Есть,На стадии строительства,Нет
434000,2,73,5,И. Сомони,Новостройка,Без ремонта (коробка),Раздельный,Есть,На стадии строительства,Нет
434990,2,81,8,Сино,Новостройка,Без ремонта (коробка),Раздельный,Нет,Построено,Нет
435000,2,45,2,Сино,Новостройка,С ремонтом,Раздельный,Нет,Построено,Нет
435000,1,59,10,Фирдавси,Новостройка,Без ремонта (коробка),Совмещенный,Есть,На стадии строительства,Нет
435000,2,78,5,Другое,Новостройка,Без ремонта (коробка),Раздельный,Нет,На стадии строительства,Нет
435000,3,70,1,Другое,Новостройка,Новый ремонт,Совмещенный,Нет,Построено,Есть
435000,2,64,10,Другое,Новостройка,Новый ремонт,Раздельный,Нет,Построено,Есть
435000,2,64,9,Другое,Новостройка,Новый ремонт,Совмещенный,Нет,Построено,Нет
435000,2,55,10,Другое,Новостройка,Новый ремонт,Совмещенный,Нет,Построено,Есть
435000,1,58,9,Другое,Новостройка,Без ремонта (коробка),Раздельный,Есть,На стадии строительства,Нет
435000,2,47,1,Другое,Новостройка,Новый ремонт,Раздельный,Нет,Построено,Есть
435000,1,40,1,Сино,Вторичный рынок,С ремонтом,Совмещенный,Нет,Построено,Есть
435000,4,104,2,Сино,Новостройка,Без ремонта (коробка),Раздельный,Есть,На стадии строительства,Нет
435000,3,94,7,Сино,Новостройка,Без ремонта (коробка),Раздельный,Нет,Построено,Нет
435000,2,74,5,Другое,Новостройка,Без ремонта (коробка),Раздельный,Нет,Построено,Нет
435000,2,72,9,Другое,Новостройка,Без ремонта (коробка),Совмещенный,Нет,Построено,Нет
435000,2,65,6,Другое,Новостройка,Новый ремонт,Раздельный,Нет,Построено,Нет
435000,2,54,7,И. Сомони,Новостройка,Новый ремонт,Раздельный,Нет,Построено,Нет
435000,2,65,3,Другое,Новостройка,Новый ремонт,Раздельный,Нет,Построено,Нет
435000,2,45,7,И. Сомони,Новостройка,Новый ремонт,Раздельный,Нет,Построено,Есть
435555,3,74,3,Другое,Вторичный рынок,С ремонтом,Раздельный,Нет,Построено,Есть
436000,1,67,4,Сино,Новостройка,Без ремонта (коробка),Раздельный,Есть,На стадии строительства,Нет
436000,1,40,1,Сино,Вторичный рынок,С ремонтом,Совмещенный,Нет,Построено,Есть
436000,1,62,8,Фирдавси,Новостройка,Без ремонта (коробка),Раздельный,Есть,На стадии строительства,Нет
436000,2,47,6,Другое,Новостройка,Новый ремонт,Раздельный,Нет,Построено,Нет
437000,1,45,12,И. Сомони,Новостройка,Без ремонта (коробка),Совмещенный,Нет,Построено,Нет
437000,2,78,8,Сино,Новостройка,Без ремонта (коробка),Раздельный,Нет,На стадии строительства,Нет
437000,2,64,9,Сино,Новостройка,Без ремонта (коробка),Раздельный,Нет,Построено,Нет
438000,3,97,4,Другое,Новостройка,Без ремонта (коробка),Раздельный,Нет,На стадии строительства,Нет
438000,1,72,2,Сино,Новостройка,Без ремонта (коробка),Раздельный,Есть,На стадии строительства,Нет
438000,2,48,3,Другое,Вторичный рынок,С ремонтом,Раздельный,Нет,Построено,Есть
439000,2,55,11,Другое,Новостройка,Новый ремонт,Совмещенный,Нет,Построено,Нет
439000,2,67,12,И. Сомони,Новостройка,Без ремонта (коробка),Совмещенный,Есть,На стадии строительства,Нет
439000,2,64,6,И. Сомони,Новостройка,С ремонтом,Раздельный,Нет,Построено,Нет
439000,1,66,12,И. Сомони,Новостройка,Без ремонта (коробка),Раздельный,Есть,На стадии строительства,Нет
439000,1,60,13,Сино,Новостройка,Новый ремонт,Совмещенный,Есть,Построено,Нет
439000,1,73,2,Сино,Новостройка,Без ремонта (коробка),Раздельный,Есть,На стадии строительства,Нет
439000,3,86,12,Другое,Новостройка,Без ремонта (коробка),Раздельный,Нет,Построено,Нет
439425,1,63,7,Сино,Новостройка,Без ремонта (коробка),Раздельный,Есть,На стадии строительства,Нет
439999,2,50,9,Сино,Новостройка,Новый ремонт,Совмещенный,Есть,Построено,Есть
439999,3,98,1,Сино,Новостройка,Без ремонта (коробка),Раздельный,Нет,Построено,Есть
440000,2,70,6,Сино,Новостройка,Новый ремонт,Раздельный,Нет,Построено,Есть
440000,2,49,9,Другое,Новостройка,С ремонтом,Раздельный,Есть,Построено,Нет
440000,2,62,13,Сино,Новостройка,Без ремонта (коробка),Раздельный,Есть,Построено,Нет
440000,2,84,8,И. Сомони,Новостройка,Без ремонта (коробка),Раздельный,Есть,На стадии строительства,Нет
440000,2,51,11,Шохмансур,Новостройка,Без ремонта (коробка),Раздельный,Есть,Построено,Нет
440000,2,54,5,Другое,Новостройка,Новый ремонт,Раздельный,Нет,Построено,Есть
440000,1,48,6,Сино,Новостройка,С ремонтом,Совмещенный,Есть,Построено,Нет
440000,1,63,5,Сино,Новостройка,Без ремонта (коробка),Совмещенный,Нет,Построено,Есть
440000,1,60,12,Сино,Новостройка,Без ремонта (коробка),Раздельный,Есть,На стадии строительства,Нет
440000,2,58,4,Другое,Новостройка,Новый ремонт,Совмещенный,Есть,Построено,Есть
440000,3,78,2,Другое,Новостройка,Без ремонта (коробка),Раздельный,Нет,Построено,Нет
440000,2,67,4,Другое,Новостройка,С ремонтом,Раздельный,Нет,Построено,Есть
440000,2,60,1,Сино,Новостройка,Новый ремонт,Раздельный,Есть,Построено,Есть
440000,2,43,2,Сино,Новостройка,Новый ремонт,Совмещенный,Нет,Построено,Нет
440000,2,52,6,Другое,Новостройка,С ремонтом,Совмещенный,Нет,Построено,Есть
440000,1,27,5,Сино,Вторичный рынок,С ремонтом,Совмещенный,Есть,Построено,Есть
440000,2,73,5,Сино,Новостройка,Новый ремонт,Раздельный,Есть,Построено,Нет
440000,2,57,10,Сино,Новостройка,Без ремонта (коробка),Раздельный,Есть,На стадии строительства,Нет
440000,1,27,1,Сино,Вторичный рынок,С ремонтом,Совмещенный,Нет,Построено,Есть
440000,2,56,5,Сино,Новостройка,Новый ремонт,Совмещенный,Нет,Построено,Нет
440000,2,55,5,Другое,Новостройка,Новый ремонт,Раздельный,Нет,Построено,Есть
440000,3,100,7,И. Сомони,Новостройка,Без ремонта (коробка),Раздельный,Есть,Построено,Нет
440000,1,66,10,Шохмансур,Новостройка,Без ремонта (коробка),Раздельный,Есть,На стадии строительства,Есть
440000,3,99,7,И. Сомони,Новостройка,Без ремонта (коробка),Раздельный,Есть,Построено,Нет
440000,2,54,10,Сино,Новостройка,Без ремонта (коробка),Совмещенный,Есть,На стадии строительства,Нет
440000,2,49,9,И. Сомони,Новостройка,Новый ремонт,Раздельный,Есть,Построено,Нет
440000,2,56,2,Другое,Новостройка,Новый ремонт,Совмещенный,Нет,Построено,Нет
440000,2,73,5,Сино,Новостройка,Новый ремонт,Раздельный,Нет,Построено,Нет
440000,1,33,1,Сино,Вторичный рынок,Новый ремонт,Совмещенный,Нет,Построено,Есть
440000,1,60,10,Сино,Новостройка,Без ремонта (коробка),Раздельный,Есть,На стадии строительства,Нет
440000,2,72,6,И. Сомони,Новостройка,Без ремонта (коробка),Раздельный,Есть,На стадии строительства,Нет
440000,2,63,9,Другое,Новостройка,Новый ремонт,Раздельный,Есть,Построено,Есть
440000,2,73,8,Другое,Новостройка,Без ремонта (коробка),Совмещенный,Нет,На стадии строительства,Нет
440000,2,62,6,Другое,Новостройка,Новый ремонт,Раздельный,Нет,Построено,Есть
440000,2,55,9,Фирдавси,Новостройка,Без ремонта (коробка),Раздельный,Есть,Построено,Нет
440000,2,43,2,Другое,Вторичный рынок,Новый ремонт,Раздельный,Есть,Построено,Есть
440000,2,62,2,Фирдавси,Новостройка,С ремонтом,Совмещенный,Нет,Построено,Есть
440000,1,32,3,Другое,Вторичный рынок,С ремонтом,Совмещенный,Есть,Построено,Есть
440000,3,65,9,Сино,Новостройка,Новый ремонт,Раздельный,Нет,На стадии строительства,Нет
440000,2,60,1,Сино,Новостройка,Новый ремонт,Совмещенный,Нет,Построено,Нет
440000,1,71,19,Сино,Новостройка,Без ремонта (коробка),Совмещенный,Есть,На стадии строительства,Есть
440000,2,38,3,Другое,Новостройка,Новый ремонт,Совмещенный,Нет,Построено,Нет
440000,1,50,11,Фирдавси,Новостройка,Без ремонта (коробка),Раздельный,Есть,Построено,Есть
440000,1,28,1,Сино,Вторичный рынок,С ремонтом,Совмещенный,Есть,Построено,Есть
440000,2,47,7,Сино,Новостройка,Новый ремонт,Раздельный,Нет,Построено,Нет
440000,2,54,4,Другое,Вторичный рынок,С ремонтом,Раздельный,Нет,На стадии строительства,Есть
440000,2,86,8,И. Сомони,Новостройка,Без ремонта (коробка),Раздельный,Есть,На стадии строительства,Нет
440000,2,60,6,Другое,Новостройка,Новый ремонт,Совмещенный,Нет,Построено,Есть
440000,2,58,2,Сино,Новостройка,Новый ремонт,Совмещенный,Есть,Построено,Есть
440000,2,52,4,Сино,Вторичный рынок,С ремонтом,Раздельный,Нет,Построено,Есть
440000,2,80,6,Сино,Новостройка,Без ремонта (коробка),Совмещенный,Нет,Построено,Есть
440000,3,68,10,Другое,Новостройка,Без ремонта (коробка),Раздельный,Нет,На стадии строительства,Нет
440000,2,54,6,И. Сомони,Новостройка,Новый ремонт,Раздельный,Нет,Построено,Есть
440000,1,63,5,Сино,Новостройка,Без ремонта (коробка),Совмещенный,Есть,На стадии строительства,Нет
440800,2,55,12,Сино,Новостройка,Без ремонта (коробка),Раздельный,Есть,На стадии строительства,Нет
440999,3,130,7,Другое,Новостройка,Без ремонта (коробка),Раздельный,Нет,Построено,Нет
441000,2,45,3,Другое,Новостройка,С ремонтом,Совмещенный,Нет,Построено,Есть
441000,2,71,15,Сино,Новостройка,Без ремонта (коробка),Раздельный,Есть,На стадии строительства,Нет
441750,3,95,2,Сино,Новостройка,Без ремонта (коробка),Раздельный,Нет,На стадии строительства,Нет
441750,3,95,3,Сино,Новостройка,Без ремонта (коробка),Раздельный,Нет,На стадии строительства,Нет
441750,3,95,6,Сино,Новостройка,Без ремонта (коробка),Раздельный,Нет,На стадии строительства,Нет
442000,2,85,4,Другое,Новостройка,Без ремонта (коробка),Раздельный,Нет,На стадии строительства,Нет
442000,2,94,3,Сино,Новостройка,Без ремонта (коробка),Раздельный,Нет,На стадии строительства,Нет
442000,2,76,9,И. Сомони,Новостройка,Без ремонта (коробка),Раздельный,Есть,На стадии строительства,Нет
443000,3,97,6,Другое,Новостройка,Без ремонта (коробка),Раздельный,Нет,На стадии строительства,Нет
444000,2,43,2,Сино,Новостройка,Новый ремонт,Совмещенный,Нет,Построено,Есть
444000,2,43,2,Другое,Новостройка,Новый ремонт,Совмещенный,Есть,Построено,Есть
444000,2,80,13,Сино,Новостройка,Без ремонта (коробка),Раздельный,Нет,На стадии строительства,Нет
444000,2,51,8,Другое,Новостройка,Новый ремонт,Совмещенный,Нет,Построено,Нет
444444,2,58,4,Сино,Новостройка,Новый ремонт,Совмещенный,Нет,Построено,Нет
444999,3,98,1,Сино,Новостройка,Без ремонта (коробка),Раздельный,Нет,Построено,Есть
445000,2,54,5,Сино,Вторичный рынок,Новый ремонт,Раздельный,Нет,Построено,Есть
445000,1,38,2,Фирдавси,Новостройка,С ремонтом,Раздельный,Нет,Построено,Есть
445000,1,36,8,Сино,Новостройка,Новый ремонт,Раздельный,Нет,На стадии строительства,Есть
445000,1,35,1,Фирдавси,Вторичный рынок,Новый ремонт,Совмещенный,Нет,Построено,Есть
445000,1,58,8,Сино,Новостройка,Без ремонта (коробка),Совмещенный,Нет,Построено,Нет
445000,2,54,5,Другое,Вторичный рынок,Новый ремонт,Раздельный,Нет,Построено,Есть
445000,3,98,1,Сино,Новостройка,Без ремонта (коробка),Раздельный,Нет,На стадии строительства,Нет
445000,1,38,2,Сино,Новостройка,С ремонтом,Раздельный,Есть,Построено,Есть
445000,2,49,8,Сино,Новостройка,С ремонтом,Раздельный,Нет,Построено,Нет
445000,3,68,1,Сино,Вторичный рынок,Новый ремонт,Совмещенный,Нет,Построено,Есть
445000,2,55,4,Другое,Новостройка,Новый ремонт,Совмещенный,Нет,Построено,Нет
445000,3,76,6,Другое,Новостройка,Без ремонта (коробка),Раздельный,Нет,На стадии строительства,Нет
445000,2,72,4,И. Сомони,Новостройка,Без ремонта (коробка),Раздельный,Есть,На стадии строительства,Нет
445000,3,97,5,Другое,Новостройка,Без ремонта (коробка),Раздельный,Нет,На стадии строительства,Нет
445000,2,48,3,Другое,Новостройка,Новый ремонт,Совмещенный,Нет,Построено,Нет
445000,2,65,11,Сино,Новостройка,Без ремонта (коробка),Раздельный,Есть,На стадии строительства,Нет
445000,1,35,1,Фирдавси,Вторичный рынок,С ремонтом,Совмещенный,Нет,Построено,Есть
445000,2,69,6,Другое,Новостройка,Без ремонта (коробка),Раздельный,Есть,На стадии строительства,Нет
445000,2,76,8,И. Сомони,Новостройка,Без ремонта (коробка),Раздельный,Есть,На стадии строительства,Нет
445000,1,60,13,Сино,Новостройка,Новый ремонт,Совмещенный,Нет,Построено,Нет
445005,2,51,1,Другое,Вторичный рынок,С ремонтом,Раздельный,Нет,Построено,Есть
446000,3,95,14,Сино,Новостройка,Без ремонта (коробка),Раздельный,Нет,На стадии строительства,Нет
446000,3,95,15,Сино,Новостройка,Без ремонта (коробка),Раздельный,Нет,На стадии строительства,Нет
446000,3,95,4,Сино,Новостройка,Без ремонта (коробка),Раздельный,Нет,На стадии строительства,Нет
446000,3,95,7,Сино,Новостройка,Без ремонта (коробка),Раздельный,Нет,На стадии строительства,Нет
446000,3,95,5,Сино,Новостройка,Без ремонта (коробка),Раздельный,Нет,На стадии строительства,Нет
446000,3,95,9,Другое,Новостройка,Без ремонта (коробка),Раздельный,Нет,На стадии строительства,Нет
446000,3,95,10,Сино,Новостройка,Без ремонта (коробка),Раздельный,Нет,На стадии строительства,Нет
446000,3,95,12,Сино,Новостройка,Без ремонта (коробка),Раздельный,Нет,На стадии строительства,Нет
446000,3,95,6,Сино,Новостройка,Без ремонта (коробка),Раздельный,Нет,На стадии строительства,Нет
446000,3,95,9,Сино,Новостройка,Без ремонта (коробка),Раздельный,Нет,На стадии строительства,Нет
446000,3,95,17,Сино,Новостройка,Без ремонта (коробка),Раздельный,Нет,На стадии строительства,Нет
446000,3,95,11,Сино,Новостройка,Без ремонта (коробка),Раздельный,Нет,На стадии строительства,Нет
446000,3,95,13,Сино,Новостройка,Без ремонта (коробка),Раздельный,Нет,На стадии строительства,Нет
446000,3,95,16,Сино,Новостройка,Без ремонта (коробка),Раздельный,Нет,На стадии строительства,Нет
446000,3,97,3,Другое,Новостройка,Без ремонта (коробка),Раздельный,Нет,На стадии строительства,Нет
446400,3,93,5,Другое,Новостройка,Без ремонта (коробка),Раздельный,Нет,Построено,Нет
446767,1,56,8,Сино,Новостройка,Без ремонта (коробка),Раздельный,Есть,На стадии строительства,Нет
447000,1,59,13,Сино,Новостройка,Без ремонта (коробка),Раздельный,Есть,Построено,Нет
448000,2,80,2,Другое,Новостройка,Без ремонта (коробка),Раздельный,Нет,На стадии строительства,Нет
448000,3,61,9,Другое,Вторичный рынок,Без ремонта (коробка),Раздельный,Нет,Построено,Есть
448000,2,64,11,Другое,Новостройка,Без ремонта (коробка),Совмещенный,Есть,Построено,Нет
448400,1,66,8,Шохмансур,Новостройка,Без ремонта (коробка),Раздельный,Есть,На стадии строительства,Есть
449000,1,30,1,Фирдавси,Вторичный рынок,С ремонтом,Раздельный,Есть,Построено,Есть
449000,2,55,7,Другое,Новостройка,Новый ремонт,Раздельный,Нет,Построено,Нет
449000,2,62,3,И. Сомони,Новостройка,С ремонтом,Раздельный,Нет,Построено,Нет
449000,2,60,9,Другое,Новостройка,Новый ремонт,Совмещенный,Нет,Построено,Есть
449000,3,98,5,Другое,Новостройка,Без ремонта (коробка),Раздельный,Нет,На стадии строительства,Нет
449000,2,112,7,Другое,Новостройка,Без ремонта (коробка),Раздельный,Есть,На стадии строительства,Нет
449000,2,44,4,Сино,Новостройка,С ремонтом,Раздельный,Нет,Построено,Есть
449000,3,75,3,Другое,Новостройка,Без ремонта (коробка),Раздельный,Нет,Построено,Нет
449000,3,79,14,Сино,Новостройка,Без ремонта (коробка),Раздельный,Есть,На стадии строительства,Нет
449000,3,68,2,И. Сомони,Новостройка,Без ремонта (коробка),Раздельный,Нет,Построено,Нет
449500,2,94,3,Сино,Новостройка,Без ремонта (коробка),Раздельный,Нет,Построено,Нет
449934,1,59,3,Сино,Новостройка,Без ремонта (коробка),Раздельный,Есть,На стадии строительства,Есть
449999,2,98,3,Сино,Новостройка,С ремонтом,Раздельный,Нет,На стадии строительства,Нет
449999,3,98,10,Сино,Новостройка,Без ремонта (коробка),Раздельный,Нет,Построено,Есть
450000,2,41,5,Сино,Новостройка,С ремонтом,Совмещенный,Нет,Построено,Нет
450000,2,71,5,Сино,Новостройка,Без ремонта (коробка),Раздельный,Есть,На стадии строительства,Есть
450000,2,55,10,Другое,Новостройка,Без ремонта (коробка),Раздельный,Есть,На стадии строительства,Нет
450000,2,72,6,Другое,Новостройка,Без ремонта (коробка),Раздельный,Есть,На стадии строительства,Нет
450000,1,54,6,Другое,Новостройка,Без ремонта (коробка),Раздельный,Есть,На стадии строительства,Нет
450000,1,35,4,Фирдавси,Вторичный рынок,С ремонтом,Раздельный,Нет,Построено,Есть
450000,1,54,4,Сино,Новостройка,С ремонтом,Совмещенный,Нет,Построено,Есть
450000,3,82,6,Сино,Новостройка,Без ремонта (коробка),Раздельный,Нет,Построено,Нет
450000,2,48,2,Другое,Новостройка,Новый ремонт,Раздельный,Нет,Построено,Нет
450000,4,800,1,Другое,Новостройка,Без ремонта (коробка),Раздельный,Нет,На стадии строительства,Нет
450000,3,70,1,Другое,Вторичный рынок,С ремонтом,Совмещенный,Нет,Построено,Есть
450000,2,45,2,Фирдавси,Новостройка,Новый ремонт,Раздельный,Нет,Построено,Нет
450000,2,45,2,Фирдавси,Новостройка,Новый ремонт,Раздельный,Есть,Построено,Есть
450000,3,73,7,Другое,Новостройка,Без ремонта (коробка),Раздельный,Нет,Построено,Есть
450000,2,40,4,Сино,Новостройка,С ремонтом,Раздельный,Нет,Построено,Есть
450000,2,58,4,Другое,Новостройка,Новый ремонт,Совмещенный,Есть,Построено,Нет
450000,2,61,7,Другое,Новостройка,Без ремонта (коробка),Раздельный,Есть,На стадии строительства,Нет
450000,1,57,15,Фирдавси,Новостройка,Без ремонта (коробка),Раздельный,Есть,Построено,Нет
450000,2,60,1,Сино,Новостройка,С ремонтом,Совмещенный,Есть,Построено,Нет
450000,3,61,5,Другое,Вторичный рынок,Без ремонта (коробка),Раздельный,Нет,Построено,Есть
450000,2,54,2,И. Сомони,Вторичный рынок,Новый ремонт,Совмещенный,Нет,Построено,Есть
450000,3,110,7,Сино,Новостройка,Без ремонта (коробка),Раздельный,Нет,Построено,Нет
450000,1,42,3,Фирдавси,Вторичный рынок,Без ремонта (коробка),Совмещенный,Есть,Построено,Есть
450000,3,70,8,Другое,Новостройка,С ремонтом,Раздельный,Нет,Построено,Нет
450000,2,46,9,Другое,Новостройка,Новый ремонт,Совмещенный,Нет,Построено,Нет
450000,1,47,4,Сино,Новостройка,Без ремонта (коробка),Раздельный,Нет,Построено,Нет
450000,2,46,3,И. Сомони,Новостройка,С ремонтом,Раздельный,Нет,Построено,Нет
450000,3,111,6,Сино,Новостройка,Без ремонта (коробка),Раздельный,Нет,На стадии строительства,Нет
450000,1,37,3,Сино,Новостройка,С ремонтом,Совмещенный,Нет,Построено,Есть
450000,1,60,8,Фирдавси,Новостройка,Без ремонта (коробка),Совмещенный,Есть,На стадии строительства,Нет
450000,3,70,1,Другое,Вторичный рынок,Без ремонта (коробка),Раздельный,Нет,Построено,Есть
450000,2,78,15,Сино,Новостройка,Без ремонта (коробка),Раздельный,Есть,На стадии строительства,Нет
450000,1,53,1,Сино,Новостройка,С ремонтом,Совмещенный,Нет,Построено,Нет
450000,3,75,9,Другое,Новостройка,Новый ремонт,Раздельный,Нет,Построено,Есть
450000,3,84,2,Другое,Новостройка,Без ремонта (коробка),Раздельный,Нет,На стадии строительства,Нет
450000,3,57,1,Шохмансур,Вторичный рынок,С ремонтом,Совмещенный,Есть,Построено,Есть
450000,1,30,1,Другое,Вторичный рынок,С ремонтом,Совмещенный,Есть,Построено,Есть
450000,2,70,18,Другое,Новостройка,Без ремонта (коробка),Раздельный,Нет,Построено,Нет
450000,1,53,1,Сино,Новостройка,Новый ремонт,Раздельный,Есть,Построено,Нет
450000,1,68,8,Шохмансур,Новостройка,Без ремонта (коробка),Раздельный,Есть,На стадии строительства,Нет
450000,2,45,2,Фирдавси,Новостройка,Новый ремонт,Раздельный,Есть,Построено,Нет
450000,2,45,2,Другое,Новостройка,Новый ремонт,Совмещенный,Нет,На стадии строительства,Нет
450000,1,53,19,Другое,Новостройка,Без ремонта (коробка),Раздельный,Есть,Построено,Есть
450000,3,64,4,Сино,Новостройка,Без ремонта (коробка),Раздельный,Нет,Построено,Есть
450000,2,70,1,Другое,Вторичный рынок,Новый ремонт,Раздельный,Нет,Построено,Есть
450000,2,42,1,Другое,Новостройка,С ремонтом,Раздельный,Нет,Построено,Есть
450000,2,48,1,Другое,Вторичный рынок,С ремонтом,Совмещенный,Нет,Построено,Есть
450000,2,58,2,Сино,Вторичный рынок,С ремонтом,Раздельный,Нет,Построено,Есть
450000,2,49,11,Фирдавси,Новостройка,Без ремонта (коробка),Раздельный,Есть,Построено,Нет
450000,2,84,9,И. Сомони,Новостройка,Без ремонта (коробка),Раздельный,Есть,На стадии строительства,Нет
450000,3,86,10,Другое,Новостройка,Без ремонта (коробка),Раздельный,Есть,На стадии строительства,Есть
450000,1,37,3,Сино,Новостройка,С ремонтом,Раздельный,Нет,Построено,Есть
450000,3,70,3,Другое,Вторичный рынок,С ремонтом,Раздельный,Нет,Построено,Есть
450000,3,98,3,Другое,Новостройка,Без ремонта (коробка),Раздельный,Нет,На стадии строительства,Нет
450000,2,67,9,Другое,Новостройка,Без ремонта (коробка),Совмещенный,Нет,Построено,Есть
450000,2,55,9,Сино,Новостройка,Новый ремонт,Совмещенный,Нет,Построено,Есть
450000,2,56,4,Другое,Новостройка,Новый ремонт,Раздельный,Есть,Построено,Есть
450000,2,70,10,Другое,Новостройка,С ремонтом,Раздельный,Нет,Построено,Есть
450000,1,40,11,Сино,Новостройка,С ремонтом,Совмещенный,Нет,Построено,Нет
450000,3,84,11,Сино,Новостройка,Без ремонта (коробка),Раздельный,Нет,Построено,Нет
450000,1,50,10,И. Сомони,Новостройка,Без ремонта (коробка),Раздельный,Есть,На стадии строительства,Нет
450000,2,32,1,Другое,Вторичный рынок,Новый ремонт,Раздельный,Нет,На стадии строительства,Есть
450000,2,45,2,Фирдавси,Новостройка,Новый ремонт,Совмещенный,Нет,Построено,Есть
450000,2,41,1,Другое,Новостройка,Новый ремонт,Совмещенный,Есть,Построено,Есть
450000,2,55,10,Другое,Новостройка,Без ремонта (коробка),Совмещенный,Есть,На стадии строительства,Нет
450000,2,44,6,Сино,Новостройка,Новый ремонт,Раздельный,Нет,Построено,Нет
450000,3,65,9,Сино,Новостройка,С ремонтом,Раздельный,Нет,На стадии строительства,Нет
450000,1,53,5,Другое,Новостройка,Без ремонта (коробка),Совмещенный,Нет,Построено,Нет
450000,2,61,3,И. Сомони,Новостройка,Новый ремонт,Раздельный,Нет,Построено,Есть
450000,2,52,16,Другое,Новостройка,Новый ремонт,Раздельный,Есть,Построено,Нет
450000,2,60,1,Сино,Новостройка,Новый ремонт,Раздельный,Нет,Построено,Нет
450000,2,55,3,Другое,Вторичный рынок,Новый ремонт,Раздельный,Есть,Построено,Есть
450000,1,53,11,Сино,Новостройка,Без ремонта (коробка),Совмещенный,Нет,На стадии строительства,Нет
450000,2,48,8,Другое,Новостройка,С ремонтом,Раздельный,Нет,Построено,Есть
450000,2,74,13,Другое,Новостройка,Без ремонта (коробка),Раздельный,Есть,Построено,Нет
450000,1,59,12,Сино,Новостройка,Без ремонта (коробка),Раздельный,Есть,На стадии строительства,Нет
450000,2,55,9,Сино,Новостройка,Новый ремонт,Совмещенный,Нет,Построено,Нет
450000,2,70,3,Другое,Новостройка,Новый ремонт,Совмещенный,Нет,Построено,Есть
450000,2,58,2,Сино,Новостройка,С ремонтом,Совмещенный,Нет,Построено,Есть
450000,2,48,3,Другое,Новостройка,Новый ремонт,Раздельный,Нет,Построено,Нет
450000,2,46,3,И. Сомони,Новостройка,Новый ремонт,Раздельный,Нет,Построено,Нет
450000,2,51,6,Сино,Новостройка,С ремонтом,Раздельный,Нет,Построено,Есть
450000,3,62,2,Другое,Вторичный рынок,С ремонтом,Раздельный,Нет,Построено,Есть
450000,3,65,5,Другое,Вторичный рынок,С ремонтом,Раздельный,Нет,Построено,Есть
450000,4,96,11,Другое,Новостройка,С ремонтом,Раздельный,Нет,Построено,Есть
450000,1,66,11,Другое,Новостройка,Без ремонта (коробка),Совмещенный,Есть,На стадии строительства,Нет
450000,2,42,2,Фирдавси,Новостройка,Новый ремонт,Совмещенный,Нет,Построено,Нет
450000,3,75,8,Другое,Новостройка,Новый ремонт,Раздельный,Нет,Построено,Есть
450000,1,54,5,Сино,Новостройка,С ремонтом,Раздельный,Нет,Построено,Нет
450000,2,61,5,И. Сомони,Новостройка,Новый ремонт,Раздельный,Нет,Построено,Есть
450000,1,41,3,Сино,Вторичный рынок,С ремонтом,Совмещенный,Есть,Построено,Есть
451000,3,58,12,Сино,Новостройка,Новый ремонт,Раздельный,Нет,Построено,Есть
451000,2,50,9,Сино,Новостройка,Новый ремонт,Совмещенный,Есть,Построено,Нет
452000,1,55,10,Другое,Новостройка,Без ремонта (коробка),Совмещенный,Нет,Построено,Есть
452000,1,55,10,Сино,Новостройка,Без ремонта (коробка),Совмещенный,Нет,Построено,Есть
452000,2,84,8,И. Сомони,Новостройка,Без ремонта (коробка),Раздельный,Есть,На стадии строительства,Нет
452000,2,69,11,И. Сомони,Новостройка,Без ремонта (коробка),Раздельный,Есть,На стадии строительства,Нет
452000,2,53,5,Сино,Новостройка,Без ремонта (коробка),Раздельный,Нет,На стадии строительства,Нет
453000,1,60,7,Другое,Новостройка,Без ремонта (коробка),Раздельный,Есть,На стадии строительства,Есть
453000,3,98,6,Сино,Новостройка,Без ремонта (коробка),Раздельный,Нет,Построено,Есть
453000,1,60,6,Сино,Новостройка,Без ремонта (коробка),Раздельный,Нет,На стадии строительства,Нет
453000,1,67,10,Шохмансур,Новостройка,Без ремонта (коробка),Раздельный,Есть,На стадии строительства,Нет
454000,2,63,14,Сино,Новостройка,Без ремонта (коробка),Раздельный,Есть,На стадии строительства,Нет
455000,2,75,13,Другое,Новостройка,Без ремонта (коробка),Раздельный,Нет,Построено,Есть
455000,2,73,13,Другое,Новостройка,Без ремонта (коробка),Раздельный,Нет,На стадии строительства,Нет
455000,1,56,20,Сино,Новостройка,Без ремонта (коробка),Раздельный,Есть,На стадии строительства,Нет
455000,2,60,11,Другое,Новостройка,Новый ремонт,Совмещенный,Нет,Построено,Нет
455000,2,56,8,Сино,Новостройка,Новый ремонт,Раздельный,Есть,Построено,Есть
455000,2,67,5,Сино,Новостройка,Без ремонта (коробка),Совмещенный,Нет,Построено,Есть
455000,2,59,8,Другое,Новостройка,Новый ремонт,Раздельный,Нет,Построено,Нет
455000,2,59,8,Другое,Новостройка,Новый ремонт,Раздельный,Нет,Построено,Есть
455000,2,70,2,Другое,Новостройка,Без ремонта (коробка),Раздельный,Нет,На стадии строительства,Нет
455000,2,61,11,Сино,Новостройка,Новый ремонт,Совмещенный,Есть,Построено,Нет
455000,2,52,2,Другое,Новостройка,Новый ремонт,Раздельный,Нет,Построено,Нет
455000,2,50,2,Другое,Новостройка,Без ремонта (коробка),Раздельный,Нет,Построено,Нет
455000,2,58,4,Сино,Новостройка,Новый ремонт,Совмещенный,Есть,Построено,Нет
455000,2,76,5,И. Сомони,Новостройка,Без ремонта (коробка),Раздельный,Есть,На стадии строительства,Нет
455000,2,60,13,Другое,Новостройка,Новый ремонт,Совмещенный,Есть,Построено,Нет
455000,2,50,2,Другое,Новостройка,Новый ремонт,Раздельный,Нет,Построено,Нет
455000,1,67,12,Шохмансур,Новостройка,Без ремонта (коробка),Раздельный,Есть,На стадии строительства,Нет
455000,1,69,8,И. Сомони,Новостройка,Без ремонта (коробка),Раздельный,Нет,На стадии строительства,Нет
455000,2,60,13,Сино,Новостройка,Новый ремонт,Совмещенный,Есть,Построено,Нет
455000,2,70,12,Другое,Новостройка,Без ремонта (коробка),Раздельный,Есть,Построено,Есть
455000,2,58,4,Другое,Новостройка,С ремонтом,Совмещенный,Есть,Построено,Есть
455001,2,60,13,Другое,Новостройка,Новый ремонт,Совмещенный,Нет,Построено,Нет
456000,3,74,5,Другое,Вторичный рынок,Новый ремонт,Раздельный,Нет,На стадии строительства,Есть
457000,2,50,2,Сино,Новостройка,С ремонтом,Совмещенный,Нет,Построено,Нет
457560,1,60,3,Другое,Новостройка,Без ремонта (коробка),Раздельный,Есть,На стадии строительства,Есть
457700,2,64,12,Шохмансур,Новостройка,Без ремонта (коробка),Раздельный,Есть,На стадии строительства,Есть
457960,2,64,11,Шохмансур,Новостройка,Без ремонта (коробка),Раздельный,Есть,На стадии строительства,Есть
457970,2,64,7,Шохмансур,Новостройка,Без ремонта (коробка),Раздельный,Есть,На стадии строительства,Есть
457999,2,64,10,Шохмансур,Новостройка,Без ремонта (коробка),Раздельный,Есть,На стадии строительства,Есть
458000,1,76,2,Сино,Новостройка,Без ремонта (коробка),Раздельный,Есть,На стадии строительства,Нет
459000,2,47,7,Другое,Новостройка,Новый ремонт,Раздельный,Есть,Построено,Есть
459000,2,72,6,Другое,Новостройка,Без ремонта (коробка),Раздельный,Нет,Построено,Нет
459000,3,70,5,Другое,Новостройка,С ремонтом,Раздельный,Нет,Построено,Есть
459000,2,61,2,Сино,Новостройка,Без ремонта (коробка),Раздельный,Есть,На стадии строительства,Нет
459999,3,87,5,Сино,Новостройка,Без ремонта (коробка),Раздельный,Нет,Построено,Есть
460000,3,54,5,Другое,Вторичный рынок,Новый ремонт,Совмещенный,Есть,Построено,Есть
460000,3,60,7,Фирдавси,Новостройка,С ремонтом,Раздельный,Нет,Построено,Есть
460000,2,69,6,Другое,Новостройка,Без ремонта (коробка),Раздельный,Есть,На стадии строительства,Нет
460000,2,67,4,Другое,Вторичный рынок,С ремонтом,Раздельный,Нет,Построено,Есть
460000,2,45,1,Фирдавси,Новостройка,С ремонтом,Совмещенный,Нет,Построено,Есть
460000,3,90,11,Сино,Новостройка,Без ремонта (коробка),Раздельный,Есть,Построено,Нет
460000,1,53,19,Шохмансур,Новостройка,Без ремонта (коробка),Совмещенный,Есть,Построено,Есть
460000,3,100,4,Другое,Новостройка,Без ремонта (коробка),Раздельный,Есть,Построено,Нет
460000,2,69,16,Шохмансур,Новостройка,Без ремонта (коробка),Совмещенный,Есть,На стадии строительства,Нет
460000,2,46,3,И. Сомони,Новостройка,Новый ремонт,Раздельный,Нет,Построено,Нет
460000,2,46,4,Другое,Новостройка,С ремонтом,Совмещенный,Нет,Построено,Нет
460000,1,42,5,Сино,Вторичный рынок,С ремонтом,Совмещенный,Есть,Построено,Есть
460000,2,55,9,Фирдавси,Новостройка,Без ремонта (коробка),Раздельный,Нет,Построено,Нет
460000,2,62,9,И. Сомони,Новостройка,Без ремонта (коробка),Раздельный,Есть,На стадии строительства,Нет
460000,2,63,10,Другое,Новостройка,Новый ремонт,Раздельный,Нет,Построено,Нет
460000,2,55,15,Сино,Новостройка,Новый ремонт,Раздельный,Нет,На стадии строительства,Нет
460000,3,87,10,Другое,Новостройка,Без ремонта (коробка),Раздельный,Нет,Построено,Есть
460000,1,71,13,Шохмансур,Новостройка,Без ремонта (коробка),Раздельный,Есть,На стадии строительства,Нет
460000,1,53,19,Шохмансур,Новостройка,Без ремонта (коробка),Раздельный,Есть,Построено,Есть
460000,2,50,2,Сино,Новостройка,С ремонтом,Совмещенный,Нет,Построено,Нет
460000,1,35,4,Сино,Вторичный рынок,С ремонтом,Совмещенный,Есть,Построено,Есть
460000,3,76,11,Другое,Новостройка,Без ремонта (коробка),Раздельный,Есть,На стадии строительства,Нет
460000,2,90,4,Другое,Новостройка,Без ремонта (коробка),Раздельный,Нет,Построено,Нет
460000,2,62,11,Фирдавси,Новостройка,Без ремонта (коробка),Раздельный,Есть,На стадии строительства,Нет
460000,1,71,13,Шохмансур,Вторичный рынок,Без ремонта (коробка),Раздельный,Есть,На стадии строительства,Нет
460000,3,103,5,Другое,Новостройка,Без ремонта (коробка),Раздельный,Нет,Построено,Нет
460000,2,70,12,Другое,Новостройка,Новый ремонт,Раздельный,Есть,Построено,Нет
460000,2,57,7,Другое,Новостройка,С ремонтом,Совмещенный,Нет,Построено,Есть
460000,2,70,5,Сино,Новостройка,С ремонтом,Раздельный,Есть,Построено,Есть
460000,1,46,4,Сино,Новостройка,Без ремонта (коробка),Совмещенный,Есть,Построено,Нет
460000,1,35,4,Сино,Вторичный рынок,Новый ремонт,Совмещенный,Есть,Построено,Есть
460000,1,46,3,Сино,Новостройка,Без ремонта (коробка),Совмещенный,Есть,Построено,Нет
460000,2,47,3,Другое,Новостройка,С ремонтом,Раздельный,Нет,Построено,Нет
460000,2,76,4,И. Сомони,Новостройка,Без ремонта (коробка),Раздельный,Есть,На стадии строительства,Нет
460000,2,67,6,Другое,Новостройка,Без ремонта (коробка),Совмещенный,Нет,Построено,Нет
460000,2,55,9,Фирдавси,Новостройка,Без ремонта (коробка),Раздельный,Есть,Построено,Нет
460000,2,69,9,Сино,Новостройка,Без ремонта (коробка),Раздельный,Нет,На стадии строительства,Нет
460000,3,61,6,Сино,Новостройка,Без ремонта (коробка),Раздельный,Есть,Построено,Нет
460000,3,85,8,Другое,Новостройка,Новый ремонт,Раздельный,Нет,Построено,Есть
460000,2,98,10,Сино,Новостройка,Без ремонта (коробка),Раздельный,Нет,Построено,Нет
460000,2,55,15,Сино,Новостройка,Новый ремонт,Раздельный,Нет,Построено,Нет
460000,2,75,4,И. Сомони,Новостройка,Без ремонта (коробка),Раздельный,Есть,На стадии строительства,Нет
460000,3,70,5,Другое,Вторичный рынок,С ремонтом,Раздельный,Нет,Построено,Есть
460000,2,48,4,Сино,Вторичный рынок,С ремонтом,Совмещенный,Нет,Построено,Есть
460000,3,50,2,Другое,Вторичный рынок,С ремонтом,Раздельный,Нет,Построено,Есть
460000,2,46,3,Другое,Новостройка,Новый ремонт,Раздельный,Нет,Построено,Нет
460000,2,56,7,Другое,Новостройка,С ремонтом,Совмещенный,Нет,Построено,Есть
460000,2,1234,4,Другое,Вторичный рынок,С ремонтом,Раздельный,Есть,Построено,Есть
460000,2,51,1,Другое,Вторичный рынок,С ремонтом,Раздельный,Есть,Построено,Есть
460000,2,65,2,Другое,Новостройка,Новый ремонт,Раздельный,Нет,Построено,Есть
460000,1,59,12,Другое,Новостройка,Без ремонта (коробка),Раздельный,Есть,Построено,Есть
460000,2,62,11,Фирдавси,Новостройка,Без ремонта (коробка),Раздельный,Есть,Построено,Нет
460000,1,61,12,Сино,Новостройка,Без ремонта (коробка),Раздельный,Есть,Построено,Нет
460000,2,54,3,Фирдавси,Новостройка,С ремонтом,Раздельный,Нет,Построено,Есть
460000,2,82,9,Сино,Новостройка,Без ремонта (коробка),Раздельный,Нет,На стадии строительства,Нет
460000,3,64,17,Сино,Новостройка,Новый ремонт,Раздельный,Есть,Построено,Есть
460200,1,70,18,Другое,Новостройка,Без ремонта (коробка),Раздельный,Есть,На стадии строительства,Есть
460200,1,70,15,Другое,Новостройка,Без ремонта (коробка),Раздельный,Есть,На стадии строительства,Есть
460300,2,70,18,Сино,Новостройка,Без ремонта (коробка),Раздельный,Есть,На стадии строительства,Есть
460490,1,70,16,Другое,Новостройка,Без ремонта (коробка),Раздельный,Есть,На стадии строительства,Есть
461000,1,61,6,Сино,Новостройка,Без ремонта (коробка),Раздельный,Нет,На стадии строительства,Нет
461000,1,58,3,Сино,Новостройка,Без ремонта (коробка),Совмещенный,Нет,На стадии строительства,Нет
461000,3,90,1,Другое,Вторичный рынок,С ремонтом,Раздельный,Нет,Построено,Есть
461000,1,59,8,Сино,Новостройка,Без ремонта (коробка),Раздельный,Есть,На стадии строительства,Нет
462000,2,82,8,Сино,Новостройка,Без ремонта (коробка),Раздельный,Нет,На стадии строительства,Нет
462000,2,66,12,Шохмансур,Новостройка,Без ремонта (коробка),Раздельный,Есть,На стадии строительства,Есть
463370,1,59,4,Сино,Новостройка,Без ремонта (коробка),Раздельный,Есть,На стадии строительства,Есть
465000,3,63,3,Сино,Вторичный рынок,С ремонтом,Совмещенный,Нет,Построено,Есть
465000,2,48,9,Другое,Новостройка,С ремонтом,Раздельный,Нет,Построено,Есть
465000,1,51,14,Другое,Новостройка,Без ремонта (коробка),Совмещенный,Есть,Построено,Нет
465000,1,53,13,Шохмансур,Новостройка,Без ремонта (коробка),Раздельный,Есть,На стадии строительства,Нет
465000,2,77,4,Сино,Новостройка,Без ремонта (коробка),Раздельный,Нет,На стадии строительства,Нет
465000,1,62,10,Шохмансур,Новостройка,Без ремонта (коробка),Раздельный,Есть,На стадии строительства,Нет
465000,3,67,5,Шохмансур,Вторичный рынок,С ремонтом,Раздельный,Нет,Построено,Есть
465000,2,79,8,И. Сомони,Новостройка,Без ремонта (коробка),Раздельный,Есть,На стадии строительства,Нет
465000,2,63,9,Другое,Новостройка,С ремонтом,Раздельный,Нет,Построено,Нет
465000,1,42,4,Другое,Вторичный рынок,С ремонтом,Совмещенный,Есть,Построено,Есть
465000,2,58,3,Другое,Вторичный рынок,С ремонтом,Раздельный,Нет,Построено,Есть
465000,2,70,18,Фирдавси,Новостройка,Без ремонта (коробка),Раздельный,Нет,На стадии строительства,Нет
465000,2,72,6,Другое,Новостройка,Без ремонта (коробка),Раздельный,Нет,Построено,Нет
465000,1,38,4,Сино,Вторичный рынок,С ремонтом,Совмещенный,Есть,Построено,Есть
465000,2,50,5,Другое,Новостройка,Новый ремонт,Раздельный,Нет,Построено,Есть
465000,2,50,1,Другое,Новостройка,Новый ремонт,Раздельный,Есть,Построено,Есть
465000,2,57,2,Другое,Вторичный рынок,Новый ремонт,Раздельный,Нет,Построено,Есть
465000,3,68,5,Другое,Вторичный рынок,С ремонтом,Раздельный,Нет,Построено,Есть
465000,1,39,15,Другое,Вторичный рынок,Новый ремонт,Раздельный,Есть,Построено,Есть
465555,2,52,14,И. Сомони,Новостройка,Без ремонта (коробка),Совмещенный,Есть,На стадии строительства,Есть
466000,3,95,8,Сино,Новостройка,Без ремонта (коробка),Раздельный,Нет,На стадии строительства,Нет
466000,1,67,13,Другое,Новостройка,Без ремонта (коробка),Совмещенный,Есть,На стадии строительства,Нет
467000,1,66,4,Сино,Новостройка,Без ремонта (коробка),Совмещенный,Есть,На стадии строительства,Нет
467000,2,54,1,Другое,Новостройка,Новый ремонт,Раздельный,Нет,Построено,Нет
467560,2,91,9,И. Сомони,Новостройка,Без ремонта (коробка),Раздельный,Есть,На стадии строительства,Нет
468000,2,77,5,Сино,Новостройка,Без ремонта (коробка),Раздельный,Есть,На стадии строительства,Нет
468800,1,59,3,Сино,Новостройка,Без ремонта (коробка),Раздельный,Есть,На стадии строительства,Есть
469000,3,85,6,Другое,Новостройка,Без ремонта (коробка),Раздельный,Нет,Построено,Нет
469000,2,83,7,Другое,Новостройка,Без ремонта (коробка),Раздельный,Нет,Построено,Есть
469000,2,83,4,Другое,Новостройка,Без ремонта (коробка),Раздельный,Нет,На стадии строительства,Нет
469000,3,63,6,Другое,Вторичный рынок,С ремонтом,Раздельный,Нет,Построено,Есть
469000,2,48,3,Сино,Вторичный рынок,С ремонтом,Раздельный,Нет,Построено,Есть
469000,3,71,17,Сино,Новостройка,Без ремонта (коробка),Раздельный,Есть,На стадии строительства,Есть
469000,2,51,10,Шохмансур,Новостройка,Без ремонта (коробка),Раздельный,Нет,Построено,Нет
469036,3,84,6,Сино,Новостройка,Без ремонта (коробка),Раздельный,Нет,На стадии строительства,Нет
470000,2,77,4,Другое,Новостройка,Без ремонта (коробка),Раздельный,Есть,На стадии строительства,Нет
470000,1,50,15,Фирдавси,Новостройка,Без ремонта (коробка),Совмещенный,Нет,Построено,Есть
470000,2,103,3,Сино,Новостройка,Без ремонта (коробка),Раздельный,Нет,На стадии строительства,Нет
470000,2,84,10,И. Сомони,Новостройка,Без ремонта (коробка),Раздельный,Нет,Построено,Нет
470000,2,78,7,Другое,Новостройка,Без ремонта (коробка),Совмещенный,Нет,На стадии строительства,Есть
470000,2,47,5,Другое,Новостройка,Новый ремонт,Раздельный,Нет,Построено,Есть
470000,2,75,5,Другое,Новостройка,Без ремонта (коробка),Раздельный,Есть,На стадии строительства,Нет
470000,1,30,2,Шохмансур,Вторичный рынок,Новый ремонт,Совмещенный,Есть,Построено,Есть
470000,3,72,4,И. Сомони,Вторичный рынок,С ремонтом,Раздельный,Нет,Построено,Есть
470000,2,54,3,Сино,Вторичный рынок,С ремонтом,Совмещенный,Нет,Построено,Есть
470000,1,64,7,Другое,Новостройка,Без ремонта (коробка),Раздельный,Есть,На стадии строительства,Нет
470000,1,64,7,И. Сомони,Новостройка,Без ремонта (коробка),Раздельный,Нет,На стадии строительства,Нет
470000,3,65,2,Другое,Вторичный рынок,С ремонтом,Совмещенный,Нет,Построено,Есть
470000,2,75,7,Другое,Новостройка,Без ремонта (коробка),Раздельный,Есть,На стадии строительства,Нет
470000,1,46,15,Другое,Вторичный рынок,С ремонтом,Совмещенный,Есть,Построено,Есть
470000,1,31,2,Фирдавси,Новостройка,С ремонтом,Совмещенный,Нет,Построено,Есть
470000,1,64,7,Другое,Новостройка,Без ремонта (коробка),Совмещенный,Есть,На стадии строительства,Нет
470000,4,96,4,И. Сомони,Вторичный рынок,С ремонтом,Совмещенный,Нет,На стадии строительства,Есть
470000,3,45,4,Другое,Вторичный рынок,С ремонтом,Совмещенный,Есть,Построено,Есть
470000,2,48,2,Другое,Вторичный рынок,С ремонтом,Совмещенный,Есть,Построено,Есть
470000,1,70,10,Сино,Новостройка,Без ремонта (коробка),Совмещенный,Есть,Построено,Нет
470000,2,65,4,Сино,Новостройка,Без ремонта (коробка),Раздельный,Есть,На стадии строительства,Нет
470000,2,77,5,Сино,Новостройка,Без ремонта (коробка),Раздельный,Нет,На стадии строительства,Нет
470000,2,66,11,Сино,Новостройка,Без ремонта (коробка),Раздельный,Есть,На стадии строительства,Нет
470000,2,71,2,И. Сомони,Новостройка,Без ремонта (коробка),Совмещенный,Есть,На стадии строительства,Нет
470000,2,58,8,Сино,Новостройка,Новый ремонт,Раздельный,Нет,Построено,Нет
470000,2,76,5,Другое,Новостройка,Без ремонта (коробка),Раздельный,Есть,На стадии строительства,Нет
470000,3,92,2,Сино,Новостройка,Без ремонта (коробка),Раздельный,Нет,Построено,Есть
470000,2,67,13,Сино,Новостройка,Без ремонта (коробка),Раздельный,Есть,Построено,Нет
470000,3,88,6,Другое,Новостройка,С ремонтом,Раздельный,Нет,На стадии строительства,Есть
470000,1,36,2,Другое,Вторичный рынок,С ремонтом,Совмещенный,Есть,Построено,Есть
470000,3,75,5,Другое,Новостройка,Без ремонта (коробка),Раздельный,Нет,Построено,Нет
470000,2,61,6,Другое,Новостройка,Без ремонта (коробка),Раздельный,Есть,Построено,Нет
470000,1,65,3,Шохмансур,Новостройка,Без ремонта (коробка),Совмещенный,Есть,На стадии строительства,Нет
470000,3,91,3,И. Сомони,Новостройка,Без ремонта (коробка),Раздельный,Есть,Построено,Есть
470000,2,61,6,Другое,Новостройка,Без ремонта (коробка),Совмещенный,Есть,Построено,Нет
470000,2,63,7,Сино,Новостройка,Новый ремонт,Раздельный,Есть,Построено,Нет
470000,3,93,8,Шохмансур,Новостройка,Без ремонта (коробка),Раздельный,Нет,Построено,Нет
470000,2,57,19,Сино,Новостройка,Без ремонта (коробка),Раздельный,Есть,Построено,Нет
470000,3,56,14,Сино,Новостройка,С ремонтом,Совмещенный,Нет,Построено,Нет
470000,2,69,13,Фирдавси,Новостройка,Без ремонта (коробка),Раздельный,Есть,На стадии строительства,Есть
470000,3,65,2,И. Сомони,Вторичный рынок,Новый ремонт,Раздельный,Есть,Построено,Есть
470000,1,56,16,Другое,Новостройка,Без ремонта (коробка),Раздельный,Есть,Построено,Нет
470000,3,85,6,Другое,Новостройка,Без ремонта (коробка),Раздельный,Нет,Построено,Нет
470000,2,75,6,Другое,Новостройка,Без ремонта (коробка),Раздельный,Есть,На стадии строительства,Нет
471300,2,67,9,Сино,Новостройка,С ремонтом,Раздельный,Есть,Построено,Есть
472000,2,82,16,Фирдавси,Новостройка,Без ремонта (коробка),Совмещенный,Есть,На стадии строительства,Нет
472000,3,63,2,Другое,Вторичный рынок,С ремонтом,Раздельный,Есть,Построено,Есть
472000,2,73,11,Другое,Новостройка,Без ремонта (коробка),Совмещенный,Есть,На стадии строительства,Нет
472000,1,31,3,Фирдавси,Новостройка,С ремонтом,Совмещенный,Нет,Построено,Есть
472000,1,27,4,Сино,Вторичный рынок,С ремонтом,Совмещенный,Есть,Построено,Есть
473000,2,78,8,Другое,Новостройка,Без ремонта (коробка),Совмещенный,Нет,На стадии строительства,Нет
473000,3,63,8,Другое,Новостройка,Без ремонта (коробка),Раздельный,Есть,Построено,Есть
473000,1,61,4,Другое,Новостройка,Без ремонта (коробка),Совмещенный,Нет,На стадии строительства,Нет
473000,1,49,15,Фирдавси,Новостройка,Без ремонта (коробка),Раздельный,Нет,Построено,Есть
473000,2,98,9,Сино,Новостройка,Без ремонта (коробка),Раздельный,Нет,Построено,Нет
475000,3,85,6,Другое,Новостройка,Без ремонта (коробка),Раздельный,Нет,Построено,Нет
475000,4,67,1,Другое,Вторичный рынок,Новый ремонт,Раздельный,Нет,Построено,Есть
475000,2,55,3,Другое,Новостройка,Новый ремонт,Раздельный,Нет,Построено,Есть
475000,3,75,8,Другое,Новостройка,Новый ремонт,Раздельный,Нет,Построено,Есть
475000,1,67,15,Другое,Новостройка,Без ремонта (коробка),Раздельный,Есть,Построено,Нет
475000,2,60,2,Другое,Вторичный рынок,Новый ремонт,Раздельный,Есть,Построено,Есть
475000,2,58,8,Другое,Новостройка,Новый ремонт,Раздельный,Нет,Построено,Нет
475000,2,72,9,Другое,Новостройка,Без ремонта (коробка),Раздельный,Есть,Построено,Нет
475000,2,77,2,Сино,Новостройка,Без ремонта (коробка),Раздельный,Нет,Построено,Есть
475000,2,50,3,И. Сомони,Новостройка,Новый ремонт,Раздельный,Есть,Построено,Есть
475000,2,48,12,Сино,Новостройка,Новый ремонт,Раздельный,Нет,Построено,Нет
475000,1,50,6,Шохмансур,Новостройка,Без ремонта (коробка),Раздельный,Нет,На стадии строительства,Нет
475000,2,67,8,Сино,Новостройка,Без ремонта (коробка),Раздельный,Нет,Построено,Есть
475000,1,36,4,Фирдавси,Вторичный рынок,С ремонтом,Раздельный,Есть,Построено,Есть
475000,3,85,6,Сино,Новостройка,Без ремонта (коробка),Раздельный,Нет,Построено,Нет
475000,2,55,13,Сино,Новостройка,Новый ремонт,Раздельный,Есть,Построено,Нет
475000,2,56,8,Другое,Новостройка,Новый ремонт,Раздельный,Нет,Построено,Нет
475000,2,82,2,Сино,Новостройка,Без ремонта (коробка),Раздельный,Нет,На стадии строительства,Нет
475000,1,72,9,И. Сомони,Новостройка,Без ремонта (коробка),Раздельный,Нет,На стадии строительства,Нет
475000,2,98,9,Сино,Новостройка,Без ремонта (коробка),Раздельный,Нет,Построено,Нет
475000,1,82,16,Фирдавси,Новостройка,Без ремонта (коробка),Раздельный,Есть,На стадии строительства,Нет
475000,1,57,13,Сино,Новостройка,Без ремонта (коробка),Раздельный,Есть,На стадии строительства,Нет
475000,1,78,11,Шохмансур,Новостройка,Без ремонта (коробка),Раздельный,Есть,На стадии строительства,Есть
475000,2,58,4,Сино,Новостройка,Новый ремонт,Совмещенный,Нет,Построено,Нет
475000,2,60,15,Сино,Новостройка,Новый ремонт,Раздельный,Есть,Построено,Нет
476000,2,91,10,И. Сомони,Новостройка,Без ремонта (коробка),Раздельный,Есть,На стадии строительства,Нет
476000,1,68,6,И. Сомони,Новостройка,Без ремонта (коробка),Раздельный,Есть,На стадии строительства,Нет
476000,2,92,6,И. Сомони,Новостройка,Без ремонта (коробка),Раздельный,Есть,На стадии строительства,Нет
476000,2,91,6,И. Сомони,Новостройка,Без ремонта (коробка),Раздельный,Есть,На стадии строительства,Нет
476000,2,92,8,И. Сомони,Новостройка,Без ремонта (коробка),Раздельный,Есть,На стадии строительства,Нет
476760,2,78,14,Шохмансур,Новостройка,Без ремонта (коробка),Раздельный,Есть,На стадии строительства,Нет
477000,2,86,1,Сино,Новостройка,Без ремонта (коробка),Раздельный,Нет,На стадии строительства,Нет
477000,2,86,1,Сино,Новостройка,Без ремонта (коробка),Раздельный,Нет,Построено,Нет
477000,2,86,1,Сино,Новостройка,Без ремонта (коробка),Совмещенный,Нет,На стадии строительства,Нет
477700,3,102,8,Другое,Новостройка,Без ремонта (коробка),Раздельный,Нет,На стадии строительства,Нет
478000,1,53,13,Шохмансур,Новостройка,Без ремонта (коробка),Раздельный,Есть,На стадии строительства,Нет
478000,2,44,4,Другое,Вторичный рынок,С ремонтом,Совмещенный,Есть,Построено,Есть
479000,2,55,5,Сино,Новостройка,Без ремонта (коробка),Раздельный,Есть,Построено,Нет
479000,2,61,6,Другое,Новостройка,Без ремонта (коробка),Раздельный,Есть,На стадии строительства,Нет
479000,2,55,5,Фирдавси,Новостройка,Без ремонта (коробка),Раздельный,Есть,Построено,Нет
479000,1,69,14,Сино,Новостройка,Без ремонта (коробка),Раздельный,Есть,Построено,Нет
479000,1,55,5,Фирдавси,Новостройка,Без ремонта (коробка),Раздельный,Есть,Построено,Нет
479000,2,38,6,Сино,Новостройка,С ремонтом,Раздельный,Нет,Построено,Есть
479000,2,44,1,Сино,Новостройка,С ремонтом,Раздельный,Есть,Построено,Есть
479000,3,63,6,Другое,Вторичный рынок,С ремонтом,Раздельный,Нет,Построено,Есть
479000,2,74,8,Сино,Новостройка,Без ремонта (коробка),Раздельный,Есть,На стадии строительства,Нет
480000,1,37,4,Сино,Вторичный рынок,С ремонтом,Раздельный,Нет,Построено,Есть
480000,2,78,14,Сино,Новостройка,Без ремонта (коробка),Раздельный,Есть,На стадии строительства,Нет
480000,1,30,1,Сино,Вторичный рынок,С ремонтом,Раздельный,Есть,Построено,Есть
480000,2,52,3,Сино,Новостройка,Новый ремонт,Совмещенный,Есть,Построено,Нет
480000,3,84,10,Другое,Новостройка,Без ремонта (коробка),Раздельный,Нет,Построено,Есть
480000,3,55,6,Сино,Новостройка,Новый ремонт,Раздельный,Есть,Построено,Есть
480000,1,60,8,Сино,Новостройка,Без ремонта (коробка),Раздельный,Есть,На стадии строительства,Нет
480000,2,61,7,Сино,Новостройка,Новый ремонт,Совмещенный,Есть,Построено,Есть
480000,2,85,10,И. Сомони,Новостройка,Без ремонта (коробка),Раздельный,Нет,Построено,Нет
480000,2,68,2,Другое,Новостройка,Без ремонта (коробка),Раздельный,Нет,Построено,Есть
480000,2,52,3,Другое,Вторичный рынок,Новый ремонт,Совмещенный,Нет,Построено,Нет
480000,3,64,17,Сино,Новостройка,С ремонтом,Раздельный,Нет,Построено,Нет
480000,2,52,2,Сино,Новостройка,Новый ремонт,Совмещенный,Есть,Построено,Есть
480000,2,50,5,Сино,Новостройка,Без ремонта (коробка),Совмещенный,Есть,Построено,Нет
480000,2,60,6,Другое,Новостройка,Новый ремонт,Раздельный,Нет,Построено,Есть
480000,2,64,6,И. Сомони,Новостройка,Без ремонта (коробка),Раздельный,Есть,На стадии строительства,Нет
480000,3,96,9,Другое,Новостройка,Без ремонта (коробка),Совмещенный,Есть,На стадии строительства,Нет
480000,2,56,1,Сино,Новостройка,Новый ремонт,Совмещенный,Нет,Построено,Есть
480000,3,74,1,Другое,Новостройка,Без ремонта (коробка),Совмещенный,Нет,Построено,Нет
480000,2,85,9,И. Сомони,Новостройка,Без ремонта (коробка),Раздельный,Есть,На стадии строительства,Нет
480000,2,104,1,Другое,Вторичный рынок,С ремонтом,Раздельный,Нет,Построено,Есть
480000,3,55,4,Другое,Вторичный рынок,С ремонтом,Раздельный,Есть,Построено,Есть
480000,3,63,4,Сино,Вторичный рынок,С ремонтом,Совмещенный,Нет,Построено,Есть
480000,2,61,7,Сино,Новостройка,С ремонтом,Совмещенный,Нет,Построено,Нет
480000,2,65,4,Другое,Вторичный рынок,Новый ремонт,Раздельный,Есть,Построено,Есть
480000,1,30,2,Шохмансур,Вторичный рынок,С ремонтом,Совмещенный,Есть,Построено,Есть
480000,3,100,3,Другое,Вторичный рынок,Без ремонта (коробка),Раздельный,Нет,Построено,Есть
480000,2,60,2,Другое,Вторичный рынок,С ремонтом,Совмещенный,Нет,Построено,Есть
480000,1,59,12,Сино,Новостройка,Без ремонта (коробка),Раздельный,Есть,На стадии строительства,Нет
480000,1,58,10,Сино,Новостройка,Без ремонта (коробка),Раздельный,Есть,На стадии строительства,Нет
480000,1,59,12,Другое,Новостройка,Без ремонта (коробка),Раздельный,Есть,На стадии строительства,Нет
480000,2,85,13,И. Сомони,Новостройка,Без ремонта (коробка),Раздельный,Нет,Построено,Нет
480000,3,56,5,Другое,Вторичный рынок,С ремонтом,Раздельный,Нет,Построено,Есть
480000,2,66,8,И. Сомони,Новостройка,Без ремонта (коробка),Раздельный,Есть,На стадии строительства,Нет
480000,1,30,1,Другое,Вторичный рынок,С ремонтом,Раздельный,Есть,Построено,Есть
480000,1,38,1,Другое,Вторичный рынок,Новый ремонт,Совмещенный,Есть,Построено,Есть
480000,2,80,14,Другое,Новостройка,Без ремонта (коробка),Раздельный,Есть,Построено,Есть
480000,2,72,6,Другое,Новостройка,Без ремонта (коробка),Раздельный,Есть,На стадии строительства,Нет
480000,1,40,5,Сино,Вторичный рынок,С ремонтом,Совмещенный,Есть,Построено,Есть
480000,2,84,9,И. Сомони,Новостройка,Без ремонта (коробка),Раздельный,Есть,На стадии строительства,Нет
480000,2,58,10,Сино,Новостройка,Без ремонта (коробка),Совмещенный,Есть,Построено,Нет
480000,2,59,12,Сино,Новостройка,Без ремонта (коробка),Раздельный,Есть,На стадии строительства,Нет
480000,2,57,1,Сино,Новостройка,Новый ремонт,Раздельный,Нет,Построено,Есть
480000,2,76,5,Другое,Новостройка,Без ремонта (коробка),Раздельный,Есть,На стадии строительства,Нет
480000,2,82,7,Другое,Новостройка,Без ремонта (коробка),Раздельный,Нет,Построено,Есть
480000,3,78,14,Сино,Новостройка,Без ремонта (коробка),Раздельный,Есть,На стадии строительства,Нет
480000,2,60,3,Сино,Вторичный рынок,Новый ремонт,Раздельный,Нет,Построено,Есть
480000,3,60,5,Другое,Вторичный рынок,С ремонтом,Раздельный,Нет,Построено,Есть
480000,2,58,5,Сино,Новостройка,Без ремонта (коробка),Совмещенный,Есть,Построено,Нет
480000,2,70,9,Другое,Новостройка,С ремонтом,Раздельный,Нет,Построено,Нет
480000,2,45,5,Сино,Новостройка,С ремонтом,Совмещенный,Нет,Построено,Есть
480000,2,51,3,Сино,Новостройка,Новый ремонт,Совмещенный,Есть,Построено,Нет
480000,1,46,1,Сино,Новостройка,Новый ремонт,Раздельный,Есть,Построено,Есть
480000,2,58,5,Сино,Новостройка,Без ремонта (коробка),Раздельный,Есть,На стадии строительства,Нет
480000,2,62,8,Другое,Новостройка,Новый ремонт,Раздельный,Нет,Построено,Нет
480000,2,52,3,Другое,Новостройка,Новый ремонт,Совмещенный,Есть,Построено,Нет
480000,2,61,7,Другое,Новостройка,Новый ремонт,Совмещенный,Есть,Построено,Нет
480000,2,84,11,И. Сомони,Новостройка,Без ремонта (коробка),Раздельный,Нет,Построено,Нет
480000,2,67,9,Шохмансур,Новостройка,Без ремонта (коробка),Раздельный,Есть,На стадии строительства,Нет
480000,2,50,1,Сино,Новостройка,С ремонтом,Раздельный,Есть,Построено,Есть
480000,3,60,2,И. Сомони,Вторичный рынок,С ремонтом,Раздельный,Нет,Построено,Есть
480000,1,46,11,Другое,Новостройка,Новый ремонт,Раздельный,Есть,Построено,Есть
480000,2,84,13,И. Сомони,Новостройка,Без ремонта (коробка),Раздельный,Нет,Построено,Нет
480000,2,74,1,Другое,Новостройка,Новый ремонт,Раздельный,Нет,На стадии строительства,Есть
480001,1,31,12,Фирдавси,Новостройка,Новый ремонт,Совмещенный,Нет,Построено,Есть
480008,2,52,3,Другое,Новостройка,Новый ремонт,Совмещенный,Есть,Построено,Нет
482000,2,91,9,И. Сомони,Новостройка,Без ремонта (коробка),Раздельный,Есть,На стадии строительства,Нет
483000,2,60,2,Другое,Новостройка,Новый ремонт,Раздельный,Нет,Построено,Нет
483000,2,60,6,Другое,Новостройка,Без ремонта (коробка),Раздельный,Нет,Построено,Нет
484000,2,55,5,Другое,Новостройка,Без ремонта (коробка),Раздельный,Есть,Построено,Есть
484000,1,64,7,Другое,Новостройка,Без ремонта (коробка),Раздельный,Есть,На стадии строительства,Есть
485000,2,50,5,Другое,Новостройка,Новый ремонт,Раздельный,Нет,Построено,Есть
485000,1,63,5,Другое,Новостройка,Без ремонта (коробка),Совмещенный,Нет,На стадии строительства,Нет
485000,1,46,11,Сино,Новостройка,С ремонтом,Раздельный,Нет,Построено,Есть
485000,2,56,8,Другое,Новостройка,С ремонтом,Раздельный,Нет,Построено,Есть
485000,3,78,3,Другое,Новостройка,Новый ремонт,Раздельный,Нет,Построено,Есть
485000,2,50,2,Другое,Новостройка,С ремонтом,Совмещенный,Нет,Построено,Есть
485000,1,28,1,Другое,Вторичный рынок,Новый ремонт,Совмещенный,Нет,Построено,Есть
485000,2,53,3,Сино,Новостройка,Новый ремонт,Совмещенный,Есть,Построено,Есть
485000,2,55,2,Другое,Новостройка,Новый ремонт,Раздельный,Нет,Построено,Нет
485000,2,91,9,И. Сомони,Новостройка,Без ремонта (коробка),Раздельный,Есть,На стадии строительства,Нет
485000,2,60,6,Другое,Новостройка,Без ремонта (коробка),Раздельный,Нет,Построено,Есть
485000,2,58,9,Другое,Новостройка,С ремонтом,Раздельный,Нет,Построено,Нет
485000,1,37,10,Фирдавси,Новостройка,Новый ремонт,Совмещенный,Нет,Построено,Есть
485000,1,57,11,Сино,Новостройка,Без ремонта (коробка),Раздельный,Есть,На стадии строительства,Нет
485000,2,43,3,Фирдавси,Новостройка,С ремонтом,Раздельный,Нет,Построено,Нет
485000,2,98,7,Другое,Новостройка,Без ремонта (коробка),Раздельный,Нет,Построено,Нет
485000,2,78,5,Другое,Новостройка,Без ремонта (коробка),Раздельный,Нет,Построено,Нет
485000,2,98,9,Сино,Новостройка,Без ремонта (коробка),Раздельный,Нет,На стадии строительства,Нет
485000,2,65,9,Другое,Новостройка,С ремонтом,Раздельный,Нет,Построено,Нет
485000,3,101,3,Другое,Новостройка,Без ремонта (коробка),Раздельный,Нет,На стадии строительства,Нет
485000,3,89,9,Другое,Новостройка,Новый ремонт,Раздельный,Нет,Построено,Нет
485000,2,54,7,Другое,Новостройка,Новый ремонт,Совмещенный,Нет,Построено,Есть
485000,1,47,5,Сино,Новостройка,Новый ремонт,Совмещенный,Есть,Построено,Нет
485000,2,92,9,И. Сомони,Новостройка,Без ремонта (коробка),Раздельный,Есть,На стадии строительства,Нет
485000,1,65,11,И. Сомони,Новостройка,Без ремонта (коробка),Раздельный,Есть,Построено,Нет
485000,3,97,9,Сино,Новостройка,Без ремонта (коробка),Раздельный,Нет,На стадии строительства,Нет
485000,3,70,5,Сино,Вторичный рынок,С ремонтом,Раздельный,Нет,Построено,Есть
485000,2,83,7,Сино,Новостройка,Без ремонта (коробка),Раздельный,Нет,На стадии строительства,Нет
485005,2,73,6,Сино,Новостройка,Новый ремонт,Совмещенный,Нет,Построено,Есть
486000,2,76,6,Другое,Новостройка,Без ремонта (коробка),Раздельный,Нет,Построено,Нет
486000,3,94,14,Сино,Новостройка,Без ремонта (коробка),Раздельный,Есть,На стадии строительства,Нет
486000,3,94,11,Сино,Новостройка,Без ремонта (коробка),Раздельный,Есть,На стадии строительства,Нет
486000,2,58,2,Другое,Новостройка,Новый ремонт,Совмещенный,Нет,Построено,Нет
487000,2,89,1,Сино,Новостройка,Без ремонта (коробка),Раздельный,Есть,На стадии строительства,Есть
487000,2,66,8,Другое,Новостройка,Новый ремонт,Раздельный,Нет,Построено,Нет
488000,2,91,6,И. Сомони,Новостройка,Без ремонта (коробка),Раздельный,Есть,На стадии строительства,Нет
488000,2,84,9,И. Сомони,Новостройка,Без ремонта (коробка),Раздельный,Есть,На стадии строительства,Нет
488334,3,82,4,Другое,Вторичный рынок,Без ремонта (коробка),Раздельный,Нет,Построено,Есть
488336,2,67,9,Сино,Новостройка,Без ремонта (коробка),Раздельный,Есть,На стадии строительства,Нет
489000,3,70,13,Другое,Новостройка,Без ремонта (коробка),Раздельный,Нет,Построено,Нет
489000,4,70,3,Другое,Вторичный рынок,Новый ремонт,Раздельный,Нет,Построено,Есть
489000,2,65,4,Другое,Вторичный рынок,Новый ремонт,Раздельный,Есть,Построено,Есть
490000,2,72,1,Другое,Новостройка,Новый ремонт,Раздельный,Нет,Построено,Есть
490000,3,80,8,Другое,Новостройка,С ремонтом,Раздельный,Нет,Построено,Нет
490000,1,1,4,Сино,Вторичный рынок,С ремонтом,Совмещенный,Есть,Построено,Есть
490000,1,48,17,Шохмансур,Новостройка,Без ремонта (коробка),Раздельный,Есть,Построено,Нет
490000,2,78,7,Шохмансур,Новостройка,Без ремонта (коробка),Раздельный,Есть,На стадии строительства,Нет
490000,1,56,5,Шохмансур,Новостройка,Без ремонта (коробка),Совмещенный,Есть,На стадии строительства,Нет
490000,2,63,1,Сино,Новостройка,Без ремонта (коробка),Раздельный,Есть,На стадии строительства,Нет
490000,3,99,3,Другое,Вторичный рынок,С ремонтом,Раздельный,Нет,Построено,Есть
490000,2,62,8,Другое,Новостройка,С ремонтом,Раздельный,Нет,Построено,Нет
490000,1,60,8,Фирдавси,Новостройка,Без ремонта (коробка),Раздельный,Есть,На стадии строительства,Нет
490000,2,70,4,Сино,Новостройка,Новый ремонт,Раздельный,Нет,Построено,Есть
490000,1,38,2,Сино,Вторичный рынок,С ремонтом,Совмещенный,Есть,Построено,Есть
490000,1,48,17,Сино,Новостройка,Без ремонта (коробка),Раздельный,Есть,Построено,Нет
490000,1,40,3,Сино,Новостройка,С ремонтом,Совмещенный,Нет,Построено,Есть
490000,3,55,4,Другое,Вторичный рынок,Новый ремонт,Раздельный,Есть,Построено,Есть
490000,1,70,8,Фирдавси,Новостройка,Без ремонта (коробка),Раздельный,Есть,На стадии строительства,Нет
490000,1,35,5,Фирдавси,Вторичный рынок,С ремонтом,Раздельный,Нет,Построено,Есть
490000,1,47,13,Сино,Новостройка,Новый ремонт,Совмещенный,Есть,Построено,Нет
490000,1,27,4,И. Сомони,Вторичный рынок,С ремонтом,Совмещенный,Есть,Построено,Есть
490000,3,100,4,Другое,Новостройка,Без ремонта (коробка),Совмещенный,Нет,На стадии строительства,Нет
490000,6,150,6,Другое,Вторичный рынок,С ремонтом,Раздельный,Есть,Построено,Есть
490000,2,67,8,Другое,Новостройка,Новый ремонт,Раздельный,Нет,Построено,Есть
490000,2,54,1,Фирдавси,Вторичный рынок,С ремонтом,Раздельный,Есть,Построено,Есть
490000,3,85,6,Другое,Новостройка,Без ремонта (коробка),Раздельный,Нет,Построено,Нет
490000,3,55,2,Другое,Вторичный рынок,Новый ремонт,Совмещенный,Нет,Построено,Есть
490000,2,87,2,Сино,Новостройка,Без ремонта (коробка),Раздельный,Нет,Построено,Есть
490000,2,55,15,Сино,Новостройка,Новый ремонт,Совмещенный,Нет,Построено,Есть
490000,2,65,10,Другое,Новостройка,Новый ремонт,Раздельный,Нет,Построено,Есть
490000,1,58,4,Сино,Новостройка,Новый ремонт,Раздельный,Нет,Построено,Нет
490000,2,75,1,Другое,Новостройка,Новый ремонт,Раздельный,Нет,Построено,Есть
490000,3,61,4,Сино,Вторичный рынок,Новый ремонт,Совмещенный,Нет,Построено,Есть
490000,2,85,9,Другое,Новостройка,Без ремонта (коробка),Раздельный,Есть,На стадии строительства,Нет
490000,2,50,1,Другое,Новостройка,Новый ремонт,Раздельный,Нет,Построено,Нет
490000,2,98,8,Сино,Новостройка,Без ремонта (коробка),Раздельный,Нет,Построено,Нет
490000,2,46,11,Сино,Новостройка,С ремонтом,Раздельный,Нет,Построено,Есть
490000,1,38,3,Сино,Вторичный рынок,С ремонтом,Раздельный,Есть,Построено,Есть
490000,6,150,2,Другое,Новостройка,Новый ремонт,Раздельный,Есть,Построено,Есть
490000,2,38,1,Сино,Вторичный рынок,С ремонтом,Совмещенный,Нет,Построено,Есть
490000,1,51,19,Шохмансур,Новостройка,Без ремонта (коробка),Раздельный,Есть,Построено,Нет
490000,2,105,10,Сино,Новостройка,Без ремонта (коробка),Совмещенный,Нет,Построено,Нет
491000,1,59,12,Другое,Новостройка,Без ремонта (коробка),Раздельный,Есть,На стадии строительства,Нет
492000,3,84,7,Сино,Новостройка,Без ремонта (коробка),Раздельный,Есть,На стадии строительства,Нет
493000,1,36,4,Фирдавси,Вторичный рынок,С ремонтом,Совмещенный,Есть,Построено,Есть
493000,2,82,2,Сино,Новостройка,Без ремонта (коробка),Раздельный,Есть,На стадии строительства,Нет
494000,2,51,19,Шохмансур,Новостройка,Без ремонта (коробка),Раздельный,Нет,Построено,Нет
495000,1,57,8,Сино,Новостройка,Без ремонта (коробка),Раздельный,Есть,На стадии строительства,Нет
495000,3,77,7,Другое,Новостройка,Без ремонта (коробка),Раздельный,Есть,Построено,Нет
495000,2,48,11,Сино,Новостройка,Новый ремонт,Раздельный,Нет,Построено,Нет
495000,3,70,1,Сино,Новостройка,Новый ремонт,Совмещенный,Нет,Построено,Нет
495000,2,84,10,И. Сомони,Новостройка,Без ремонта (коробка),Раздельный,Есть,На стадии строительства,Нет
495000,3,62,4,Сино,Вторичный рынок,Новый ремонт,Совмещенный,Нет,Построено,Есть
495000,2,65,4,Сино,Вторичный рынок,С ремонтом,Раздельный,Есть,Построено,Есть
495000,3,63,10,Другое,Новостройка,Новый ремонт,Совмещенный,Есть,Построено,Есть
495000,3,68,4,Сино,Вторичный рынок,С ремонтом,Раздельный,Нет,Построено,Есть
495000,2,59,1,Другое,Вторичный рынок,С ремонтом,Совмещенный,Есть,Построено,Есть
495000,1,68,3,Другое,Новостройка,Без ремонта (коробка),Раздельный,Есть,На стадии строительства,Нет
495000,3,85,3,Другое,Вторичный рынок,Новый ремонт,Совмещенный,Есть,Построено,Есть
495000,2,63,9,Другое,Новостройка,Без ремонта (коробка),Раздельный,Нет,Построено,Нет
495000,1,47,13,Другое,Новостройка,Новый ремонт,Совмещенный,Есть,Построено,Нет
495000,3,80,3,Другое,Вторичный рынок,С ремонтом,Раздельный,Нет,Построено,Есть
495000,2,65,9,Сино,Новостройка,Новый ремонт,Раздельный,Есть,Построено,Нет
495000,2,63,3,Другое,Новостройка,Новый ремонт,Раздельный,Нет,Построено,Нет
495000,2,58,4,Сино,Новостройка,Новый ремонт,Раздельный,Нет,Построено,Нет
495000,2,85,8,И. Сомони,Новостройка,Без ремонта (коробка),Раздельный,Есть,На стадии строительства,Нет
495000,3,76,12,Другое,Новостройка,Новый ремонт,Совмещенный,Нет,Построено,Есть
495000,1,35,4,Фирдавси,Вторичный рынок,С ремонтом,Совмещенный,Есть,Построено,Есть
495555,1,51,14,И. Сомони,Новостройка,Без ремонта (коробка),Раздельный,Есть,Построено,Нет
496000,1,62,13,Другое,Новостройка,С ремонтом,Совмещенный,Нет,Построено,Есть
496000,3,91,15,Шохмансур,Новостройка,Без ремонта (коробка),Раздельный,Есть,На стадии строительства,Нет
497000,1,75,9,Другое,Новостройка,Без ремонта (коробка),Раздельный,Нет,На стадии строительства,Нет
497000,2,90,20,И. Сомони,Новостройка,С ремонтом,Раздельный,Есть,Построено,Есть
498000,2,53,5,Сино,Новостройка,Без ремонта (коробка),Раздельный,Есть,Построено,Нет
498000,2,78,4,Сино,Новостройка,Новый ремонт,Совмещенный,Есть,Построено,Нет
498000,2,62,8,Другое,Новостройка,С ремонтом,Раздельный,Нет,Построено,Нет
498000,1,75,9,Другое,Новостройка,Без ремонта (коробка),Раздельный,Нет,На стадии строительства,Нет
498000,2,56,10,Другое,Новостройка,Без ремонта (коробка),Раздельный,Есть,Построено,Нет
499000,2,89,8,Другое,Новостройка,Без ремонта (коробка),Раздельный,Нет,Построено,Есть
499000,2,75,6,Другое,Новостройка,Без ремонта (коробка),Раздельный,Есть,На стадии строительства,Нет
499000,1,44,4,И. Сомони,Новостройка,Без ремонта (коробка),Раздельный,Есть,Построено,Нет
499000,3,95,1,Другое,Вторичный рынок,С ремонтом,Раздельный,Нет,Построено,Есть
499000,2,75,1,Другое,Вторичный рынок,С ремонтом,Раздельный,Нет,Построено,Есть
499000,2,57,3,Фирдавси,Новостройка,Без ремонта (коробка),Раздельный,Нет,На стадии строительства,Нет
499000,2,55,2,Сино,Новостройка,С ремонтом,Раздельный,Нет,Построено,Нет
499000,2,67,9,Шохмансур,Новостройка,Без ремонта (коробка),Раздельный,Есть,На стадии строительства,Нет
499000,2,64,4,Другое,Новостройка,С ремонтом,Раздельный,Нет,Построено,Нет
499000,2,50,1,Другое,Новостройка,Новый ремонт,Раздельный,Нет,Построено,Есть
499000,2,57,3,Сино,Новостройка,Без ремонта (коробка),Совмещенный,Есть,На стадии строительства,Нет
499000,2,72,12,Сино,Новостройка,Без ремонта (коробка),Раздельный,Есть,Построено,Нет
499000,2,54,10,Другое,Новостройка,Новый ремонт,Раздельный,Нет,Построено,Есть
499500,2,58,6,Другое,Новостройка,Новый ремонт,Раздельный,Нет,Построено,Нет
499900,2,0,7,Другое,Новостройка,Без ремонта (коробка),Раздельный,Есть,На стадии строительства,Нет
499990,1,0,9,Шохмансур,Новостройка,Без ремонта (коробка),Раздельный,Есть,На стадии строительства,Нет
499990,3,100,8,Другое,Новостройка,Без ремонта (коробка),Раздельный,Нет,Построено,Нет
499994,2,46,9,Сино,Новостройка,Без ремонта (коробка),Раздельный,Есть,На стадии строительства,Нет
499999,2,47,7,Шохмансур,Новостройка,Без ремонта (коробка),Раздельный,Есть,На стадии строительства,Нет
499999,2,50,1,Сино,Новостройка,Новый ремонт,Раздельный,Есть,Построено,Есть
499999,2,50,2,Шохмансур,Вторичный рынок,С ремонтом,Раздельный,Есть,Построено,Есть
499999,2,54,3,Сино,Новостройка,Новый ремонт,Раздельный,Нет,Построено,Есть
499999,2,65,9,Сино,Новостройка,Новый ремонт,Совмещенный,Нет,Построено,Нет
499999,3,63,3,Другое,Вторичный рынок,С ремонтом,Раздельный,Нет,Построено,Есть
499999,3,98,5,Сино,Новостройка,Без ремонта (коробка),Раздельный,Нет,Построено,Есть
500000,2,50,9,Другое,Новостройка,Новый ремонт,Совмещенный,Нет,Построено,Есть
500000,4,300,1,Другое,Новостройка,Без ремонта (коробка),Раздельный,Нет,Построено,Есть
500000,1,36,2,Другое,Вторичный рынок,Новый ремонт,Совмещенный,Есть,Построено,Есть
500000,2,62,4,Другое,Новостройка,Новый ремонт,Раздельный,Есть,Построено,Есть
500000,1,46,10,Сино,Новостройка,С ремонтом,Раздельный,Нет,Построено,Есть
500000,2,72,12,Другое,Новостройка,Новый ремонт,Совмещенный,Нет,На стадии строительства,Нет
500000,2,47,2,Шохмансур,Вторичный рынок,С ремонтом,Совмещенный,Есть,Построено,Есть
500000,1,33,2,Другое,Вторичный рынок,Новый ремонт,Совмещенный,Есть,Построено,Есть
500000,1,78,17,Сино,Новостройка,Без ремонта (коробка),Раздельный,Есть,Построено,Нет
500000,1,55,12,Сино,Новостройка,Без ремонта (коробка),Совмещенный,Есть,Построено,Нет
500000,2,50,17,Шохмансур,Новостройка,Без ремонта (коробка),Раздельный,Есть,Построено,Нет
500000,1,56,5,Сино,Новостройка,Без ремонта (коробка),Раздельный,Есть,На стадии строительства,Нет
500000,2,58,1,Другое,Новостройка,С ремонтом,Раздельный,Нет,Построено,Есть
500000,1,50,10,Шохмансур,Новостройка,Новый ремонт,Совмещенный,Нет,Построено,Есть
500000,2,43,2,Другое,Новостройка,С ремонтом,Раздельный,Нет,Построено,Есть
500000,2,76,14,Сино,Новостройка,Без ремонта (коробка),Раздельный,Есть,Построено,Есть
500000,3,118,7,Сино,Новостройка,Без ремонта (коробка),Раздельный,Нет,На стадии строительства,Нет
500000,3,72,3,Другое,Вторичный рынок,Без ремонта (коробка),Раздельный,Нет,Построено,Есть
500000,3,82,1,Другое,Новостройка,Без ремонта (коробка),Раздельный,Нет,Построено,Нет
500000,2,89,1,Сино,Новостройка,Без ремонта (коробка),Раздельный,Нет,Построено,Нет
500000,2,97,8,Другое,Новостройка,Без ремонта (коробка),Раздельный,Нет,Построено,Нет
500000,1,56,16,Сино,Новостройка,Без ремонта (коробка),Раздельный,Есть,На стадии строительства,Нет
500000,2,48,1,Сино,Новостройка,С ремонтом,Раздельный,Нет,Построено,Есть
500000,2,76,4,Другое,Новостройка,Без ремонта (коробка),Раздельный,Есть,Построено,Нет
500000,3,114,8,Другое,Новостройка,Без ремонта (коробка),Раздельный,Нет,На стадии строительства,Нет
500000,2,62,4,Другое,Вторичный рынок,С ремонтом,Раздельный,Есть,Построено,Есть
500000,3,100,6,Другое,Новостройка,Без ремонта (коробка),Раздельный,Нет,На стадии строительства,Нет
500000,3,68,9,Сино,Новостройка,Новый ремонт,Раздельный,Нет,Построено,Нет
500000,2,63,2,И. Сомони,Новостройка,С ремонтом,Раздельный,Нет,Построено,Нет
500000,1,40,4,Другое,Вторичный рынок,С ремонтом,Раздельный,Есть,Построено,Есть
500000,2,43,14,Фирдавси,Новостройка,С ремонтом,Совмещенный,Есть,Построено,Нет
500000,3,84,3,Сино,Новостройка,Без ремонта (коробка),Раздельный,Нет,Построено,Нет
500000,3,92,9,Сино,Новостройка,Без ремонта (коробка),Раздельный,Есть,На стадии строительства,Нет
500000,3,44,2,Другое,Вторичный рынок,С ремонтом,Совмещенный,Нет,Построено,Есть
500000,1,28,3,Сино,Вторичный рынок,Новый ремонт,Совмещенный,Есть,Построено,Есть
500000,2,53,4,Сино,Вторичный рынок,Новый ремонт,Раздельный,Есть,Построено,Есть
500000,2,50,3,Другое,Вторичный рынок,С ремонтом,Раздельный,Нет,Построено,Есть
500000,1,56,19,Другое,Новостройка,Без ремонта (коробка),Совмещенный,Есть,На стадии строительства,Есть
500000,2,50,17,Другое,Новостройка,Без ремонта (коробка),Совмещенный,Есть,Построено,Нет
500000,3,64,4,Другое,Вторичный рынок,С ремонтом,Совмещенный,Нет,Построено,Есть
500000,1,34,4,Фирдавси,Новостройка,С ремонтом,Раздельный,Есть,Построено,Есть
500000,3,90,6,Сино,Новостройка,Без ремонта (коробка),Раздельный,Нет,Построено,Нет
500000,2,60,16,Сино,Вторичный рынок,С ремонтом,Раздельный,Есть,Построено,Есть
500000,2,72,16,Шохмансур,Новостройка,Без ремонта (коробка),Раздельный,Есть,На стадии строительства,Есть
500000,3,70,1,Другое,Вторичный рынок,С ремонтом,Совмещенный,Нет,Построено,Есть
500000,2,48,6,Фирдавси,Новостройка,С ремонтом,Раздельный,Нет,Построено,Есть
500000,3,71,6,Другое,Новостройка,С ремонтом,Совмещенный,Нет,Построено,Есть
500000,3,52,1,Другое,Вторичный рынок,Новый ремонт,Совмещенный,Нет,Построено,Есть
500000,3,70,1,Другое,Вторичный рынок,С ремонтом,Раздельный,Есть,Построено,Есть
500000,1,40,4,Сино,Вторичный рынок,С ремонтом,Совмещенный,Есть,Построено,Есть
500000,3,72,5,Сино,Вторичный рынок,С ремонтом,Раздельный,Нет,Построено,Есть
500000,3,68,4,Другое,Вторичный рынок,С ремонтом,Раздельный,Нет,Построено,Есть
500000,2,58,4,Другое,Вторичный рынок,Новый ремонт,Раздельный,Нет,Построено,Есть
500000,2,50,4,Другое,Вторичный рынок,С ремонтом,Совмещенный,Нет,Построено,Есть
500005,1,0,7,Шохмансур,Новостройка,Без ремонта (коробка),Раздельный,Есть,На стадии строительства,Нет
500500,2,0,9,Другое,Новостройка,Без ремонта (коробка),Раздельный,Есть,На стадии строительства,Нет
502000,2,72,5,Сино,Новостройка,Без ремонта (коробка),Совмещенный,Есть,На стадии строительства,Нет
503000,2,71,11,Сино,Новостройка,Без ремонта (коробка),Совмещенный,Нет,На стадии строительства,Нет
503000,1,93,14,Шохмансур,Новостройка,Без ремонта (коробка),Раздельный,Есть,Построено,Нет
504000,1,69,2,Сино,Новостройка,Без ремонта (коробка),Совмещенный,Есть,На стадии строительства,Нет
504700,2,87,10,Сино,Новостройка,Без ремонта (коробка),Раздельный,Нет,Построено,Нет
505000,2,55,7,Фирдавси,Новостройка,Новый ремонт,Совмещенный,Нет,Построено,Есть
505000,1,30,1,Сино,Вторичный рынок,С ремонтом,Совмещенный,Есть,Построено,Есть
505000,1,53,19,Другое,Новостройка,Без ремонта (коробка),Раздельный,Есть,Построено,Есть
505000,2,48,11,Сино,Новостройка,Новый ремонт,Раздельный,Есть,Построено,Есть
505000,2,65,7,Сино,Новостройка,Без ремонта (коробка),Раздельный,Есть,На стадии строительства,Нет
505000,2,63,16,Другое,Новостройка,Без ремонта (коробка),Раздельный,Есть,Построено,Нет
505000,2,63,16,Сино,Новостройка,Без ремонта (коробка),Раздельный,Есть,Построено,Нет
505000,2,62,16,Сино,Новостройка,Без ремонта (коробка),Раздельный,Есть,Построено,Нет
505000,1,63,16,Другое,Новостройка,Без ремонта (коробка),Раздельный,Есть,Построено,Нет
505000,2,62,16,Сино,Новостройка,Без ремонта (коробка),Совмещенный,Есть,Построено,Нет
505000,2,73,8,Сино,Новостройка,Без ремонта (коробка),Раздельный,Есть,На стадии строительства,Нет
505700,1,70,6,Фирдавси,Новостройка,Без ремонта (коробка),Раздельный,Нет,На стадии строительства,Нет
505800,2,71,11,Сино,Новостройка,Без ремонта (коробка),Раздельный,Нет,На стадии строительства,Нет
506000,1,74,15,И. Сомони,Новостройка,Без ремонта (коробка),Раздельный,Есть,На стадии строительства,Нет
507000,2,69,18,Фирдавси,Новостройка,Без ремонта (коробка),Раздельный,Есть,На стадии строительства,Нет
507990,3,89,11,Сино,Новостройка,Без ремонта (коробка),Раздельный,Есть,На стадии строительства,Есть
508000,2,60,7,Другое,Новостройка,Новый ремонт,Раздельный,Нет,Построено,Нет
509000,1,44,14,Другое,Новостройка,Новый ремонт,Совмещенный,Есть,Построено,Есть
509000,1,64,15,Другое,Новостройка,Без ремонта (коробка),Совмещенный,Есть,На стадии строительства,Нет
509000,2,68,6,Сино,Новостройка,Без ремонта (коробка),Раздельный,Есть,На стадии строительства,Нет
510000,1,42,1,Сино,Вторичный рынок,С ремонтом,Совмещенный,Нет,Построено,Есть
510000,1,47,5,Сино,Вторичный рынок,С ремонтом,Совмещенный,Есть,Построено,Есть
510000,2,36,3,Сино,Вторичный рынок,С ремонтом,Раздельный,Есть,Построено,Есть
510000,1,36,3,Сино,Вторичный рынок,Новый ремонт,Совмещенный,Есть,Построено,Есть
510000,2,67,13,Сино,Новостройка,Без ремонта (коробка),Раздельный,Есть,На стадии строительства,Нет
510000,2,85,4,И. Сомони,Новостройка,Без ремонта (коробка),Раздельный,Есть,На стадии строительства,Нет
510000,2,47,3,Сино,Новостройка,Новый ремонт,Совмещенный,Есть,Построено,Нет
510000,3,60,8,Другое,Новостройка,Новый ремонт,Раздельный,Нет,Построено,Нет
510000,2,36,3,Сино,Вторичный рынок,Новый ремонт,Совмещенный,Есть,Построено,Есть
510000,1,65,8,И. Сомони,Новостройка,Без ремонта (коробка),Раздельный,Есть,На стадии строительства,Нет
510000,4,96,4,Другое,Новостройка,Без ремонта (коробка),Раздельный,Нет,Построено,Нет
510000,2,57,7,Другое,Новостройка,С ремонтом,Раздельный,Нет,Построено,Нет
510000,2,36,3,Сино,Вторичный рынок,С ремонтом,Совмещенный,Есть,Построено,Есть
510000,2,60,16,И. Сомони,Новостройка,Без ремонта (коробка),Совмещенный,Есть,Построено,Нет
510000,2,57,8,Другое,Новостройка,Новый ремонт,Раздельный,Нет,Построено,Нет
510000,2,86,3,Сино,Новостройка,Без ремонта (коробка),Раздельный,Нет,На стадии строительства,Нет
510000,2,58,4,Фирдавси,Вторичный рынок,С ремонтом,Совмещенный,Есть,Построено,Есть
510000,2,48,2,Сино,Новостройка,Новый ремонт,Раздельный,Есть,Построено,Нет
510000,1,38,1,Сино,Вторичный рынок,С ремонтом,Совмещенный,Есть,Построено,Есть
510000,2,78,4,Другое,Новостройка,С ремонтом,Совмещенный,Есть,Построено,Нет
510000,2,78,6,Сино,Новостройка,Без ремонта (коробка),Раздельный,Нет,Построено,Нет
510000,3,80,8,Шохмансур,Новостройка,Без ремонта (коробка),Совмещенный,Нет,На стадии строительства,Нет
510000,2,66,9,Другое,Новостройка,Новый ремонт,Раздельный,Есть,Построено,Нет
510000,1,67,13,Сино,Новостройка,Без ремонта (коробка),Совмещенный,Есть,Построено,Нет
510000,2,91,4,Другое,Новостройка,Без ремонта (коробка),Раздельный,Есть,На стадии строительства,Нет
510000,2,55,10,Фирдавси,Новостройка,Без ремонта (коробка),Раздельный,Есть,Построено,Нет
510000,2,48,2,Другое,Новостройка,Новый ремонт,Раздельный,Есть,Построено,Нет
510000,2,55,10,Фирдавси,Новостройка,Без ремонта (коробка),Совмещенный,Нет,Построено,Нет
510000,2,70,18,Фирдавси,Новостройка,Без ремонта (коробка),Раздельный,Нет,Построено,Нет
510000,1,61,2,Сино,Новостройка,Без ремонта (коробка),Совмещенный,Есть,Построено,Нет
510000,1,57,2,Сино,Новостройка,Без ремонта (коробка),Раздельный,Есть,На стадии строительства,Нет
510000,5,36,3,Сино,Вторичный рынок,Новый ремонт,Совмещенный,Есть,Построено,Есть
510000,2,48,2,Другое,Новостройка,Новый ремонт,Раздельный,Есть,Построено,Есть
510000,2,65,9,Сино,Новостройка,Новый ремонт,Совмещенный,Есть,Построено,Нет
510000,2,66,9,Сино,Новостройка,Новый ремонт,Совмещенный,Есть,Построено,Нет
510000,2,48,2,Сино,Новостройка,Новый ремонт,Совмещенный,Есть,Построено,Нет
510000,1,61,3,Сино,Новостройка,Без ремонта (коробка),Раздельный,Есть,Построено,Есть
510000,2,78,17,Другое,Новостройка,Без ремонта (коробка),Раздельный,Есть,Построено,Нет
510000,2,52,4,Сино,Новостройка,Новый ремонт,Совмещенный,Есть,Построено,Есть
510000,3,90,12,Другое,Новостройка,Без ремонта (коробка),Раздельный,Нет,Построено,Есть
510000,2,84,2,Сино,Новостройка,Без ремонта (коробка),Раздельный,Есть,На стадии строительства,Нет
510000,2,64,9,Сино,Новостройка,Новый ремонт,Совмещенный,Есть,Построено,Нет
510000,2,52,7,Другое,Новостройка,Новый ремонт,Совмещенный,Нет,Построено,Нет
510000,2,66,9,Сино,Новостройка,Без ремонта (коробка),Совмещенный,Нет,Построено,Нет
510000,2,60,9,Фирдавси,Новостройка,Без ремонта (коробка),Раздельный,Есть,Построено,Нет
510000,1,53,18,Шохмансур,Новостройка,Без ремонта (коробка),Раздельный,Есть,Построено,Нет
510000,2,78,4,Другое,Новостройка,Новый ремонт,Раздельный,Нет,Построено,Есть
510000,2,72,6,Шохмансур,Новостройка,Без ремонта (коробка),Раздельный,Есть,Построено,Нет
510000,2,48,2,Сино,Новостройка,Новый ремонт,Раздельный,Нет,Построено,Есть
510000,2,67,13,Сино,Новостройка,Без ремонта (коробка),Раздельный,Есть,Построено,Нет
510000,2,54,11,Другое,Новостройка,Новый ремонт,Раздельный,Нет,Построено,Есть
510000,3,67,1,Другое,Вторичный рынок,С ремонтом,Раздельный,Нет,Построено,Есть
510000,3,90,12,Другое,Новостройка,Без ремонта (коробка),Совмещенный,Нет,Построено,Есть
510000,3,85,4,Другое,Новостройка,Без ремонта (коробка),Раздельный,Нет,Построено,Нет
510001,2,65,9,Другое,Новостройка,Новый ремонт,Совмещенный,Есть,Построено,Нет
510010,2,48,2,Другое,Новостройка,Новый ремонт,Раздельный,Есть,Построено,Нет
511000,1,37,5,Сино,Вторичный рынок,С ремонтом,Совмещенный,Есть,Построено,Есть
513000,2,71,11,Сино,Новостройка,Без ремонта (коробка),Раздельный,Есть,На стадии строительства,Нет
513000,2,98,5,Сино,Новостройка,Без ремонта (коробка),Раздельный,Нет,Построено,Нет
513970,1,72,10,Шохмансур,Новостройка,Без ремонта (коробка),Раздельный,Есть,На стадии строительства,Есть
514000,1,60,13,И. Сомони,Новостройка,Без ремонта (коробка),Раздельный,Есть,Построено,Нет
514000,1,67,8,Сино,Новостройка,Без ремонта (коробка),Совмещенный,Есть,На стадии строительства,Нет
515000,3,80,2,Другое,Новостройка,Без ремонта (коробка),Раздельный,Нет,Построено,Нет
515000,2,71,18,Сино,Новостройка,Без ремонта (коробка),Совмещенный,Есть,На стадии строительства,Нет
515000,3,98,5,Другое,Новостройка,Без ремонта (коробка),Раздельный,Нет,Построено,Нет
515000,2,64,9,Сино,Новостройка,Новый ремонт,Совмещенный,Есть,Построено,Нет
515000,3,87,9,Другое,Новостройка,Без ремонта (коробка),Раздельный,Нет,Построено,Нет
515000,2,50,10,Другое,Новостройка,Новый ремонт,Совмещенный,Есть,Построено,Есть
515000,1,72,16,Сино,Новостройка,Без ремонта (коробка),Совмещенный,Есть,На стадии строительства,Нет
515000,3,88,1,Другое,Вторичный рынок,Новый ремонт,Раздельный,Нет,Построено,Есть
515000,2,63,3,Другое,Новостройка,Новый ремонт,Раздельный,Нет,Построено,Нет
515000,2,91,9,И. Сомони,Новостройка,Без ремонта (коробка),Раздельный,Есть,На стадии строительства,Нет
516000,1,69,15,Сино,Новостройка,Без ремонта (коробка),Раздельный,Есть,На стадии строительства,Нет
516000,1,78,10,Шохмансур,Новостройка,Без ремонта (коробка),Раздельный,Есть,На стадии строительства,Есть
517000,3,126,8,Другое,Новостройка,Без ремонта (коробка),Раздельный,Нет,Построено,Нет
517000,1,56,5,Шохмансур,Новостройка,Без ремонта (коробка),Раздельный,Есть,На стадии строительства,Нет
517000,1,56,5,Шохмансур,Новостройка,Без ремонта (коробка),Совмещенный,Есть,На стадии строительства,Нет
517000,2,79,10,Шохмансур,Новостройка,Без ремонта (коробка),Раздельный,Есть,На стадии строительства,Нет
518000,1,68,8,Сино,Новостройка,Без ремонта (коробка),Раздельный,Есть,На стадии строительства,Нет
518000,1,68,8,Сино,Новостройка,Без ремонта (коробка),Совмещенный,Нет,На стадии строительства,Нет
518000,2,52,4,Другое,Вторичный рынок,Новый ремонт,Совмещенный,Нет,Построено,Есть
518000,3,75,9,Другое,Новостройка,Новый ремонт,Раздельный,Нет,Построено,Есть
520000,2,45,3,Сино,Вторичный рынок,С ремонтом,Совмещенный,Есть,Построено,Есть
520000,2,68,10,Фирдавси,Новостройка,Без ремонта (коробка),Раздельный,Есть,Построено,Нет
520000,2,68,4,Другое,Новостройка,Без ремонта (коробка),Раздельный,Есть,На стадии строительства,Нет
520000,1,54,18,Шохмансур,Новостройка,Без ремонта (коробка),Раздельный,Есть,Построено,Нет
520000,1,61,2,Сино,Новостройка,Без ремонта (коробка),Раздельный,Есть,Построено,Есть
520000,1,46,12,Фирдавси,Новостройка,С ремонтом,Совмещенный,Нет,Построено,Есть
520000,2,54,8,Шохмансур,Новостройка,Без ремонта (коробка),Совмещенный,Есть,Построено,Есть
520000,3,60,7,Сино,Новостройка,С ремонтом,Раздельный,Нет,Построено,Нет
520000,2,72,8,И. Сомони,Новостройка,Без ремонта (коробка),Раздельный,Есть,На стадии строительства,Нет
520000,2,69,8,И. Сомони,Новостройка,Без ремонта (коробка),Раздельный,Есть,На стадии строительства,Нет
520000,1,51,19,Шохмансур,Новостройка,Без ремонта (коробка),Раздельный,Есть,Построено,Нет
520000,1,58,3,Сино,Новостройка,Без ремонта (коробка),Раздельный,Есть,На стадии строительства,Нет
520000,2,60,5,Другое,Новостройка,Новый ремонт,Раздельный,Нет,Построено,Есть
520000,1,68,8,Сино,Новостройка,Без ремонта (коробка),Совмещенный,Есть,Построено,Нет
520000,1,32,1,Шохмансур,Новостройка,С ремонтом,Совмещенный,Есть,Построено,Есть
520000,1,48,9,Другое,Новостройка,Без ремонта (коробка),Совмещенный,Нет,Построено,Нет
520000,2,44,13,Сино,Новостройка,Новый ремонт,Раздельный,Есть,Построено,Нет
520000,2,65,2,Сино,Новостройка,Без ремонта (коробка),Раздельный,Есть,Построено,Нет
520000,2,65,8,Другое,Новостройка,Новый ремонт,Раздельный,Нет,Построено,Нет
520000,1,55,7,Фирдавси,Новостройка,Без ремонта (коробка),Совмещенный,Есть,Построено,Нет
520000,2,50,13,Сино,Новостройка,Новый ремонт,Совмещенный,Есть,На стадии строительства,Нет
520000,2,74,6,Другое,Новостройка,Новый ремонт,Раздельный,Есть,Построено,Нет
520000,1,36,1,Фирдавси,Новостройка,Новый ремонт,Совмещенный,Нет,Построено,Есть
520000,2,58,3,Другое,Новостройка,Новый ремонт,Раздельный,Есть,Построено,Есть
520000,2,91,2,Другое,Новостройка,Без ремонта (коробка),Раздельный,Нет,Построено,Нет
520000,2,53,4,Другое,Вторичный рынок,Новый ремонт,Раздельный,Нет,Построено,Есть
520000,2,42,3,Шохмансур,Новостройка,С ремонтом,Совмещенный,Есть,Построено,Нет
520000,3,71,6,Сино,Новостройка,С ремонтом,Раздельный,Нет,Построено,Есть
520000,2,50,2,И. Сомони,Вторичный рынок,С ремонтом,Раздельный,Нет,Построено,Есть
520000,2,59,7,Сино,Новостройка,Новый ремонт,Раздельный,Нет,Построено,Есть
520000,2,91,9,И. Сомони,Новостройка,Без ремонта (коробка),Раздельный,Есть,На стадии строительства,Нет
520000,3,65,1,Другое,Новостройка,Без ремонта (коробка),Совмещенный,Нет,Построено,Нет
520000,2,65,4,Другое,Новостройка,С ремонтом,Совмещенный,Нет,Построено,Есть
520000,2,50,5,Другое,Новостройка,Новый ремонт,Совмещенный,Есть,Построено,Есть
520000,2,53,3,Другое,Новостройка,Новый ремонт,Совмещенный,Есть,Построено,Есть
520000,3,76,14,Сино,Новостройка,Без ремонта (коробка),Раздельный,Есть,На стадии строительства,Нет
520000,2,50,5,Сино,Новостройка,Новый ремонт,Совмещенный,Нет,Построено,Есть
520000,2,61,2,Сино,Новостройка,Без ремонта (коробка),Совмещенный,Есть,Построено,Есть
520000,3,70,7,Сино,Новостройка,Новый ремонт,Раздельный,Нет,Построено,Есть
520000,2,54,5,Сино,Новостройка,С ремонтом,Совмещенный,Есть,Построено,Есть
520000,2,81,11,Шохмансур,Новостройка,Без ремонта (коробка),Раздельный,Есть,На стадии строительства,Есть
520000,1,46,12,Фирдавси,Новостройка,С ремонтом,Совмещенный,Есть,Построено,Есть
520000,3,65,2,Сино,Новостройка,Без ремонта (коробка),Совмещенный,Нет,На стадии строительства,Есть
520000,1,40,1,Сино,Вторичный рынок,С ремонтом,Раздельный,Есть,Построено,Есть
520000,3,81,7,Другое,Новостройка,Новый ремонт,Раздельный,Нет,Построено,Есть
520000,4,76,13,Сино,Новостройка,Без ремонта (коробка),Раздельный,Есть,На стадии строительства,Нет
520000,3,80,4,Сино,Вторичный рынок,С ремонтом,Совмещенный,Нет,Построено,Нет
520800,2,62,8,Другое,Новостройка,Без ремонта (коробка),Совмещенный,Нет,На стадии строительства,Нет
522000,1,32,1,Шохмансур,Новостройка,Новый ремонт,Совмещенный,Есть,Построено,Есть
522000,2,71,8,Сино,Новостройка,Без ремонта (коробка),Раздельный,Нет,На стадии строительства,Нет
523000,3,80,8,Сино,Новостройка,Без ремонта (коробка),Раздельный,Нет,На стадии строительства,Нет
523000,2,53,18,Шохмансур,Новостройка,Без ремонта (коробка),Раздельный,Нет,Построено,Нет
523600,2,77,4,Другое,Новостройка,Без ремонта (коробка),Раздельный,Нет,На стадии строительства,Нет
525000,2,91,4,И. Сомони,Новостройка,Без ремонта (коробка),Раздельный,Есть,На стадии строительства,Нет
525000,2,93,8,Другое,Новостройка,Без ремонта (коробка),Раздельный,Есть,На стадии строительства,Нет
525000,3,63,11,Сино,Новостройка,Новый ремонт,Раздельный,Нет,Построено,Есть
525000,2,72,9,Сино,Новостройка,С ремонтом,Раздельный,Есть,На стадии строительства,Нет
525000,2,64,7,Другое,Новостройка,Без ремонта (коробка),Раздельный,Есть,Построено,Нет
525000,3,91,13,Шохмансур,Новостройка,Без ремонта (коробка),Раздельный,Есть,На стадии строительства,Нет
525000,2,81,11,Шохмансур,Новостройка,Без ремонта (коробка),Раздельный,Есть,На стадии строительства,Нет
525000,3,54,3,Сино,Вторичный рынок,С ремонтом,Раздельный,Нет,Построено,Есть
525000,2,55,5,Сино,Новостройка,Новый ремонт,Раздельный,Есть,Построено,Есть
525000,2,47,3,Сино,Новостройка,Новый ремонт,Совмещенный,Нет,Построено,Нет
525000,2,64,5,Другое,Новостройка,Новый ремонт,Раздельный,Есть,Построено,Есть
525000,2,52,3,Другое,Вторичный рынок,Без ремонта (коробка),Раздельный,Есть,На стадии строительства,Есть
525000,1,51,11,И. Сомони,Новостройка,Без ремонта (коробка),Совмещенный,Есть,На стадии строительства,Нет
525000,2,53,7,Другое,Новостройка,Новый ремонт,Раздельный,Есть,Построено,Есть
525000,2,55,5,Сино,Новостройка,Новый ремонт,Раздельный,Есть,Построено,Нет
525000,1,48,10,Шохмансур,Новостройка,Без ремонта (коробка),Совмещенный,Есть,На стадии строительства,Нет
525000,2,35,4,Шохмансур,Новостройка,Новый ремонт,Раздельный,Нет,Построено,Есть
525000,1,75,15,Сино,Новостройка,Без ремонта (коробка),Раздельный,Нет,На стадии строительства,Нет
525000,2,47,5,Фирдавси,Новостройка,С ремонтом,Совмещенный,Нет,Построено,Есть
525000,2,77,7,Сино,Новостройка,Без ремонта (коробка),Раздельный,Есть,На стадии строительства,Нет
525000,2,56,5,Шохмансур,Новостройка,С ремонтом,Раздельный,Есть,Построено,Нет
525000,2,64,5,Сино,Новостройка,Новый ремонт,Раздельный,Есть,Построено,Нет
525000,3,105,2,Сино,Новостройка,Без ремонта (коробка),Раздельный,Нет,Построено,Нет
525000,2,81,9,Сино,Новостройка,Без ремонта (коробка),Раздельный,Есть,Построено,Нет
525500,1,67,3,Шохмансур,Новостройка,Без ремонта (коробка),Раздельный,Нет,На стадии строительства,Нет
526000,1,70,8,Сино,Новостройка,Без ремонта (коробка),Раздельный,Есть,На стадии строительства,Нет
526000,3,65,1,Другое,Вторичный рынок,С ремонтом,Раздельный,Нет,Построено,Есть
527000,2,91,9,И. Сомони,Новостройка,Без ремонта (коробка),Раздельный,Есть,На стадии строительства,Нет
527310,2,54,18,Другое,Новостройка,Новый ремонт,Раздельный,Есть,Построено,Нет
528000,2,79,3,Сино,Новостройка,Без ремонта (коробка),Раздельный,Нет,Построено,Нет
528000,1,48,12,Сино,Новостройка,Без ремонта (коробка),Раздельный,Есть,На стадии строительства,Нет
528000,2,54,18,Шохмансур,Новостройка,Без ремонта (коробка),Раздельный,Нет,Построено,Нет
528000,2,70,6,Другое,Новостройка,С ремонтом,Раздельный,Нет,Построено,Нет
529000,1,69,8,Сино,Новостройка,Без ремонта (коробка),Совмещенный,Есть,На стадии строительства,Нет
529000,3,92,9,Сино,Новостройка,Без ремонта (коробка),Раздельный,Нет,Построено,Нет
529000,1,74,7,Шохмансур,Новостройка,Без ремонта (коробка),Раздельный,Есть,Построено,Нет
529000,3,97,15,Шохмансур,Новостройка,Без ремонта (коробка),Раздельный,Есть,На стадии строительства,Нет
529000,2,47,3,Сино,Новостройка,Новый ремонт,Совмещенный,Нет,Построено,Нет
529000,3,97,16,Шохмансур,Новостройка,Без ремонта (коробка),Раздельный,Есть,На стадии строительства,Нет
529000,2,91,9,И. Сомони,Новостройка,Без ремонта (коробка),Раздельный,Есть,На стадии строительства,Нет
529650,3,107,1,Другое,Новостройка,Без ремонта (коробка),Раздельный,Нет,На стадии строительства,Есть
529999,3,98,2,Сино,Новостройка,Без ремонта (коробка),Раздельный,Нет,Построено,Есть
530000,2,56,9,Сино,Новостройка,С ремонтом,Совмещенный,Нет,Построено,Есть
530000,2,65,14,Сино,Новостройка,Без ремонта (коробка),Раздельный,Есть,На стадии строительства,Нет
530000,2,56,9,Другое,Новостройка,Новый ремонт,Совмещенный,Есть,Построено,Есть
530000,2,65,10,Сино,Новостройка,Новый ремонт,Раздельный,Есть,Построено,Есть
530000,2,50,3,Другое,Вторичный рынок,С ремонтом,Совмещенный,Есть,Построено,Есть
530000,3,103,14,Фирдавси,Новостройка,Без ремонта (коробка),Раздельный,Есть,На стадии строительства,Нет
530000,2,55,3,Другое,Новостройка,Новый ремонт,Раздельный,Нет,Построено,Нет
530000,2,82,19,Фирдавси,Новостройка,Без ремонта (коробка),Раздельный,Есть,Построено,Нет
530000,2,63,8,Другое,Новостройка,Новый ремонт,Совмещенный,Есть,Построено,Есть
530000,2,53,5,Сино,Новостройка,Новый ремонт,Совмещенный,Нет,Построено,Нет
530000,2,57,9,Сино,Новостройка,Новый ремонт,Совмещенный,Есть,Построено,Есть
530000,2,55,7,Сино,Новостройка,Новый ремонт,Совмещенный,Нет,Построено,Нет
530000,3,102,4,Сино,Новостройка,Без ремонта (коробка),Совмещенный,Нет,Построено,Нет
530000,1,48,2,Сино,Вторичный рынок,С ремонтом,Раздельный,Есть,Построено,Есть
530000,3,94,5,Сино,Новостройка,Без ремонта (коробка),Раздельный,Нет,Построено,Нет
530000,2,56,1,Сино,Новостройка,Новый ремонт,Раздельный,Нет,Построено,Есть
530000,3,103,14,Фирдавси,Новостройка,Без ремонта (коробка),Раздельный,Есть,Построено,Нет
530000,2,53,4,Другое,Новостройка,Новый ремонт,Раздельный,Нет,Построено,Нет
530000,1,64,12,И. Сомони,Новостройка,Без ремонта (коробка),Совмещенный,Есть,Построено,Нет
530000,3,70,4,Другое,Вторичный рынок,С ремонтом,Раздельный,Нет,Построено,Есть
530000,1,76,16,Сино,Новостройка,Без ремонта (коробка),Раздельный,Есть,На стадии строительства,Нет
530000,3,74,8,Другое,Новостройка,С ремонтом,Раздельный,Нет,Построено,Есть
530000,2,56,1,Другое,Новостройка,С ремонтом,Раздельный,Есть,Построено,Есть
530000,2,56,1,Фирдавси,Новостройка,Новый ремонт,Раздельный,Есть,Построено,Есть
530000,2,82,10,Сино,Новостройка,Без ремонта (коробка),Раздельный,Нет,На стадии строительства,Нет
530000,2,60,6,Сино,Новостройка,Без ремонта (коробка),Раздельный,Есть,Построено,Нет
530000,2,63,1,Сино,Новостройка,Без ремонта (коробка),Раздельный,Есть,На стадии строительства,Нет
530000,3,60,2,Сино,Вторичный рынок,С ремонтом,Раздельный,Нет,Построено,Есть
530000,2,46,1,Фирдавси,Новостройка,Новый ремонт,Совмещенный,Нет,Построено,Есть
530000,2,77,11,Сино,Новостройка,Без ремонта (коробка),Раздельный,Есть,На стадии строительства,Нет
530000,2,64,5,Сино,Новостройка,Новый ремонт,Раздельный,Есть,Построено,Есть
530000,2,71,18,Сино,Новостройка,Без ремонта (коробка),Раздельный,Нет,На стадии строительства,Нет
530000,2,97,1,Сино,Новостройка,Без ремонта (коробка),Раздельный,Нет,Построено,Нет
530000,2,54,3,Фирдавси,Новостройка,С ремонтом,Раздельный,Нет,Построено,Есть
530000,1,35,8,Другое,Новостройка,Новый ремонт,Совмещенный,Есть,Построено,Есть
530000,1,40,1,Сино,Вторичный рынок,С ремонтом,Совмещенный,Нет,Построено,Есть
530000,2,54,2,Сино,Новостройка,Новый ремонт,Совмещенный,Есть,Построено,Есть
530000,2,68,2,Другое,Новостройка,Новый ремонт,Раздельный,Нет,Построено,Есть
530000,2,56,9,Сино,Новостройка,Новый ремонт,Совмещенный,Нет,Построено,Есть
530000,2,78,10,Сино,Новостройка,Без ремонта (коробка),Раздельный,Есть,Построено,Нет
530000,3,62,6,Другое,Новостройка,Новый ремонт,Совмещенный,Нет,Построено,Есть
530000,2,92,2,Сино,Новостройка,Без ремонта (коробка),Раздельный,Нет,Построено,Нет
530000,2,55,6,Сино,Новостройка,Новый ремонт,Совмещенный,Нет,Построено,Нет
530000,2,65,2,Другое,Новостройка,Новый ремонт,Раздельный,Нет,Построено,Нет
530000,2,46,1,И. Сомони,Новостройка,Новый ремонт,Совмещенный,Нет,Построено,Нет
530000,2,43,14,Фирдавси,Новостройка,С ремонтом,Совмещенный,Есть,Построено,Нет
530000,3,110,4,Сино,Новостройка,Без ремонта (коробка),Раздельный,Нет,Построено,Есть
530000,4,98,4,Другое,Вторичный рынок,С ремонтом,Раздельный,Нет,Построено,Есть
530000,2,72,10,Другое,Новостройка,Новый ремонт,Раздельный,Нет,Построено,Есть
530000,2,56,4,Фирдавси,Новостройка,С ремонтом,Совмещенный,Нет,Построено,Есть
530000,2,57,9,Другое,Новостройка,Новый ремонт,Совмещенный,Есть,Построено,Есть
530000,3,85,1,Другое,Вторичный рынок,Новый ремонт,Раздельный,Нет,Построено,Есть
530000,2,53,9,Сино,Новостройка,Новый ремонт,Совмещенный,Есть,Построено,Нет
531000,2,70,11,Сино,Новостройка,Без ремонта (коробка),Раздельный,Есть,На стадии строительства,Нет
533000,1,80,8,Сино,Новостройка,Без ремонта (коробка),Раздельный,Есть,На стадии строительства,Нет
533000,2,91,9,Другое,Новостройка,Без ремонта (коробка),Раздельный,Есть,На стадии строительства,Нет
533000,2,54,19,Шохмансур,Новостройка,Без ремонта (коробка),Раздельный,Нет,Построено,Нет
533820,1,70,8,Сино,Новостройка,Без ремонта (коробка),Совмещенный,Нет,На стадии строительства,Нет
534000,2,76,12,Сино,Новостройка,Без ремонта (коробка),Раздельный,Есть,На стадии строительства,Нет
534000,1,70,8,Сино,Новостройка,Без ремонта (коробка),Совмещенный,Есть,Построено,Нет
534000,3,107,4,Сино,Новостройка,Без ремонта (коробка),Раздельный,Нет,На стадии строительства,Нет
535000,1,48,10,Другое,Новостройка,Без ремонта (коробка),Раздельный,Есть,На стадии строительства,Нет
535000,3,67,10,Другое,Новостройка,Новый ремонт,Совмещенный,Нет,Построено,Нет
535000,1,51,16,Другое,Новостройка,Без ремонта (коробка),Совмещенный,Есть,На стадии строительства,Нет
535000,2,66,15,Сино,Новостройка,Без ремонта (коробка),Раздельный,Есть,Построено,Нет
535000,2,61,2,Другое,Новостройка,Без ремонта (коробка),Раздельный,Есть,Построено,Нет
535000,3,90,4,Сино,Вторичный рынок,Новый ремонт,Раздельный,Есть,Построено,Есть
535000,2,78,10,Фирдавси,Новостройка,Без ремонта (коробка),Раздельный,Есть,На стадии строительства,Нет
535000,2,42,3,Шохмансур,Новостройка,С ремонтом,Совмещенный,Есть,Построено,Нет
535000,2,56,3,Фирдавси,Новостройка,С ремонтом,Раздельный,Нет,Построено,Есть
535000,1,57,7,И. Сомони,Новостройка,Без ремонта (коробка),Совмещенный,Есть,Построено,Нет
535000,1,56,7,И. Сомони,Новостройка,Без ремонта (коробка),Раздельный,Есть,Построено,Нет
535000,3,106,3,Другое,Новостройка,С ремонтом,Раздельный,Нет,Построено,Есть
535000,4,69,5,Шохмансур,Вторичный рынок,С ремонтом,Раздельный,Нет,Построено,Есть
535000,2,80,7,Другое,Новостройка,Без ремонта (коробка),Совмещенный,Нет,Построено,Нет
535000,1,54,4,Сино,Новостройка,Без ремонта (коробка),Совмещенный,Есть,Построено,Есть
535000,2,51,16,Другое,Новостройка,Без ремонта (коробка),Совмещенный,Есть,На стадии строительства,Нет
535036,2,74,1,Сино,Новостройка,Новый ремонт,Совмещенный,Есть,Построено,Есть
535600,2,84,5,Сино,Новостройка,Без ремонта (коробка),Раздельный,Есть,На стадии строительства,Есть
537000,1,65,5,Сино,Новостройка,Без ремонта (коробка),Раздельный,Есть,На стадии строительства,Нет
538000,2,78,3,Сино,Новостройка,Без ремонта (коробка),Раздельный,Нет,Построено,Нет
539000,2,50,2,Шохмансур,Новостройка,Без ремонта (коробка),Раздельный,Есть,Построено,Нет
539000,3,93,5,Другое,Новостройка,Без ремонта (коробка),Раздельный,Нет,Построено,Нет
539000,2,43,4,Фирдавси,Вторичный рынок,Новый ремонт,Раздельный,Нет,Построено,Есть
539000,2,43,4,Фирдавси,Вторичный рынок,С ремонтом,Раздельный,Нет,Построено,Есть
539000,2,83,5,Другое,Новостройка,Без ремонта (коробка),Раздельный,Есть,На стадии строительства,Нет
539000,2,45,2,Фирдавси,Вторичный рынок,С ремонтом,Раздельный,Нет,Построено,Есть
540000,2,51,11,И. Сомони,Новостройка,Без ремонта (коробка),Раздельный,Есть,Построено,Нет
540000,2,90,7,Другое,Новостройка,Без ремонта (коробка),Совмещенный,Нет,Построено,Нет
540000,1,54,18,Шохмансур,Новостройка,Без ремонта (коробка),Раздельный,Есть,Построено,Нет
540000,1,48,7,Сино,Новостройка,С ремонтом,Совмещенный,Есть,Построено,Нет
540000,2,60,2,Фирдавси,Вторичный рынок,С ремонтом,Раздельный,Есть,Построено,Есть
540000,2,75,1,Сино,Новостройка,Новый ремонт,Раздельный,Нет,Построено,Есть
540000,2,63,4,Другое,Новостройка,Без ремонта (коробка),Совмещенный,Нет,На стадии строительства,Нет
540000,2,80,5,Сино,Новостройка,Без ремонта (коробка),Раздельный,Нет,Построено,Есть
540000,2,45,4,Сино,Новостройка,С ремонтом,Раздельный,Нет,Построено,Нет
540000,2,81,11,Шохмансур,Новостройка,Без ремонта (коробка),Совмещенный,Нет,На стадии строительства,Есть
540000,2,77,9,Другое,Новостройка,Новый ремонт,Раздельный,Нет,Построено,Есть
540000,1,63,12,Шохмансур,Новостройка,Без ремонта (коробка),Раздельный,Есть,Построено,Нет
540000,2,65,6,Сино,Новостройка,Без ремонта (коробка),Раздельный,Нет,На стадии строительства,Нет
540000,2,82,13,Сино,Новостройка,Без ремонта (коробка),Раздельный,Есть,Построено,Нет
540000,1,47,13,Сино,Новостройка,Новый ремонт,Совмещенный,Есть,Построено,Нет
540000,1,40,5,Сино,Вторичный рынок,С ремонтом,Совмещенный,Есть,Построено,Есть
540000,2,50,12,Фирдавси,Новостройка,Без ремонта (коробка),Раздельный,Есть,Построено,Нет
540000,2,68,15,Сино,Новостройка,Новый ремонт,Раздельный,Нет,Построено,Нет
540000,2,50,7,Фирдавси,Новостройка,Без ремонта (коробка),Раздельный,Есть,Построено,Есть
540000,2,63,8,Другое,Новостройка,Новый ремонт,Совмещенный,Нет,Построено,Есть
540000,2,75,1,Другое,Новостройка,Новый ремонт,Раздельный,Нет,Построено,Есть
540000,2,76,8,И. Сомони,Новостройка,Без ремонта (коробка),Раздельный,Есть,На стадии строительства,Нет
540000,1,48,2,Сино,Вторичный рынок,С ремонтом,Совмещенный,Есть,Построено,Есть
540000,2,50,7,Другое,Новостройка,Без ремонта (коробка),Раздельный,Есть,Построено,Нет
540000,2,64,5,Другое,Новостройка,Новый ремонт,Совмещенный,Нет,Построено,Есть
540000,3,72,12,Другое,Вторичный рынок,Новый ремонт,Раздельный,Есть,Построено,Есть
540000,2,50,7,Фирдавси,Новостройка,Без ремонта (коробка),Раздельный,Есть,На стадии строительства,Нет
540000,3,70,2,Другое,Вторичный рынок,Новый ремонт,Раздельный,Нет,Построено,Есть
540000,2,50,7,Фирдавси,Новостройка,Без ремонта (коробка),Раздельный,Есть,Построено,Нет
540000,2,74,1,Сино,Новостройка,С ремонтом,Совмещенный,Нет,Построено,Есть
540000,2,61,9,Фирдавси,Новостройка,Без ремонта (коробка),Раздельный,Есть,Построено,Нет
540000,1,55,7,Другое,Новостройка,Без ремонта (коробка),Совмещенный,Есть,Построено,Нет
540000,3,68,5,Сино,Вторичный рынок,Новый ремонт,Раздельный,Нет,Построено,Есть
540000,3,71,7,Другое,Новостройка,Новый ремонт,Совмещенный,Есть,Построено,Нет
540000,2,76,1,Другое,Новостройка,С ремонтом,Совмещенный,Нет,Построено,Есть
540000,3,76,4,Сино,Вторичный рынок,Новый ремонт,Совмещенный,Нет,Построено,Есть
540000,1,47,2,Сино,Вторичный рынок,С ремонтом,Совмещенный,Есть,Построено,Есть
540000,2,43,14,Сино,Новостройка,Новый ремонт,Совмещенный,Есть,Построено,Нет
540000,3,52,2,Другое,Вторичный рынок,Новый ремонт,Совмещенный,Есть,Построено,Есть
540000,2,63,11,Сино,Новостройка,Новый ремонт,Раздельный,Нет,Построено,Есть
540000,3,121,2,Сино,Новостройка,Без ремонта (коробка),Раздельный,Нет,На стадии строительства,Нет
540000,2,98,2,Сино,Новостройка,Без ремонта (коробка),Раздельный,Нет,Построено,Нет
540000,3,107,3,Другое,Новостройка,С ремонтом,Раздельный,Нет,Построено,Есть
540001,1,61,9,Фирдавси,Новостройка,Без ремонта (коробка),Раздельный,Есть,Построено,Нет
541000,2,83,7,Другое,Новостройка,Без ремонта (коробка),Раздельный,Нет,На стадии строительства,Нет
543000,1,50,9,Фирдавси,Вторичный рынок,Новый ремонт,Совмещенный,Есть,Построено,Есть
543400,1,65,4,Сино,Новостройка,Без ремонта (коробка),Раздельный,Есть,На стадии строительства,Нет
544000,2,52,2,Другое,Новостройка,Новый ремонт,Раздельный,Нет,Построено,Есть
544000,3,91,15,Шохмансур,Новостройка,Без ремонта (коробка),Раздельный,Есть,На стадии строительства,Нет
545000,3,106,2,Сино,Новостройка,Без ремонта (коробка),Раздельный,Нет,На стадии строительства,Нет
545000,2,48,3,Фирдавси,Новостройка,Новый ремонт,Совмещенный,Нет,Построено,Есть
545000,2,71,13,Шохмансур,Новостройка,Без ремонта (коробка),Совмещенный,Есть,Построено,Нет
545000,2,77,13,Шохмансур,Новостройка,Без ремонта (коробка),Раздельный,Есть,На стадии строительства,Нет
545000,3,67,4,Сино,Вторичный рынок,С ремонтом,Раздельный,Нет,Построено,Есть
545000,1,60,5,Шохмансур,Новостройка,Без ремонта (коробка),Раздельный,Есть,На стадии строительства,Нет
545000,2,68,11,Сино,Новостройка,Без ремонта (коробка),Совмещенный,Есть,Построено,Нет
545000,3,71,7,Сино,Новостройка,Новый ремонт,Совмещенный,Есть,Построено,Нет
545000,3,66,9,Сино,Новостройка,Новый ремонт,Раздельный,Нет,Построено,Нет
545000,3,71,7,Другое,Новостройка,Новый ремонт,Совмещенный,Есть,Построено,Нет
545000,2,48,2,Сино,Вторичный рынок,С ремонтом,Раздельный,Есть,Построено,Есть
545000,2,66,8,Сино,Новостройка,Новый ремонт,Раздельный,Есть,Построено,Нет
545000,2,48,8,Сино,Новостройка,С ремонтом,Раздельный,Нет,Построено,Есть
545000,2,58,1,Сино,Новостройка,С ремонтом,Совмещенный,Нет,Построено,Есть
545000,3,99,3,Другое,Новостройка,Без ремонта (коробка),Раздельный,Нет,На стадии строительства,Нет
545000,2,63,11,Сино,Новостройка,Новый ремонт,Раздельный,Нет,Построено,Есть
545000,2,58,4,Другое,Вторичный рынок,С ремонтом,Раздельный,Есть,Построено,Есть
546000,3,97,1,Сино,Новостройка,Без ремонта (коробка),Раздельный,Нет,Построено,Нет
548000,2,64,7,Другое,Новостройка,С ремонтом,Раздельный,Есть,Построено,Нет
548700,2,93,7,Другое,Новостройка,Без ремонта (коробка),Раздельный,Есть,На стадии строительства,Нет
549000,2,90,15,Фирдавси,Новостройка,Без ремонта (коробка),Раздельный,Нет,На стадии строительства,Нет
549000,3,74,4,Другое,Вторичный рынок,С ремонтом,Раздельный,Нет,На стадии строительства,Есть
549000,3,99,7,Другое,Новостройка,С ремонтом,Раздельный,Есть,Построено,Есть
549000,3,83,5,Другое,Новостройка,Без ремонта (коробка),Раздельный,Нет,На стадии строительства,Нет
549000,2,88,9,Шохмансур,Новостройка,Без ремонта (коробка),Раздельный,Есть,На стадии строительства,Нет
549000,4,80,4,Другое,Вторичный рынок,С ремонтом,Раздельный,Нет,Построено,Есть
549000,2,75,21,И. Сомони,Новостройка,Без ремонта (коробка),Совмещенный,Есть,Построено,Нет
549000,3,74,4,Другое,Вторичный рынок,С ремонтом,Раздельный,Нет,Построено,Есть
549600,2,92,5,И. Сомони,Новостройка,Без ремонта (коробка),Раздельный,Есть,На стадии строительства,Нет
549999,2,50,6,Другое,Новостройка,С ремонтом,Раздельный,Есть,Построено,Есть
550000,2,47,2,Другое,Вторичный рынок,Без ремонта (коробка),Раздельный,Нет,Построено,Есть
550000,3,80,2,Другое,Вторичный рынок,С ремонтом,Раздельный,Нет,Построено,Есть
550000,2,72,3,Сино,Новостройка,Новый ремонт,Совмещенный,Нет,Построено,Есть
550000,2,67,10,Фирдавси,Новостройка,Без ремонта (коробка),Раздельный,Есть,Построено,Нет
550000,4,69,1,Сино,Вторичный рынок,С ремонтом,Раздельный,Нет,Построено,Есть
550000,3,88,8,Сино,Новостройка,Без ремонта (коробка),Совмещенный,Нет,Построено,Нет
550000,2,42,3,Шохмансур,Новостройка,С ремонтом,Совмещенный,Есть,Построено,Нет
550000,3,90,9,Сино,Новостройка,Без ремонта (коробка),Раздельный,Нет,Построено,Есть
550000,3,72,9,Сино,Новостройка,Без ремонта (коробка),Раздельный,Есть,Построено,Нет
550000,1,35,8,Другое,Новостройка,Новый ремонт,Совмещенный,Есть,Построено,Есть
550000,2,66,4,Фирдавси,Вторичный рынок,С ремонтом,Раздельный,Нет,Построено,Есть
550000,2,45,3,Шохмансур,Новостройка,С ремонтом,Совмещенный,Есть,Построено,Нет
550000,2,97,2,Другое,Новостройка,Без ремонта (коробка),Совмещенный,Нет,На стадии строительства,Нет
550000,2,68,2,Сино,Новостройка,С ремонтом,Раздельный,Нет,Построено,Есть
550000,2,79,6,И. Сомони,Новостройка,Без ремонта (коробка),Раздельный,Есть,Построено,Нет
550000,2,80,7,Сино,Новостройка,Без ремонта (коробка),Раздельный,Нет,Построено,Нет
550000,2,92,5,И. Сомони,Новостройка,Без ремонта (коробка),Раздельный,Есть,На стадии строительства,Нет
550000,2,65,4,Другое,Вторичный рынок,С ремонтом,Раздельный,Нет,Построено,Есть
550000,1,38,4,Другое,Вторичный рынок,С ремонтом,Совмещенный,Есть,Построено,Есть
550000,2,49,6,Другое,Новостройка,Без ремонта (коробка),Раздельный,Есть,Построено,Нет
550000,4,62,1,Сино,Вторичный рынок,С ремонтом,Совмещенный,Нет,Построено,Есть
550000,2,42,3,Шохмансур,Новостройка,Новый ремонт,Совмещенный,Есть,Построено,Нет
550000,2,63,6,И. Сомони,Новостройка,Без ремонта (коробка),Раздельный,Есть,Построено,Нет
550000,1,54,5,И. Сомони,Новостройка,Без ремонта (коробка),Раздельный,Есть,На стадии строительства,Нет
550000,2,60,6,Сино,Новостройка,Новый ремонт,Совмещенный,Есть,Построено,Есть
550000,2,40,3,Фирдавси,Новостройка,С ремонтом,Совмещенный,Есть,Построено,Есть
550000,3,68,3,Другое,Вторичный рынок,Новый ремонт,Раздельный,Есть,Построено,Есть
550000,2,50,1,Сино,Новостройка,С ремонтом,Раздельный,Нет,Построено,Есть
550000,2,93,8,Шохмансур,Новостройка,Без ремонта (коробка),Раздельный,Есть,На стадии строительства,Нет
550000,2,64,2,Сино,Новостройка,Новый ремонт,Совмещенный,Нет,Построено,Нет
550000,3,106,8,Другое,Новостройка,Без ремонта (коробка),Раздельный,Нет,Построено,Есть
550000,3,93,5,Сино,Новостройка,Без ремонта (коробка),Раздельный,Нет,На стадии строительства,Нет
550000,2,43,14,Фирдавси,Новостройка,С ремонтом,Совмещенный,Есть,Построено,Нет
550000,3,70,1,Другое,Вторичный рынок,С ремонтом,Раздельный,Нет,Построено,Есть
550000,3,88,8,Сино,Новостройка,Без ремонта (коробка),Раздельный,Нет,Построено,Нет
550000,2,55,3,Другое,Новостройка,Новый ремонт,Совмещенный,Нет,Построено,Нет
550000,1,40,5,Сино,Вторичный рынок,С ремонтом,Совмещенный,Есть,Построено,Есть
550000,2,60,6,Сино,Новостройка,Новый ремонт,Совмещенный,Нет,Построено,Есть
550000,1,68,6,Другое,Новостройка,Без ремонта (коробка),Раздельный,Нет,Построено,Нет
550000,2,97,7,Другое,Новостройка,Без ремонта (коробка),Раздельный,Нет,На стадии строительства,Есть
550000,3,112,2,Другое,Новостройка,С ремонтом,Раздельный,Нет,Построено,Есть
550000,2,60,2,Другое,Вторичный рынок,С ремонтом,Совмещенный,Нет,Построено,Есть
550000,1,56,7,Другое,Новостройка,Без ремонта (коробка),Совмещенный,Есть,Построено,Нет
550000,1,46,2,Сино,Вторичный рынок,С ремонтом,Совмещенный,Есть,Построено,Есть
550000,2,42,2,Шохмансур,Новостройка,Новый ремонт,Раздельный,Есть,Построено,Нет
550000,4,78,5,Другое,Вторичный рынок,Новый ремонт,Раздельный,Нет,Построено,Есть
550000,2,80,6,Другое,Вторичный рынок,Без ремонта (коробка),Раздельный,Нет,Построено,Есть
550000,2,43,14,Фирдавси,Новостройка,Новый ремонт,Совмещенный,Есть,Построено,Нет
550000,2,54,4,Сино,Вторичный рынок,С ремонтом,Раздельный,Есть,Построено,Есть
550000,3,71,7,Сино,Новостройка,Новый ремонт,Совмещенный,Есть,Построено,Нет
550000,2,61,2,Другое,Новостройка,Без ремонта (коробка),Раздельный,Есть,Построено,Нет
550000,2,62,12,Другое,Новостройка,Новый ремонт,Совмещенный,Нет,Построено,Нет
550000,1,40,10,Другое,Новостройка,Новый ремонт,Совмещенный,Есть,Построено,Есть
550000,2,83,5,Другое,Новостройка,Без ремонта (коробка),Раздельный,Нет,На стадии строительства,Нет
550000,3,70,1,Сино,Вторичный рынок,Новый ремонт,Раздельный,Нет,Построено,Есть
550000,2,71,3,Сино,Новостройка,С ремонтом,Совмещенный,Нет,Построено,Нет
550000,1,65,6,Сино,Новостройка,Без ремонта (коробка),Раздельный,Нет,На стадии строительства,Нет
550000,2,66,8,Другое,Новостройка,Без ремонта (коробка),Раздельный,Есть,Построено,Нет
550000,2,43,14,Сино,Новостройка,Новый ремонт,Совмещенный,Есть,Построено,Нет
550000,1,49,9,И. Сомони,Новостройка,Без ремонта (коробка),Раздельный,Есть,На стадии строительства,Есть
550000,2,60,6,Шохмансур,Новостройка,Без ремонта (коробка),Раздельный,Есть,Построено,Нет
550000,3,103,10,Другое,Новостройка,Без ремонта (коробка),Раздельный,Нет,Построено,Есть
550000,1,48,4,Фирдавси,Новостройка,С ремонтом,Совмещенный,Есть,Построено,Есть
550000,2,85,8,И. Сомони,Новостройка,Без ремонта (коробка),Раздельный,Есть,На стадии строительства,Нет
550000,2,86,12,И. Сомони,Новостройка,Без ремонта (коробка),Раздельный,Есть,На стадии строительства,Нет
550000,2,70,1,Другое,Новостройка,С ремонтом,Раздельный,Нет,Построено,Есть
550000,2,60,2,Сино,Вторичный рынок,Новый ремонт,Раздельный,Нет,Построено,Есть
550000,2,83,13,Другое,Новостройка,Без ремонта (коробка),Раздельный,Есть,На стадии строительства,Нет
550000,4,90,2,Другое,Вторичный рынок,С ремонтом,Раздельный,Есть,Построено,Есть
550000,2,58,2,Сино,Новостройка,Новый ремонт,Раздельный,Нет,Построено,Есть
550000,1,67,14,Сино,Новостройка,Без ремонта (коробка),Совмещенный,Есть,На стадии строительства,Нет
550000,1,54,12,Шохмансур,Новостройка,Без ремонта (коробка),Совмещенный,Есть,На стадии строительства,Есть
550000,1,48,7,Сино,Новостройка,С ремонтом,Совмещенный,Есть,Построено,Нет
550000,2,36,3,Фирдавси,Вторичный рынок,Без ремонта (коробка),Совмещенный,Есть,Построено,Есть
550000,1,67,15,Сино,Новостройка,Без ремонта (коробка),Раздельный,Есть,На стадии строительства,Нет
550000,4,75,5,Сино,Вторичный рынок,С ремонтом,Раздельный,Нет,Построено,Есть
550000,1,45,3,Фирдавси,Вторичный рынок,Без ремонта (коробка),Совмещенный,Есть,Построено,Есть
550000,2,68,6,Сино,Новостройка,Новый ремонт,Раздельный,Нет,Построено,Есть
550000,2,58,6,Сино,Вторичный рынок,С ремонтом,Раздельный,Нет,Построено,Есть
550000,2,65,9,Сино,Новостройка,С ремонтом,Раздельный,Нет,Построено,Нет
550000,2,54,2,Сино,Новостройка,Новый ремонт,Совмещенный,Есть,Построено,Есть
550000,3,93,3,Сино,Новостройка,Без ремонта (коробка),Раздельный,Нет,На стадии строительства,Нет
550000,2,50,5,Сино,Новостройка,Новый ремонт,Раздельный,Есть,Построено,Есть
550000,3,70,1,Другое,Новостройка,С ремонтом,Раздельный,Нет,Построено,Есть
550000,2,59,14,Сино,Новостройка,Без ремонта (коробка),Раздельный,Нет,На стадии строительства,Есть
550000,1,55,8,Шохмансур,Новостройка,Без ремонта (коробка),Раздельный,Есть,На стадии строительства,Нет
550000,1,56,7,Сино,Новостройка,Без ремонта (коробка),Совмещенный,Есть,Построено,Нет
550000,2,71,11,Шохмансур,Новостройка,Без ремонта (коробка),Раздельный,Есть,Построено,Нет
550000,2,42,3,Шохмансур,Новостройка,Новый ремонт,Раздельный,Есть,Построено,Нет
550000,2,44,13,Сино,Новостройка,Новый ремонт,Раздельный,Есть,Построено,Нет
550000,2,65,9,Сино,Новостройка,Новый ремонт,Совмещенный,Нет,Построено,Есть
550000,2,70,5,Сино,Новостройка,С ремонтом,Раздельный,Нет,Построено,Есть
550000,4,80,3,Другое,Вторичный рынок,С ремонтом,Раздельный,Нет,Построено,Есть
550000,2,55,4,Фирдавси,Новостройка,С ремонтом,Совмещенный,Нет,Построено,Есть
550000,1,48,7,Сино,Новостройка,Новый ремонт,Совмещенный,Есть,Построено,Нет
550000,3,71,7,Другое,Новостройка,Новый ремонт,Совмещенный,Есть,Построено,Нет
550000,2,53,3,Сино,Новостройка,С ремонтом,Раздельный,Есть,Построено,Есть
550000,4,86,3,Другое,Вторичный рынок,Без ремонта (коробка),Раздельный,Нет,Построено,Есть
550000,2,58,3,Другое,Вторичный рынок,Новый ремонт,Раздельный,Нет,Построено,Есть
550000,5,150,3,Другое,Вторичный рынок,С ремонтом,Раздельный,Нет,Построено,Есть
550000,2,43,14,Фирдавси,Новостройка,Новый ремонт,Совмещенный,Нет,Построено,Нет
550000,1,48,7,Сино,Новостройка,Новый ремонт,Раздельный,Есть,Построено,Нет
550000,3,68,4,Сино,Вторичный рынок,С ремонтом,Раздельный,Нет,Построено,Есть
550000,3,100,4,Другое,Новостройка,Новый ремонт,Раздельный,Нет,Построено,Нет
550370,3,107,9,И. Сомони,Новостройка,Без ремонта (коробка),Раздельный,Есть,На стадии строительства,Нет
550374,3,108,4,И. Сомони,Новостройка,Без ремонта (коробка),Раздельный,Есть,На стадии строительства,Нет
550400,3,108,6,И. Сомони,Новостройка,Без ремонта (коробка),Раздельный,Есть,На стадии строительства,Нет
550400,3,108,7,И. Сомони,Новостройка,Без ремонта (коробка),Раздельный,Есть,На стадии строительства,Нет
551000,3,78,4,Сино,Новостройка,Без ремонта (коробка),Раздельный,Нет,Построено,Есть
552000,1,73,13,Другое,Новостройка,Новый ремонт,Раздельный,Есть,Построено,Нет
552000,1,51,9,Другое,Новостройка,Без ремонта (коробка),Раздельный,Есть,На стадии строительства,Нет
552280,3,90,14,Шохмансур,Новостройка,Без ремонта (коробка),Раздельный,Есть,На стадии строительства,Нет
553000,1,58,12,И. Сомони,Новостройка,Без ремонта (коробка),Раздельный,Есть,Построено,Нет
555000,3,63,5,Сино,Вторичный рынок,С ремонтом,Раздельный,Нет,Построено,Есть
555000,2,62,12,Другое,Новостройка,Новый ремонт,Совмещенный,Есть,Построено,Есть
555000,1,55,12,Сино,Новостройка,Без ремонта (коробка),Совмещенный,Нет,Построено,Нет
555000,2,61,4,Сино,Новостройка,Новый ремонт,Совмещенный,Нет,Построено,Нет
555000,2,61,4,Другое,Новостройка,Новый ремонт,Совмещенный,Есть,Построено,Есть
555000,2,75,5,Другое,Новостройка,Новый ремонт,Раздельный,Нет,Построено,Нет
555000,2,92,7,Сино,Новостройка,Без ремонта (коробка),Совмещенный,Нет,Построено,Нет
555000,2,65,9,Другое,Новостройка,Новый ремонт,Совмещенный,Есть,Построено,Есть
555000,2,64,5,Другое,Новостройка,С ремонтом,Раздельный,Нет,Построено,Нет
555000,2,65,9,Сино,Новостройка,Новый ремонт,Совмещенный,Есть,Построено,Есть
555000,3,107,6,И. Сомони,Новостройка,Без ремонта (коробка),Раздельный,Есть,На стадии строительства,Нет
555000,3,82,11,Фирдавси,Новостройка,Без ремонта (коробка),Раздельный,Есть,На стадии строительства,Нет
555000,3,78,8,Другое,Новостройка,Без ремонта (коробка),Раздельный,Есть,На стадии строительства,Нет
555000,2,79,13,Сино,Новостройка,Без ремонта (коробка),Раздельный,Есть,На стадии строительства,Нет
555000,2,72,6,Сино,Новостройка,Без ремонта (коробка),Раздельный,Есть,На стадии строительства,Нет
555005,2,61,4,Другое,Новостройка,Новый ремонт,Совмещенный,Есть,Построено,Есть
558000,2,60,1,Сино,Новостройка,С ремонтом,Совмещенный,Нет,Построено,Есть
558000,1,70,13,Шохмансур,Новостройка,Без ремонта (коробка),Раздельный,Есть,На стадии строительства,Нет
558558,3,78,9,Шохмансур,Новостройка,Без ремонта (коробка),Раздельный,Есть,На стадии строительства,Нет
559000,1,51,3,Другое,Новостройка,Без ремонта (коробка),Совмещенный,Есть,Построено,Нет
559000,3,97,13,Шохмансур,Новостройка,Без ремонта (коробка),Раздельный,Есть,На стадии строительства,Нет
559000,3,97,12,Шохмансур,Новостройка,Без ремонта (коробка),Раздельный,Есть,На стадии строительства,Нет
559999,2,46,3,Сино,Вторичный рынок,С ремонтом,Раздельный,Есть,Построено,Есть
560000,3,107,7,И. Сомони,Новостройка,Без ремонта (коробка),Раздельный,Есть,На стадии строительства,Нет
560000,2,43,14,Сино,Новостройка,С ремонтом,Совмещенный,Есть,Построено,Нет
560000,3,84,4,Другое,Вторичный рынок,С ремонтом,Раздельный,Нет,Построено,Есть
560000,3,75,18,Шохмансур,Новостройка,Без ремонта (коробка),Раздельный,Нет,На стадии строительства,Нет
560000,2,56,2,Другое,Новостройка,Новый ремонт,Раздельный,Есть,Построено,Есть
560000,2,71,11,И. Сомони,Новостройка,Без ремонта (коробка),Раздельный,Нет,На стадии строительства,Нет
560000,2,107,9,И. Сомони,Новостройка,Без ремонта (коробка),Раздельный,Есть,На стадии строительства,Нет
560000,2,69,11,Сино,Новостройка,Без ремонта (коробка),Раздельный,Есть,Построено,Нет
560000,1,32,7,И. Сомони,Вторичный рынок,С ремонтом,Совмещенный,Есть,Построено,Есть
560000,1,57,6,Сино,Новостройка,С ремонтом,Раздельный,Нет,Построено,Нет
560000,2,71,11,И. Сомони,Новостройка,Без ремонта (коробка),Совмещенный,Есть,На стадии строительства,Нет
560000,1,64,15,Шохмансур,Новостройка,Без ремонта (коробка),Совмещенный,Есть,Построено,Нет
560000,2,61,4,Сино,Новостройка,Новый ремонт,Совмещенный,Нет,Построено,Есть
560000,2,46,3,Сино,Вторичный рынок,С ремонтом,Раздельный,Есть,Построено,Есть
560000,2,91,9,Шохмансур,Новостройка,Без ремонта (коробка),Раздельный,Есть,На стадии строительства,Нет
560000,3,108,8,И. Сомони,Новостройка,Без ремонта (коробка),Раздельный,Есть,На стадии строительства,Нет
560000,2,60,6,Сино,Новостройка,Новый ремонт,Совмещенный,Нет,Построено,Есть
560000,3,96,6,Другое,Новостройка,Новый ремонт,Раздельный,Нет,Построено,Есть
560000,2,57,7,Шохмансур,Новостройка,Без ремонта (коробка),Совмещенный,Есть,На стадии строительства,Нет
560000,2,65,8,Другое,Новостройка,Новый ремонт,Совмещенный,Нет,Построено,Есть
560000,2,61,4,Сино,Новостройка,Новый ремонт,Совмещенный,Есть,Построено,Есть
560000,2,40,3,Фирдавси,Вторичный рынок,Новый ремонт,Совмещенный,Есть,Построено,Есть
560000,2,37,3,Сино,Вторичный рынок,С ремонтом,Раздельный,Есть,Построено,Есть
560000,2,50,1,Сино,Вторичный рынок,С ремонтом,Совмещенный,Есть,Построено,Есть
560000,2,50,2,Фирдавси,Вторичный рынок,С ремонтом,Раздельный,Нет,Построено,Есть
560000,2,72,16,Сино,Новостройка,Без ремонта (коробка),Раздельный,Есть,На стадии строительства,Нет
560000,3,70,1,Сино,Вторичный рынок,Новый ремонт,Совмещенный,Есть,Построено,Есть
560000,2,40,3,Фирдавси,Вторичный рынок,Новый ремонт,Совмещенный,Нет,Построено,Есть
560000,2,80,15,Сино,Новостройка,Без ремонта (коробка),Раздельный,Нет,На стадии строительства,Нет
560000,2,65,9,Другое,Новостройка,Новый ремонт,Совмещенный,Есть,Построено,Нет
560000,3,107,6,И. Сомони,Новостройка,Без ремонта (коробка),Раздельный,Есть,На стадии строительства,Нет
560000,1,42,8,Сино,Новостройка,Новый ремонт,Раздельный,Есть,Построено,Есть
560000,2,42,3,Другое,Новостройка,Новый ремонт,Совмещенный,Есть,Построено,Нет
560000,2,58,1,Сино,Новостройка,Новый ремонт,Совмещенный,Нет,Построено,Есть
560000,2,71,11,И. Сомони,Новостройка,Без ремонта (коробка),Раздельный,Есть,На стадии строительства,Нет
560000,1,67,12,Сино,Новостройка,Без ремонта (коробка),Раздельный,Есть,На стадии строительства,Нет
560000,2,50,5,Сино,Новостройка,Без ремонта (коробка),Совмещенный,Есть,Построено,Есть
560000,2,64,11,Сино,Новостройка,Без ремонта (коробка),Раздельный,Нет,Построено,Нет
560000,2,34,1,Шохмансур,Вторичный рынок,С ремонтом,Совмещенный,Нет,Построено,Есть
560000,1,48,2,Сино,Вторичный рынок,С ремонтом,Раздельный,Есть,Построено,Есть
560000,3,91,6,И. Сомони,Новостройка,Без ремонта (коробка),Раздельный,Есть,На стадии строительства,Нет
560000,1,42,3,Фирдавси,Новостройка,Новый ремонт,Раздельный,Есть,Построено,Нет
560000,2,60,5,Сино,Вторичный рынок,С ремонтом,Раздельный,Нет,Построено,Есть
560000,3,107,7,Другое,Новостройка,Без ремонта (коробка),Раздельный,Нет,Построено,Есть
560000,1,40,5,Сино,Вторичный рынок,Новый ремонт,Совмещенный,Есть,Построено,Есть
560000,2,54,9,Сино,Новостройка,С ремонтом,Раздельный,Нет,Построено,Нет
560000,2,107,8,И. Сомони,Новостройка,Без ремонта (коробка),Раздельный,Есть,На стадии строительства,Нет
560000,2,57,7,Другое,Новостройка,Без ремонта (коробка),Раздельный,Есть,Построено,Нет
560000,2,42,3,Фирдавси,Вторичный рынок,Новый ремонт,Раздельный,Нет,Построено,Есть
560000,2,77,8,Другое,Новостройка,Без ремонта (коробка),Раздельный,Есть,Построено,Нет
560000,3,71,7,Сино,Новостройка,Новый ремонт,Совмещенный,Есть,Построено,Нет
560000,1,42,3,Другое,Новостройка,С ремонтом,Совмещенный,Есть,Построено,Нет
560000,2,57,7,Шохмансур,Новостройка,Без ремонта (коробка),Раздельный,Есть,Построено,Нет
560000,3,67,10,Другое,Новостройка,Новый ремонт,Совмещенный,Нет,Построено,Нет
560000,2,48,3,Другое,Вторичный рынок,С ремонтом,Раздельный,Нет,Построено,Есть
560000,1,56,13,Сино,Новостройка,Без ремонта (коробка),Раздельный,Есть,На стадии строительства,Нет
560000,2,70,3,Другое,Новостройка,С ремонтом,Раздельный,Нет,Построено,Нет
560001,2,57,7,Шохмансур,Новостройка,Без ремонта (коробка),Раздельный,Есть,Построено,Нет
563000,2,61,5,Сино,Новостройка,Новый ремонт,Раздельный,Нет,Построено,Нет
563000,3,88,5,Другое,Новостройка,Без ремонта (коробка),Раздельный,Нет,Построено,Есть
563000,1,74,6,Другое,Новостройка,Без ремонта (коробка),Раздельный,Нет,На стадии строительства,Нет
563000,3,91,13,Шохмансур,Новостройка,Без ремонта (коробка),Раздельный,Нет,На стадии строительства,Нет
563500,2,74,21,Шохмансур,Новостройка,Без ремонта (коробка),Раздельный,Есть,На стадии строительства,Есть
564000,2,72,5,Шохмансур,Новостройка,Без ремонта (коробка),Раздельный,Есть,Построено,Нет
564000,2,52,10,Фирдавси,Новостройка,Новый ремонт,Раздельный,Есть,Построено,Есть
565000,3,82,8,И. Сомони,Новостройка,Без ремонта (коробка),Раздельный,Нет,На стадии строительства,Нет
565000,1,64,15,Шохмансур,Новостройка,Без ремонта (коробка),Раздельный,Есть,Построено,Нет
565000,2,69,12,Сино,Новостройка,Без ремонта (коробка),Раздельный,Есть,Построено,Нет
565000,2,81,9,Сино,Новостройка,Без ремонта (коробка),Раздельный,Есть,Построено,Нет
565000,2,57,3,Сино,Новостройка,Новый ремонт,Совмещенный,Нет,Построено,Нет
565000,2,82,16,Сино,Новостройка,Без ремонта (коробка),Раздельный,Есть,Построено,Нет
565000,3,78,9,Шохмансур,Новостройка,Без ремонта (коробка),Раздельный,Есть,На стадии строительства,Нет
565000,3,75,1,Сино,Вторичный рынок,Новый ремонт,Раздельный,Есть,Построено,Есть
565000,2,64,7,Другое,Новостройка,С ремонтом,Раздельный,Нет,Построено,Нет
565000,2,42,5,Сино,Вторичный рынок,С ремонтом,Совмещенный,Есть,Построено,Есть
565000,2,76,9,Другое,Новостройка,Без ремонта (коробка),Совмещенный,Нет,Построено,Нет
565000,3,82,8,И. Сомони,Новостройка,Без ремонта (коробка),Раздельный,Есть,На стадии строительства,Нет
565000,2,97,15,Фирдавси,Новостройка,Без ремонта (коробка),Раздельный,Есть,Построено,Нет
565000,2,84,14,Другое,Новостройка,Без ремонта (коробка),Раздельный,Нет,Построено,Нет
565000,2,90,10,Сино,Новостройка,Без ремонта (коробка),Раздельный,Есть,Построено,Нет
565000,1,64,15,Шохмансур,Новостройка,Без ремонта (коробка),Совмещенный,Есть,Построено,Нет
565000,2,68,11,Другое,Новостройка,Новый ремонт,Раздельный,Есть,Построено,Есть
565000,2,61,4,Сино,Новостройка,Новый ремонт,Совмещенный,Есть,Построено,Есть
565000,2,72,6,Другое,Новостройка,Без ремонта (коробка),Раздельный,Есть,Построено,Нет
565000,2,49,4,Шохмансур,Новостройка,С ремонтом,Раздельный,Есть,Построено,Есть
565000,2,42,1,Сино,Вторичный рынок,С ремонтом,Совмещенный,Есть,Построено,Есть
565000,1,64,15,Шохмансур,Новостройка,Без ремонта (коробка),Совмещенный,Есть,На стадии строительства,Нет
565000,2,85,11,Сино,Новостройка,Без ремонта (коробка),Раздельный,Есть,На стадии строительства,Нет
565000,2,61,4,Другое,Новостройка,Новый ремонт,Совмещенный,Есть,Построено,Есть
565000,3,97,11,Шохмансур,Новостройка,Без ремонта (коробка),Совмещенный,Есть,На стадии строительства,Нет
565000,2,79,10,Фирдавси,Новостройка,Без ремонта (коробка),Раздельный,Есть,Построено,Нет
565000,2,42,1,Сино,Вторичный рынок,С ремонтом,Раздельный,Нет,Построено,Есть
565000,2,69,11,Сино,Новостройка,Без ремонта (коробка),Совмещенный,Нет,Построено,Нет
565036,2,56,9,Другое,Новостройка,Новый ремонт,Раздельный,Нет,Построено,Есть
565100,3,101,18,Сино,Новостройка,Без ремонта (коробка),Раздельный,Есть,На стадии строительства,Есть
567000,3,107,4,И. Сомони,Новостройка,Без ремонта (коробка),Раздельный,Есть,На стадии строительства,Нет
567800,3,78,13,Шохмансур,Новостройка,Без ремонта (коробка),Раздельный,Нет,На стадии строительства,Нет
569000,3,107,6,Шохмансур,Новостройка,Без ремонта (коробка),Раздельный,Есть,На стадии строительства,Нет
569000,2,62,8,Шохмансур,Новостройка,Без ремонта (коробка),Совмещенный,Есть,На стадии строительства,Нет
569000,2,70,13,Другое,Новостройка,Новый ремонт,Раздельный,Нет,Построено,Нет
569000,2,61,4,Сино,Новостройка,Новый ремонт,Совмещенный,Есть,Построено,Есть
569999,2,49,4,Шохмансур,Вторичный рынок,С ремонтом,Раздельный,Есть,Построено,Есть
570000,3,90,10,Сино,Новостройка,Без ремонта (коробка),Раздельный,Есть,Построено,Нет
570000,2,91,5,Другое,Новостройка,Без ремонта (коробка),Раздельный,Есть,На стадии строительства,Нет
570000,3,94,1,Другое,Новостройка,Без ремонта (коробка),Раздельный,Нет,Построено,Есть
570000,2,70,9,Сино,Новостройка,Новый ремонт,Совмещенный,Есть,Построено,Есть
570000,1,61,11,Шохмансур,Новостройка,Без ремонта (коробка),Раздельный,Есть,Построено,Нет
570000,2,75,8,Фирдавси,Новостройка,Без ремонта (коробка),Раздельный,Есть,Построено,Нет
570000,2,62,8,Шохмансур,Новостройка,Без ремонта (коробка),Совмещенный,Есть,Построено,Нет
570000,2,60,1,Другое,Новостройка,Без ремонта (коробка),Раздельный,Есть,Построено,Есть
570000,2,66,8,И. Сомони,Новостройка,Без ремонта (коробка),Раздельный,Есть,Построено,Нет
570000,2,70,1,Другое,Новостройка,Новый ремонт,Совмещенный,Есть,Построено,Есть
570000,2,48,8,Сино,Новостройка,С ремонтом,Раздельный,Нет,Построено,Есть
570000,2,47,11,Сино,Новостройка,Новый ремонт,Раздельный,Нет,Построено,Есть
570000,1,73,14,Шохмансур,Новостройка,Без ремонта (коробка),Раздельный,Есть,Построено,Нет
570000,3,78,12,Шохмансур,Новостройка,Без ремонта (коробка),Раздельный,Есть,На стадии строительства,Есть
570000,2,66,8,Другое,Новостройка,Без ремонта (коробка),Раздельный,Есть,Построено,Нет
570000,2,64,5,Сино,Новостройка,Новый ремонт,Раздельный,Есть,Построено,Есть
570000,2,49,4,Шохмансур,Новостройка,С ремонтом,Раздельный,Есть,Построено,Есть
570000,2,61,5,Другое,Новостройка,Новый ремонт,Раздельный,Есть,Построено,Есть
570000,1,42,3,Фирдавси,Новостройка,С ремонтом,Совмещенный,Есть,Построено,Нет
570000,1,45,4,Сино,Вторичный рынок,С ремонтом,Раздельный,Есть,Построено,Есть
570000,2,76,12,Другое,Новостройка,С ремонтом,Совмещенный,Есть,Построено,Есть
570000,2,56,2,И. Сомони,Новостройка,Новый ремонт,Раздельный,Нет,Построено,Нет
570000,2,70,4,Сино,Новостройка,Новый ремонт,Совмещенный,Есть,Построено,Нет
570000,2,70,8,Сино,Новостройка,Без ремонта (коробка),Раздельный,Есть,Построено,Нет
570000,1,74,10,Сино,Новостройка,Без ремонта (коробка),Раздельный,Нет,Построено,Нет
570000,2,45,2,Сино,Вторичный рынок,С ремонтом,Раздельный,Есть,Построено,Есть
570000,2,64,3,Другое,Новостройка,Новый ремонт,Раздельный,Есть,Построено,Есть
570000,2,57,10,Сино,Новостройка,Без ремонта (коробка),Раздельный,Есть,На стадии строительства,Есть
570000,3,72,4,Сино,Вторичный рынок,С ремонтом,Раздельный,Нет,Построено,Есть
570000,2,80,9,И. Сомони,Новостройка,Без ремонта (коробка),Раздельный,Есть,Построено,Нет
570000,1,38,6,Шохмансур,Новостройка,С ремонтом,Раздельный,Есть,Построено,Есть
570000,2,73,14,Фирдавси,Новостройка,Без ремонта (коробка),Совмещенный,Есть,На стадии строительства,Нет
570000,2,50,15,Сино,Новостройка,С ремонтом,Раздельный,Есть,Построено,Есть
570000,2,72,6,Сино,Новостройка,Без ремонта (коробка),Раздельный,Есть,Построено,Нет
570000,2,53,4,Сино,Вторичный рынок,С ремонтом,Раздельный,Есть,Построено,Есть
570000,1,52,16,Другое,Новостройка,С ремонтом,Раздельный,Есть,Построено,Нет
570000,2,77,12,Другое,Новостройка,Новый ремонт,Раздельный,Есть,Построено,Есть
570000,2,83,17,Фирдавси,Новостройка,Без ремонта (коробка),Раздельный,Есть,На стадии строительства,Нет
570000,1,74,10,Фирдавси,Новостройка,Без ремонта (коробка),Раздельный,Есть,Построено,Нет
570000,2,54,6,Шохмансур,Новостройка,Новый ремонт,Совмещенный,Есть,Построено,Нет
571950,3,123,3,Сино,Новостройка,Без ремонта (коробка),Раздельный,Нет,На стадии строительства,Нет
571950,3,123,6,Сино,Новостройка,Без ремонта (коробка),Раздельный,Нет,На стадии строительства,Нет
572000,3,108,6,И. Сомони,Новостройка,Без ремонта (коробка),Раздельный,Есть,На стадии строительства,Нет
572000,3,108,8,И. Сомони,Новостройка,Без ремонта (коробка),Раздельный,Есть,На стадии строительства,Нет
572800,1,78,12,Другое,Новостройка,Без ремонта (коробка),Раздельный,Есть,На стадии строительства,Нет
573000,2,78,12,Другое,Новостройка,Без ремонта (коробка),Раздельный,Есть,На стадии строительства,Нет
573066,2,78,12,Другое,Новостройка,Без ремонта (коробка),Совмещенный,Есть,На стадии строительства,Нет
574500,3,100,8,Другое,Новостройка,Без ремонта (коробка),Раздельный,Нет,На стадии строительства,Нет
575000,2,64,1,Сино,Новостройка,Новый ремонт,Совмещенный,Есть,Построено,Нет
575000,2,79,10,Фирдавси,Новостройка,Без ремонта (коробка),Раздельный,Есть,На стадии строительства,Нет
575000,2,73,16,И. Сомони,Новостройка,Без ремонта (коробка),Раздельный,Есть,Построено,Есть
575000,3,90,15,Сино,Новостройка,Без ремонта (коробка),Раздельный,Нет,На стадии строительства,Нет
575000,2,73,16,Другое,Новостройка,Без ремонта (коробка),Совмещенный,Нет,На стадии строительства,Нет
575000,2,76,9,Другое,Новостройка,Без ремонта (коробка),Раздельный,Нет,На стадии строительства,Нет
575000,2,62,7,Сино,Новостройка,Новый ремонт,Совмещенный,Есть,Построено,Есть
575000,2,40,3,Сино,Новостройка,Новый ремонт,Совмещенный,Нет,Построено,Есть
575000,3,61,3,Другое,Новостройка,Новый ремонт,Совмещенный,Есть,Построено,Нет
575000,3,62,3,Другое,Новостройка,Новый ремонт,Совмещенный,Есть,Построено,Нет
575000,2,66,1,Другое,Новостройка,Новый ремонт,Совмещенный,Есть,Построено,Нет
575000,3,107,4,И. Сомони,Новостройка,Без ремонта (коробка),Раздельный,Есть,На стадии строительства,Нет
575000,2,73,16,И. Сомони,Новостройка,Без ремонта (коробка),Совмещенный,Есть,На стадии строительства,Нет
575000,2,73,16,И. Сомони,Новостройка,Без ремонта (коробка),Раздельный,Есть,На стадии строительства,Нет
575000,2,73,16,Другое,Новостройка,Без ремонта (коробка),Раздельный,Есть,Построено,Нет
575000,2,61,1,Сино,Новостройка,Новый ремонт,Раздельный,Есть,Построено,Нет
575000,1,52,5,И. Сомони,Новостройка,Без ремонта (коробка),Совмещенный,Есть,На стадии строительства,Нет
575000,3,70,1,Сино,Вторичный рынок,С ремонтом,Раздельный,Нет,Построено,Есть
575000,4,100,2,Другое,Новостройка,Новый ремонт,Раздельный,Нет,Построено,Есть
575000,2,73,16,Другое,Новостройка,Без ремонта (коробка),Раздельный,Есть,Построено,Есть
575000,2,65,1,Сино,Новостройка,Новый ремонт,Совмещенный,Есть,Построено,Нет
575000,2,66,1,Сино,Новостройка,Новый ремонт,Совмещенный,Есть,Построено,Нет
575000,3,61,3,Сино,Новостройка,Новый ремонт,Совмещенный,Есть,Построено,Нет
575000,2,95,2,Сино,Новостройка,Без ремонта (коробка),Раздельный,Есть,На стадии строительства,Нет
575000,2,61,4,Другое,Новостройка,Новый ремонт,Совмещенный,Есть,Построено,Есть
575000,1,47,7,Другое,Новостройка,Новый ремонт,Раздельный,Есть,Построено,Есть
575000,3,90,9,Сино,Новостройка,Без ремонта (коробка),Раздельный,Нет,Построено,Есть
575000,4,73,5,Сино,Новостройка,С ремонтом,Раздельный,Есть,Построено,Есть
575000,3,67,5,Другое,Вторичный рынок,С ремонтом,Раздельный,Есть,Построено,Есть
575000,2,50,16,Фирдавси,Новостройка,С ремонтом,Совмещенный,Нет,Построено,Есть
575000,2,62,3,Сино,Новостройка,Новый ремонт,Совмещенный,Есть,Построено,Есть
575036,3,56,3,Другое,Новостройка,Новый ремонт,Совмещенный,Нет,Построено,Есть
576600,4,124,4,Сино,Новостройка,Без ремонта (коробка),Раздельный,Нет,На стадии строительства,Нет
577000,3,100,6,Другое,Новостройка,Без ремонта (коробка),Раздельный,Нет,Построено,Нет
577000,2,85,11,Сино,Новостройка,Без ремонта (коробка),Раздельный,Есть,На стадии строительства,Нет
578000,4,123,12,Сино,Новостройка,Без ремонта (коробка),Раздельный,Нет,На стадии строительства,Нет
578000,4,123,11,Сино,Новостройка,Без ремонта (коробка),Раздельный,Нет,На стадии строительства,Нет
578000,4,123,13,Сино,Новостройка,Без ремонта (коробка),Раздельный,Нет,На стадии строительства,Нет
578000,4,123,16,Сино,Новостройка,Без ремонта (коробка),Раздельный,Нет,На стадии строительства,Нет
578000,4,123,7,Сино,Новостройка,Без ремонта (коробка),Раздельный,Нет,На стадии строительства,Нет
578000,4,123,14,Сино,Новостройка,Без ремонта (коробка),Раздельный,Нет,На стадии строительства,Нет
578000,4,123,4,Сино,Новостройка,Без ремонта (коробка),Раздельный,Нет,На стадии строительства,Нет
578000,4,123,5,Сино,Новостройка,Без ремонта (коробка),Раздельный,Нет,На стадии строительства,Нет
578000,4,123,8,Сино,Новостройка,Без ремонта (коробка),Раздельный,Нет,На стадии строительства,Нет
578000,4,123,6,Сино,Новостройка,Без ремонта (коробка),Раздельный,Нет,На стадии строительства,Нет
578000,4,123,10,Сино,Новостройка,Без ремонта (коробка),Раздельный,Нет,На стадии строительства,Нет
578000,2,54,18,Другое,Новостройка,Без ремонта (коробка),Совмещенный,Есть,Построено,Нет
578000,4,123,17,Сино,Новостройка,Без ремонта (коробка),Раздельный,Нет,На стадии строительства,Нет
578000,4,123,15,Сино,Новостройка,Без ремонта (коробка),Раздельный,Нет,На стадии строительства,Нет
579000,3,77,15,Сино,Новостройка,Без ремонта (коробка),Раздельный,Есть,Построено,Нет
579000,2,80,14,Шохмансур,Новостройка,Без ремонта (коробка),Раздельный,Есть,На стадии строительства,Нет
579000,2,64,4,Сино,Новостройка,Новый ремонт,Совмещенный,Есть,Построено,Есть
579000,2,77,15,Сино,Новостройка,Без ремонта (коробка),Раздельный,Есть,Построено,Нет
579500,2,83,8,Другое,Новостройка,Без ремонта (коробка),Раздельный,Есть,На стадии строительства,Нет
579500,3,76,5,Фирдавси,Новостройка,Новый ремонт,Раздельный,Нет,Построено,Есть
580000,2,73,16,И. Сомони,Новостройка,Без ремонта (коробка),Совмещенный,Есть,Построено,Нет
580000,2,62,8,Шохмансур,Новостройка,Без ремонта (коробка),Раздельный,Есть,Построено,Есть
580000,2,48,12,Фирдавси,Новостройка,Новый ремонт,Раздельный,Нет,Построено,Нет
580000,3,75,1,Сино,Вторичный рынок,С ремонтом,Раздельный,Есть,Построено,Есть
580000,2,60,2,Сино,Вторичный рынок,С ремонтом,Раздельный,Нет,Построено,Есть
580000,2,62,8,Шохмансур,Новостройка,Без ремонта (коробка),Раздельный,Есть,Построено,Нет
580000,2,44,2,Сино,Вторичный рынок,С ремонтом,Раздельный,Есть,Построено,Есть
580000,2,46,15,Другое,Новостройка,Новый ремонт,Раздельный,Есть,Построено,Есть
580000,3,75,1,Другое,Вторичный рынок,Новый ремонт,Раздельный,Есть,Построено,Есть
580000,1,62,13,И. Сомони,Новостройка,Без ремонта (коробка),Совмещенный,Есть,Построено,Нет
580000,2,78,3,И. Сомони,Новостройка,Без ремонта (коробка),Раздельный,Есть,На стадии строительства,Нет
580000,2,62,3,Сино,Новостройка,Новый ремонт,Раздельный,Нет,Построено,Нет
580000,3,55,1,Другое,Вторичный рынок,Новый ремонт,Совмещенный,Нет,Построено,Есть
580000,3,108,6,Другое,Новостройка,Без ремонта (коробка),Раздельный,Есть,Построено,Нет
580000,2,61,4,Сино,Новостройка,Новый ремонт,Раздельный,Есть,Построено,Есть
580000,2,40,3,Сино,Вторичный рынок,С ремонтом,Совмещенный,Есть,Построено,Есть
580000,3,108,10,И. Сомони,Новостройка,Без ремонта (коробка),Раздельный,Нет,Построено,Нет
580000,2,46,15,Другое,Новостройка,Новый ремонт,Раздельный,Нет,Построено,Есть
580000,2,80,3,Другое,Новостройка,Новый ремонт,Раздельный,Нет,Построено,Нет
580000,2,45,16,Фирдавси,Новостройка,Новый ремонт,Совмещенный,Есть,Построено,Нет
580000,3,98,10,Другое,Новостройка,Без ремонта (коробка),Раздельный,Нет,Построено,Нет
580000,2,45,2,Фирдавси,Вторичный рынок,Без ремонта (коробка),Совмещенный,Есть,Построено,Есть
580000,2,66,1,Сино,Новостройка,Новый ремонт,Совмещенный,Нет,Построено,Нет
580000,3,70,1,Другое,Вторичный рынок,С ремонтом,Раздельный,Нет,Построено,Есть
580000,2,75,10,Другое,Новостройка,Без ремонта (коробка),Раздельный,Нет,На стадии строительства,Нет
580000,3,80,2,Другое,Вторичный рынок,С ремонтом,Раздельный,Есть,Построено,Есть
580000,2,62,5,Сино,Новостройка,Без ремонта (коробка),Раздельный,Есть,На стадии строительства,Нет
580000,2,63,6,Сино,Новостройка,С ремонтом,Совмещенный,Нет,Построено,Нет
580000,2,57,9,Сино,Новостройка,Без ремонта (коробка),Раздельный,Есть,На стадии строительства,Нет
580000,2,53,3,Сино,Вторичный рынок,С ремонтом,Раздельный,Есть,Построено,Есть
580000,3,75,12,Шохмансур,Новостройка,Без ремонта (коробка),Раздельный,Есть,Построено,Нет
580000,2,106,10,И. Сомони,Новостройка,Без ремонта (коробка),Раздельный,Есть,На стадии строительства,Нет
580000,1,66,13,Шохмансур,Новостройка,Без ремонта (коробка),Раздельный,Есть,На стадии строительства,Нет
580000,2,54,4,Сино,Вторичный рынок,С ремонтом,Раздельный,Есть,Построено,Есть
580000,2,54,4,Сино,Вторичный рынок,С ремонтом,Совмещенный,Нет,Построено,Есть
580000,3,68,3,Другое,Вторичный рынок,С ремонтом,Раздельный,Нет,Построено,Есть
580000,3,70,5,Другое,Новостройка,Новый ремонт,Раздельный,Нет,Построено,Есть
580000,2,68,6,Фирдавси,Новостройка,Без ремонта (коробка),Раздельный,Есть,Построено,Нет
580000,2,57,3,Сино,Вторичный рынок,С ремонтом,Раздельный,Есть,Построено,Есть
580000,1,58,14,Шохмансур,Новостройка,Без ремонта (коробка),Раздельный,Есть,Построено,Нет
580000,2,66,13,Шохмансур,Новостройка,Без ремонта (коробка),Раздельный,Нет,На стадии строительства,Нет
580000,1,66,13,Шохмансур,Новостройка,Без ремонта (коробка),Совмещенный,Есть,Построено,Нет
580000,1,51,2,Сино,Новостройка,Без ремонта (коробка),Раздельный,Есть,На стадии строительства,Нет
580000,2,45,1,Фирдавси,Вторичный рынок,С ремонтом,Совмещенный,Есть,Построено,Есть
580000,2,73,5,Сино,Новостройка,С ремонтом,Совмещенный,Нет,Построено,Есть
580000,3,71,5,Сино,Новостройка,С ремонтом,Совмещенный,Нет,Построено,Есть
580000,2,78,14,Другое,Новостройка,Без ремонта (коробка),Раздельный,Есть,На стадии строительства,Нет
580000,1,80,8,Другое,Новостройка,Без ремонта (коробка),Раздельный,Нет,Построено,Нет
580000,2,56,2,Сино,Новостройка,С ремонтом,Совмещенный,Нет,Построено,Есть
580001,3,107,9,И. Сомони,Новостройка,Без ремонта (коробка),Раздельный,Есть,На стадии строительства,Нет
582000,2,59,18,Шохмансур,Новостройка,Без ремонта (коробка),Раздельный,Нет,Построено,Нет
583110,2,57,10,Сино,Новостройка,Без ремонта (коробка),Раздельный,Есть,Построено,Нет
584000,2,91,12,Шохмансур,Новостройка,Без ремонта (коробка),Раздельный,Есть,На стадии строительства,Нет
585000,2,65,1,Сино,Новостройка,Новый ремонт,Совмещенный,Есть,Построено,Нет
585000,3,63,3,Другое,Новостройка,С ремонтом,Раздельный,Нет,Построено,Нет
585000,2,68,7,Сино,Новостройка,Без ремонта (коробка),Раздельный,Есть,На стадии строительства,Нет
585000,3,67,11,Другое,Новостройка,Новый ремонт,Раздельный,Нет,Построено,Есть
585000,2,60,14,Другое,Новостройка,Новый ремонт,Совмещенный,Нет,Построено,Есть
585000,2,82,15,Фирдавси,Новостройка,Без ремонта (коробка),Раздельный,Есть,На стадии строительства,Нет
585000,2,73,7,Другое,Новостройка,Новый ремонт,Раздельный,Есть,Построено,Есть
585000,2,73,7,Сино,Новостройка,Новый ремонт,Раздельный,Есть,Построено,Есть
585000,2,62,12,Другое,Новостройка,Без ремонта (коробка),Раздельный,Есть,На стадии строительства,Есть
585000,2,90,12,Шохмансур,Новостройка,Без ремонта (коробка),Раздельный,Есть,На стадии строительства,Нет
585000,2,78,6,Шохмансур,Новостройка,Без ремонта (коробка),Раздельный,Есть,Построено,Нет
585000,2,86,10,И. Сомони,Новостройка,Без ремонта (коробка),Раздельный,Есть,На стадии строительства,Нет
585000,1,70,13,Сино,Новостройка,Без ремонта (коробка),Совмещенный,Есть,Построено,Нет
585000,2,63,17,И. Сомони,Новостройка,Без ремонта (коробка),Раздельный,Есть,На стадии строительства,Нет
585005,2,73,7,Другое,Новостройка,Новый ремонт,Раздельный,Есть,Построено,Есть
587000,2,78,9,Шохмансур,Новостройка,Без ремонта (коробка),Раздельный,Есть,На стадии строительства,Нет
588000,3,97,6,Шохмансур,Новостройка,Без ремонта (коробка),Раздельный,Есть,На стадии строительства,Нет
588523,3,96,14,Шохмансур,Новостройка,Без ремонта (коробка),Раздельный,Есть,На стадии строительства,Нет
588760,3,95,12,Сино,Новостройка,Без ремонта (коробка),Раздельный,Есть,На стадии строительства,Нет
589000,3,141,5,Другое,Новостройка,Без ремонта (коробка),Раздельный,Нет,Построено,Нет
589000,2,83,3,Другое,Новостройка,Без ремонта (коробка),Раздельный,Нет,Построено,Нет
589000,4,99,2,Сино,Вторичный рынок,Без ремонта (коробка),Раздельный,Нет,Построено,Есть
589000,2,54,4,Фирдавси,Вторичный рынок,Без ремонта (коробка),Раздельный,Есть,Построено,Есть
589000,3,97,2,Сино,Новостройка,Без ремонта (коробка),Раздельный,Есть,На стадии строительства,Нет
589999,2,67,8,Сино,Новостройка,Без ремонта (коробка),Раздельный,Есть,На стадии строительства,Нет
590000,2,57,1,Сино,Вторичный рынок,С ремонтом,Раздельный,Есть,Построено,Есть
590000,3,70,4,Другое,Новостройка,Новый ремонт,Раздельный,Есть,Построено,Нет
590000,2,90,10,Другое,Новостройка,Без ремонта (коробка),Раздельный,Есть,Построено,Нет
590000,2,53,12,Сино,Новостройка,Новый ремонт,Раздельный,Есть,Построено,Есть
590000,2,73,7,Сино,Новостройка,Новый ремонт,Раздельный,Есть,Построено,Есть
590000,3,74,8,Фирдавси,Новостройка,Без ремонта (коробка),Раздельный,Есть,Построено,Нет
590000,3,108,11,И. Сомони,Новостройка,Без ремонта (коробка),Раздельный,Нет,Построено,Нет
590000,3,108,13,И. Сомони,Новостройка,Без ремонта (коробка),Раздельный,Нет,Построено,Нет
590000,2,53,7,Фирдавси,Новостройка,Без ремонта (коробка),Раздельный,Есть,Построено,Нет
590000,1,64,10,Сино,Новостройка,Новый ремонт,Раздельный,Есть,Построено,Нет
590000,2,72,5,Шохмансур,Новостройка,Без ремонта (коробка),Раздельный,Есть,Построено,Нет
590000,2,58,5,Сино,Новостройка,Без ремонта (коробка),Совмещенный,Есть,Построено,Нет
590000,2,54,12,Сино,Вторичный рынок,С ремонтом,Раздельный,Есть,Построено,Есть
590000,2,78,13,Сино,Новостройка,Без ремонта (коробка),Раздельный,Есть,На стадии строительства,Нет
590000,2,90,4,Другое,Новостройка,Без ремонта (коробка),Раздельный,Есть,Построено,Нет
590000,2,78,5,Сино,Новостройка,Без ремонта (коробка),Раздельный,Есть,Построено,Нет
590000,2,65,7,Сино,Новостройка,Новый ремонт,Совмещенный,Есть,Построено,Есть
590000,2,76,3,Другое,Новостройка,Новый ремонт,Раздельный,Нет,Построено,Нет
590000,2,52,10,Фирдавси,Новостройка,С ремонтом,Раздельный,Есть,Построено,Есть
590000,2,64,10,Сино,Новостройка,Новый ремонт,Раздельный,Есть,Построено,Нет
590000,2,72,5,Шохмансур,Новостройка,Без ремонта (коробка),Раздельный,Есть,На стадии строительства,Нет
590000,2,92,14,Сино,Новостройка,Без ремонта (коробка),Раздельный,Есть,На стадии строительства,Нет
590000,2,88,10,Сино,Новостройка,Без ремонта (коробка),Раздельный,Есть,Построено,Нет
590000,3,108,4,Другое,Новостройка,Без ремонта (коробка),Раздельный,Нет,Построено,Есть
590000,2,90,10,Сино,Новостройка,Без ремонта (коробка),Раздельный,Есть,Построено,Нет
590000,2,91,10,Сино,Новостройка,Без ремонта (коробка),Раздельный,Есть,Построено,Нет
590000,2,48,1,Сино,Вторичный рынок,С ремонтом,Раздельный,Есть,Построено,Есть
590000,1,62,5,Другое,Новостройка,Без ремонта (коробка),Совмещенный,Есть,Построено,Нет
590000,2,73,16,И. Сомони,Новостройка,Без ремонта (коробка),Раздельный,Есть,Построено,Нет
590000,1,56,3,Сино,Новостройка,Без ремонта (коробка),Раздельный,Есть,Построено,Нет
590000,2,67,8,Сино,Новостройка,Без ремонта (коробка),Раздельный,Есть,На стадии строительства,Нет
590000,2,73,16,И. Сомони,Новостройка,Без ремонта (коробка),Раздельный,Есть,Построено,Есть
590000,2,91,10,Сино,Новостройка,Без ремонта (коробка),Раздельный,Есть,На стадии строительства,Нет
590000,2,91,14,Сино,Новостройка,Без ремонта (коробка),Раздельный,Есть,На стадии строительства,Нет
590000,2,93,10,Сино,Новостройка,Без ремонта (коробка),Совмещенный,Есть,Построено,Нет
590000,2,73,16,Другое,Новостройка,Без ремонта (коробка),Раздельный,Есть,Построено,Есть
590000,2,82,16,Сино,Новостройка,Без ремонта (коробка),Раздельный,Есть,Построено,Нет
590000,2,42,4,Фирдавси,Вторичный рынок,С ремонтом,Раздельный,Есть,Построено,Есть
590000,3,70,4,Сино,Новостройка,Новый ремонт,Совмещенный,Есть,Построено,Нет
590000,2,82,16,Сино,Вторичный рынок,Без ремонта (коробка),Раздельный,Есть,Построено,Нет
590000,2,71,3,Сино,Новостройка,Новый ремонт,Раздельный,Есть,Построено,Есть
591000,2,72,4,Сино,Новостройка,Новый ремонт,Раздельный,Нет,Построено,Нет
591500,3,91,12,Шохмансур,Новостройка,Без ремонта (коробка),Раздельный,Нет,На стадии строительства,Нет
592000,2,89,14,Сино,Новостройка,Без ремонта (коробка),Раздельный,Есть,Построено,Нет
592000,2,98,2,Сино,Новостройка,Без ремонта (коробка),Раздельный,Есть,На стадии строительства,Нет
593000,2,85,4,Другое,Новостройка,Без ремонта (коробка),Раздельный,Есть,Построено,Нет
593000,2,77,3,Другое,Новостройка,Без ремонта (коробка),Раздельный,Нет,На стадии строительства,Нет
595000,2,73,7,Сино,Новостройка,Новый ремонт,Раздельный,Есть,Построено,Есть
595000,2,50,2,Сино,Вторичный рынок,С ремонтом,Раздельный,Есть,Построено,Есть
595000,2,78,3,Другое,Новостройка,Новый ремонт,Раздельный,Нет,Построено,Нет
595000,2,65,1,Другое,Новостройка,Новый ремонт,Совмещенный,Есть,Построено,Нет
595000,1,64,16,Сино,Новостройка,Без ремонта (коробка),Раздельный,Есть,Построено,Нет
595000,2,64,3,Другое,Новостройка,С ремонтом,Раздельный,Нет,Построено,Есть
595000,2,95,12,Шохмансур,Новостройка,Без ремонта (коробка),Раздельный,Есть,На стадии строительства,Нет
595000,3,82,4,И. Сомони,Новостройка,Без ремонта (коробка),Раздельный,Есть,На стадии строительства,Есть
595000,2,74,2,Сино,Новостройка,Новый ремонт,Раздельный,Есть,Построено,Нет
595000,3,64,10,Сино,Новостройка,С ремонтом,Раздельный,Нет,Построено,Есть
595000,2,75,7,Сино,Новостройка,Новый ремонт,Раздельный,Есть,Построено,Есть
595000,1,46,2,Сино,Новостройка,Новый ремонт,Совмещенный,Есть,Построено,Нет
595000,3,100,5,Другое,Новостройка,Новый ремонт,Раздельный,Нет,Построено,Есть
595000,2,64,13,Сино,Новостройка,Новый ремонт,Раздельный,Нет,Построено,Нет
595000,2,78,5,Сино,Новостройка,Без ремонта (коробка),Раздельный,Есть,Построено,Нет
595000,2,66,7,Сино,Новостройка,С ремонтом,Совмещенный,Нет,Построено,Нет
595000,2,54,4,Фирдавси,Вторичный рынок,Без ремонта (коробка),Раздельный,Есть,Построено,Есть
595000,4,85,4,Сино,Вторичный рынок,С ремонтом,Раздельный,Нет,Построено,Есть
595000,2,62,3,Сино,Новостройка,С ремонтом,Совмещенный,Нет,Построено,Нет
595000,2,45,2,Фирдавси,Новостройка,С ремонтом,Раздельный,Есть,Построено,Нет
595000,2,73,7,Другое,Новостройка,Новый ремонт,Раздельный,Есть,Построено,Есть
596000,2,54,12,Сино,Вторичный рынок,С ремонтом,Раздельный,Есть,Построено,Есть
597000,2,72,14,И. Сомони,Новостройка,Без ремонта (коробка),Раздельный,Есть,Построено,Есть
597000,3,43,1,Другое,Вторичный рынок,С ремонтом,Раздельный,Есть,Построено,Есть
597000,3,43,1,Сино,Вторичный рынок,С ремонтом,Раздельный,Есть,Построено,Есть
598000,3,43,1,Сино,Вторичный рынок,С ремонтом,Раздельный,Есть,Построено,Есть
599000,2,83,7,Шохмансур,Новостройка,Без ремонта (коробка),Раздельный,Есть,На стадии строительства,Нет
599000,3,97,13,Шохмансур,Новостройка,Без ремонта (коробка),Раздельный,Нет,На стадии строительства,Нет
599000,5,90,3,Другое,Вторичный рынок,С ремонтом,Раздельный,Нет,Построено,Есть
599000,2,57,4,Сино,Новостройка,С ремонтом,Совмещенный,Есть,Построено,Нет
599000,3,99,2,Сино,Новостройка,Без ремонта (коробка),Раздельный,Есть,На стадии строительства,Нет
599000,2,54,10,Сино,Новостройка,Новый ремонт,Совмещенный,Есть,Построено,Нет
599000,2,76,10,Другое,Новостройка,Новый ремонт,Раздельный,Нет,Построено,Нет
599000,2,75,10,Шохмансур,Новостройка,Без ремонта (коробка),Раздельный,Есть,На стадии строительства,Нет
599000,1,68,6,Шохмансур,Новостройка,Без ремонта (коробка),Раздельный,Нет,Построено,Нет
599000,1,58,8,И. Сомони,Новостройка,Без ремонта (коробка),Раздельный,Есть,Построено,Нет
599000,2,63,4,Сино,Новостройка,Новый ремонт,Совмещенный,Нет,Построено,Нет
599000,3,50,1,Другое,Вторичный рынок,С ремонтом,Совмещенный,Нет,Построено,Есть
599000,3,70,5,Сино,Вторичный рынок,С ремонтом,Раздельный,Есть,Построено,Есть
599000,2,96,9,Другое,Новостройка,Без ремонта (коробка),Раздельный,Есть,Построено,Нет
599999,2,58,6,Сино,Новостройка,Без ремонта (коробка),Раздельный,Есть,Построено,Нет
599999,2,52,2,Сино,Новостройка,С ремонтом,Раздельный,Есть,Построено,Есть
599999,2,70,9,Сино,Новостройка,Без ремонта (коробка),Раздельный,Есть,На стадии строительства,Нет
600000,1,51,5,И. Сомони,Новостройка,Без ремонта (коробка),Раздельный,Есть,Построено,Нет
600000,5,90,3,Другое,Вторичный рынок,Без ремонта (коробка),Раздельный,Нет,Построено,Есть
600000,2,86,4,Другое,Новостройка,Новый ремонт,Раздельный,Нет,Построено,Есть
600000,2,58,6,Сино,Новостройка,Без ремонта (коробка),Раздельный,Есть,На стадии строительства,Нет
600000,2,78,5,Сино,Новостройка,Без ремонта (коробка),Совмещенный,Есть,На стадии строительства,Нет
600000,2,61,3,Другое,Новостройка,Новый ремонт,Раздельный,Нет,Построено,Нет
600000,2,76,14,Сино,Новостройка,Новый ремонт,Раздельный,Нет,На стадии строительства,Нет
600000,2,55,3,Сино,Вторичный рынок,С ремонтом,Раздельный,Есть,Построено,Есть
600000,2,83,8,Фирдавси,Новостройка,Без ремонта (коробка),Раздельный,Есть,Построено,Нет
600000,2,108,9,И. Сомони,Новостройка,Без ремонта (коробка),Раздельный,Есть,На стадии строительства,Нет
600000,2,78,5,Сино,Новостройка,Без ремонта (коробка),Раздельный,Есть,На стадии строительства,Нет
600000,2,56,2,Шохмансур,Вторичный рынок,С ремонтом,Совмещенный,Есть,Построено,Есть
600000,1,48,7,Сино,Новостройка,С ремонтом,Совмещенный,Есть,Построено,Есть
600000,3,82,10,Другое,Новостройка,Новый ремонт,Раздельный,Нет,Построено,Есть
600000,4,86,4,Шохмансур,Вторичный рынок,С ремонтом,Раздельный,Нет,Построено,Есть
600000,1,46,1,Другое,Новостройка,С ремонтом,Раздельный,Есть,Построено,Есть
600000,4,100,1,Другое,Вторичный рынок,С ремонтом,Раздельный,Есть,На стадии строительства,Есть
600000,1,73,13,Другое,Новостройка,Без ремонта (коробка),Раздельный,Есть,Построено,Нет
600000,3,85,5,Сино,Новостройка,С ремонтом,Раздельный,Нет,Построено,Есть
600000,2,60,5,Сино,Вторичный рынок,С ремонтом,Раздельный,Нет,Построено,Есть
600000,3,107,9,И. Сомони,Новостройка,Без ремонта (коробка),Раздельный,Есть,На стадии строительства,Нет
600000,3,106,6,И. Сомони,Новостройка,Без ремонта (коробка),Раздельный,Есть,На стадии строительства,Нет
600000,2,54,10,Сино,Новостройка,Новый ремонт,Совмещенный,Нет,Построено,Нет
600000,2,91,10,Сино,Новостройка,Без ремонта (коробка),Раздельный,Есть,Построено,Нет
600000,2,76,14,Сино,Новостройка,Без ремонта (коробка),Раздельный,Есть,На стадии строительства,Нет
600000,3,49,3,Фирдавси,Вторичный рынок,С ремонтом,Совмещенный,Есть,Построено,Есть
600000,2,47,5,Сино,Вторичный рынок,С ремонтом,Раздельный,Есть,Построено,Есть
600000,2,102,13,Сино,Новостройка,Без ремонта (коробка),Раздельный,Есть,На стадии строительства,Нет
600000,2,61,15,Сино,Новостройка,Без ремонта (коробка),Совмещенный,Есть,Построено,Нет
600000,3,90,10,Сино,Новостройка,Без ремонта (коробка),Раздельный,Есть,Построено,Нет
600000,3,45,3,Шохмансур,Вторичный рынок,С ремонтом,Совмещенный,Нет,Построено,Есть
600000,1,50,1,Сино,Новостройка,Новый ремонт,Совмещенный,Нет,Построено,Есть
600000,3,82,3,Сино,Вторичный рынок,С ремонтом,Раздельный,Нет,Построено,Есть
600000,2,60,12,Другое,Новостройка,Новый ремонт,Совмещенный,Есть,Построено,Нет
600000,3,68,1,Фирдавси,Вторичный рынок,С ремонтом,Раздельный,Нет,Построено,Есть
600000,2,53,2,Другое,Новостройка,Новый ремонт,Раздельный,Есть,Построено,Есть
600000,2,52,4,Сино,Вторичный рынок,С ремонтом,Раздельный,Есть,Построено,Есть
600000,2,60,5,Сино,Вторичный рынок,С ремонтом,Раздельный,Нет,Построено,Нет
600000,2,58,6,Сино,Новостройка,Без ремонта (коробка),Раздельный,Есть,Построено,Нет
600000,2,41,2,Сино,Вторичный рынок,С ремонтом,Раздельный,Есть,Построено,Есть
600000,4,105,4,Другое,Новостройка,Без ремонта (коробка),Раздельный,Нет,На стадии строительства,Нет
600000,2,58,12,Сино,Новостройка,Без ремонта (коробка),Раздельный,Есть,На стадии строительства,Нет
600000,1,76,12,Другое,Новостройка,Без ремонта (коробка),Раздельный,Есть,Построено,Нет
600000,2,47,10,Сино,Новостройка,С ремонтом,Раздельный,Нет,Построено,Есть
600000,3,75,5,Другое,Вторичный рынок,Новый ремонт,Раздельный,Нет,Построено,Есть
600000,3,107,4,И. Сомони,Новостройка,Без ремонта (коробка),Раздельный,Есть,На стадии строительства,Нет
600000,3,104,9,И. Сомони,Новостройка,Без ремонта (коробка),Раздельный,Есть,На стадии строительства,Нет
600000,3,78,5,Фирдавси,Вторичный рынок,С ремонтом,Раздельный,Нет,Построено,Есть
600000,1,58,9,Сино,Новостройка,Новый ремонт,Совмещенный,Есть,Построено,Есть
600000,1,48,7,Сино,Новостройка,С ремонтом,Раздельный,Есть,Построено,Есть
600000,2,50,8,Сино,Новостройка,С ремонтом,Совмещенный,Есть,Построено,Есть
600000,2,79,14,Другое,Новостройка,Без ремонта (коробка),Раздельный,Есть,На стадии строительства,Нет
600000,2,69,9,Сино,Новостройка,Новый ремонт,Раздельный,Есть,Построено,Нет
600000,1,56,8,Сино,Новостройка,С ремонтом,Совмещенный,Есть,Построено,Нет
600000,3,0,1,Сино,Вторичный рынок,С ремонтом,Совмещенный,Нет,Построено,Есть
600000,3,72,2,Другое,Вторичный рынок,Новый ремонт,Раздельный,Нет,Построено,Есть
600000,2,58,4,Сино,Вторичный рынок,С ремонтом,Раздельный,Есть,Построено,Есть
600000,2,85,9,Сино,Новостройка,Без ремонта (коробка),Раздельный,Есть,На стадии строительства,Нет
600000,2,52,4,Сино,Новостройка,Новый ремонт,Совмещенный,Нет,Построено,Есть
600000,1,58,9,Шохмансур,Новостройка,Без ремонта (коробка),Раздельный,Нет,Построено,Нет
600000,2,45,13,Фирдавси,Новостройка,С ремонтом,Совмещенный,Нет,Построено,Нет
600000,3,110,2,Другое,Вторичный рынок,С ремонтом,Раздельный,Нет,Построено,Есть
600000,3,113,15,Сино,Новостройка,Без ремонта (коробка),Раздельный,Есть,На стадии строительства,Нет
600000,3,90,4,Другое,Вторичный рынок,С ремонтом,Раздельный,Нет,На стадии строительства,Есть
600000,2,56,5,Сино,Вторичный рынок,С ремонтом,Раздельный,Есть,Построено,Есть
600000,4,112,5,Сино,Вторичный рынок,С ремонтом,Раздельный,Нет,Построено,Есть
600000,2,56,3,Сино,Вторичный рынок,С ремонтом,Раздельный,Есть,Построено,Есть
600000,2,64,16,Сино,Новостройка,Без ремонта (коробка),Раздельный,Есть,Построено,Есть
600000,2,72,11,Сино,Новостройка,Без ремонта (коробка),Раздельный,Есть,На стадии строительства,Нет
600000,2,77,14,Сино,Новостройка,Без ремонта (коробка),Раздельный,Есть,На стадии строительства,Нет
600000,3,68,7,Другое,Новостройка,Новый ремонт,Раздельный,Нет,Построено,Есть
600000,2,70,8,Шохмансур,Новостройка,Без ремонта (коробка),Раздельный,Есть,На стадии строительства,Нет
600000,2,58,6,Сино,Новостройка,Без ремонта (коробка),Совмещенный,Есть,Построено,Нет
600000,2,48,2,Сино,Вторичный рынок,С ремонтом,Раздельный,Есть,Построено,Есть
600000,2,76,9,И. Сомони,Новостройка,Без ремонта (коробка),Раздельный,Нет,На стадии строительства,Нет
600000,2,68,12,Сино,Новостройка,Без ремонта (коробка),Раздельный,Есть,Построено,Нет
600000,1,51,5,И. Сомони,Новостройка,Без ремонта (коробка),Совмещенный,Есть,Построено,Нет
600000,2,54,4,Другое,Вторичный рынок,С ремонтом,Раздельный,Есть,Построено,Есть
600000,3,75,9,Сино,Новостройка,Новый ремонт,Раздельный,Есть,Построено,Есть
600000,1,48,7,Сино,Новостройка,Новый ремонт,Совмещенный,Есть,Построено,Есть
600001,2,64,9,Сино,Новостройка,Без ремонта (коробка),Раздельный,Есть,Построено,Нет
600500,4,120,4,Другое,Новостройка,С ремонтом,Раздельный,Нет,Построено,Есть
600500,3,107,8,Сино,Новостройка,Без ремонта (коробка),Раздельный,Есть,На стадии строительства,Нет
600500,3,107,11,Сино,Новостройка,Без ремонта (коробка),Раздельный,Есть,На стадии строительства,Нет
601000,2,72,11,Сино,Новостройка,Без ремонта (коробка),Раздельный,Есть,На стадии строительства,Нет
602000,3,108,8,И. Сомони,Новостройка,Без ремонта (коробка),Раздельный,Есть,На стадии строительства,Нет
602740,2,106,17,Другое,Новостройка,Без ремонта (коробка),Раздельный,Есть,На стадии строительства,Нет
603000,3,100,6,Другое,Новостройка,Без ремонта (коробка),Раздельный,Нет,На стадии строительства,Есть
603590,2,93,10,Шохмансур,Новостройка,Без ремонта (коробка),Раздельный,Есть,На стадии строительства,Нет
604000,2,80,10,Фирдавси,Новостройка,Без ремонта (коробка),Раздельный,Нет,На стадии строительства,Нет
604000,3,100,7,Другое,Новостройка,Без ремонта (коробка),Раздельный,Нет,На стадии строительства,Есть
605000,2,65,4,Другое,Новостройка,Новый ремонт,Раздельный,Нет,Построено,Нет
605000,3,97,11,Шохмансур,Новостройка,Без ремонта (коробка),Раздельный,Нет,На стадии строительства,Нет
605000,2,75,17,И. Сомони,Новостройка,Без ремонта (коробка),Раздельный,Есть,На стадии строительства,Нет
605000,2,66,1,Другое,Новостройка,Новый ремонт,Совмещенный,Есть,Построено,Нет
605000,2,66,1,Другое,Новостройка,С ремонтом,Совмещенный,Нет,Построено,Нет
605000,1,57,15,Другое,Новостройка,Без ремонта (коробка),Раздельный,Есть,Построено,Нет
605000,3,108,8,И. Сомони,Новостройка,Без ремонта (коробка),Раздельный,Есть,На стадии строительства,Нет
605000,1,52,6,И. Сомони,Новостройка,Без ремонта (коробка),Совмещенный,Есть,На стадии строительства,Нет
607420,3,101,5,Другое,Новостройка,Без ремонта (коробка),Раздельный,Нет,На стадии строительства,Нет
609999,3,70,5,Другое,Вторичный рынок,С ремонтом,Раздельный,Нет,Построено,Есть
610000,2,57,5,Сино,Новостройка,С ремонтом,Раздельный,Нет,Построено,Есть
610000,3,102,12,Другое,Новостройка,Без ремонта (коробка),Совмещенный,Нет,Построено,Нет
610000,3,85,7,Другое,Новостройка,Новый ремонт,Раздельный,Нет,Построено,Нет
610000,3,107,9,И. Сомони,Новостройка,Без ремонта (коробка),Раздельный,Есть,На стадии строительства,Нет
610000,3,106,9,И. Сомони,Новостройка,Без ремонта (коробка),Раздельный,Есть,На стадии строительства,Нет
610000,3,70,5,Другое,Вторичный рынок,С ремонтом,Раздельный,Нет,Построено,Есть
610000,1,77,11,Сино,Новостройка,Без ремонта (коробка),Совмещенный,Есть,На стадии строительства,Нет
610000,2,50,13,Фирдавси,Новостройка,Новый ремонт,Раздельный,Есть,Построено,Нет
610000,2,53,6,Шохмансур,Новостройка,Новый ремонт,Совмещенный,Есть,Построено,Нет
610000,3,61,2,Сино,Новостройка,Без ремонта (коробка),Раздельный,Нет,Построено,Есть
610000,2,53,2,Другое,Новостройка,Новый ремонт,Раздельный,Есть,Построено,Есть
610000,2,55,10,Сино,Новостройка,Новый ремонт,Совмещенный,Есть,Построено,Нет
610000,2,56,9,Другое,Новостройка,Без ремонта (коробка),Совмещенный,Есть,Построено,Нет
610000,2,48,4,Фирдавси,Вторичный рынок,С ремонтом,Совмещенный,Есть,Построено,Есть
610000,2,52,2,Сино,Новостройка,С ремонтом,Совмещенный,Есть,Построено,Есть
610000,1,59,8,Сино,Новостройка,С ремонтом,Раздельный,Нет,Построено,Есть
610000,3,78,4,Сино,Новостройка,Без ремонта (коробка),Раздельный,Нет,Построено,Нет
610000,1,60,6,Другое,Новостройка,Без ремонта (коробка),Совмещенный,Есть,На стадии строительства,Есть
610000,2,58,5,Сино,Новостройка,Без ремонта (коробка),Совмещенный,Нет,Построено,Нет
610000,2,58,5,Сино,Новостройка,Без ремонта (коробка),Совмещенный,Есть,Построено,Нет
610000,2,33,3,Другое,Новостройка,Новый ремонт,Раздельный,Есть,Построено,Есть
610000,3,54,1,Сино,Вторичный рынок,С ремонтом,Раздельный,Есть,Построено,Есть
610000,2,75,6,Сино,Новостройка,Без ремонта (коробка),Раздельный,Есть,Построено,Нет
610000,1,59,8,Сино,Новостройка,Новый ремонт,Раздельный,Есть,Построено,Есть
610000,1,73,16,И. Сомони,Новостройка,Без ремонта (коробка),Раздельный,Есть,Построено,Нет
610000,2,71,12,Шохмансур,Новостройка,Без ремонта (коробка),Раздельный,Есть,На стадии строительства,Нет
610000,1,72,9,Другое,Новостройка,Без ремонта (коробка),Раздельный,Есть,Построено,Нет
610000,2,77,14,Сино,Новостройка,Без ремонта (коробка),Раздельный,Есть,Построено,Нет
610000,2,58,2,Сино,Новостройка,Без ремонта (коробка),Раздельный,Нет,Построено,Нет
610000,2,75,6,Сино,Новостройка,Новый ремонт,Раздельный,Есть,Построено,Есть
610000,1,59,8,Сино,Новостройка,Новый ремонт,Раздельный,Нет,Построено,Есть
610000,2,53,2,Другое,Новостройка,С ремонтом,Раздельный,Есть,Построено,Нет
611000,1,73,16,И. Сомони,Новостройка,Без ремонта (коробка),Раздельный,Есть,Построено,Нет
613350,2,75,8,Сино,Новостройка,Без ремонта (коробка),Раздельный,Есть,Построено,Нет
614000,2,65,4,Сино,Новостройка,Без ремонта (коробка),Раздельный,Есть,Построено,Нет
614000,4,100,4,Другое,Вторичный рынок,С ремонтом,Раздельный,Нет,Построено,Есть
615000,2,53,4,Сино,Новостройка,Новый ремонт,Раздельный,Есть,Построено,Есть
615000,2,52,2,Сино,Новостройка,Новый ремонт,Совмещенный,Есть,Построено,Есть
615000,1,54,10,Сино,Новостройка,Новый ремонт,Совмещенный,Есть,Построено,Нет
615000,2,48,3,Фирдавси,Вторичный рынок,С ремонтом,Совмещенный,Есть,Построено,Есть
615000,2,54,8,Сино,Новостройка,С ремонтом,Раздельный,Есть,Построено,Нет
615000,2,52,10,Фирдавси,Новостройка,Новый ремонт,Раздельный,Есть,Построено,Есть
615000,2,83,12,Сино,Новостройка,Без ремонта (коробка),Раздельный,Нет,На стадии строительства,Нет
615000,1,62,10,Шохмансур,Новостройка,Без ремонта (коробка),Раздельный,Есть,Построено,Нет
615157,2,84,9,Сино,Новостройка,Без ремонта (коробка),Раздельный,Нет,На стадии строительства,Нет
616000,2,72,9,Другое,Новостройка,Новый ремонт,Раздельный,Нет,Построено,Нет
616590,1,51,14,И. Сомони,Новостройка,Без ремонта (коробка),Совмещенный,Есть,Построено,Нет
617500,2,75,16,Шохмансур,Новостройка,Без ремонта (коробка),Совмещенный,Есть,Построено,Нет
618000,1,70,5,Другое,Новостройка,Без ремонта (коробка),Раздельный,Есть,На стадии строительства,Нет
618000,2,60,7,Сино,Новостройка,С ремонтом,Совмещенный,Нет,Построено,Есть
618000,2,83,11,Другое,Новостройка,Без ремонта (коробка),Раздельный,Есть,На стадии строительства,Есть
620000,2,75,10,Шохмансур,Новостройка,Без ремонта (коробка),Раздельный,Есть,На стадии строительства,Нет
620000,1,76,14,Сино,Новостройка,Без ремонта (коробка),Раздельный,Есть,На стадии строительства,Нет
620000,1,52,6,Сино,Новостройка,С ремонтом,Раздельный,Нет,Построено,Есть
620000,2,1,3,Сино,Вторичный рынок,С ремонтом,Раздельный,Есть,Построено,Есть
620000,1,73,15,Другое,Новостройка,Без ремонта (коробка),Раздельный,Есть,На стадии строительства,Нет
620000,3,90,4,Сино,Новостройка,Новый ремонт,Раздельный,Есть,Построено,Нет
620000,2,53,8,Другое,Новостройка,Без ремонта (коробка),Раздельный,Есть,Построено,Есть
620000,1,74,15,И. Сомони,Новостройка,Без ремонта (коробка),Раздельный,Есть,На стадии строительства,Нет
620000,3,83,14,Другое,Новостройка,Без ремонта (коробка),Раздельный,Есть,Построено,Нет
620000,2,54,3,Другое,Вторичный рынок,С ремонтом,Раздельный,Есть,Построено,Есть
620000,1,46,12,Фирдавси,Новостройка,С ремонтом,Совмещенный,Нет,Построено,Есть
620000,2,43,4,Фирдавси,Вторичный рынок,С ремонтом,Совмещенный,Нет,Построено,Есть
620000,1,73,15,И. Сомони,Новостройка,Без ремонта (коробка),Раздельный,Есть,На стадии строительства,Нет
620000,2,43,4,Фирдавси,Вторичный рынок,С ремонтом,Совмещенный,Есть,Построено,Есть
620000,3,67,4,Другое,Новостройка,С ремонтом,Раздельный,Нет,Построено,Есть
620000,1,74,15,И. Сомони,Вторичный рынок,Без ремонта (коробка),Раздельный,Есть,На стадии строительства,Нет
620000,1,42,7,Сино,Новостройка,Новый ремонт,Совмещенный,Есть,Построено,Есть
620000,1,54,10,Фирдавси,Новостройка,С ремонтом,Совмещенный,Есть,Построено,Нет
620000,2,60,3,Другое,Вторичный рынок,Новый ремонт,Раздельный,Есть,Построено,Есть
620000,2,54,3,Фирдавси,Вторичный рынок,С ремонтом,Раздельный,Нет,Построено,Есть
620000,2,76,9,Другое,Новостройка,С ремонтом,Раздельный,Нет,Построено,Есть
620000,2,33,3,Другое,Новостройка,С ремонтом,Раздельный,Есть,Построено,Есть
620000,1,76,16,Сино,Новостройка,Без ремонта (коробка),Раздельный,Есть,На стадии строительства,Нет
620000,3,108,4,Другое,Новостройка,Без ремонта (коробка),Раздельный,Есть,На стадии строительства,Нет
620000,2,52,18,Фирдавси,Новостройка,Новый ремонт,Раздельный,Есть,Построено,Есть
620000,2,68,7,Сино,Новостройка,Без ремонта (коробка),Раздельный,Есть,На стадии строительства,Нет
620000,3,89,4,Другое,Новостройка,Новый ремонт,Совмещенный,Нет,Построено,Нет
620000,1,45,4,Сино,Вторичный рынок,Новый ремонт,Совмещенный,Есть,Построено,Есть
620000,2,52,10,Фирдавси,Новостройка,С ремонтом,Раздельный,Есть,Построено,Нет
620000,2,66,8,Другое,Новостройка,Новый ремонт,Совмещенный,Нет,Построено,Есть
620000,2,54,4,Фирдавси,Вторичный рынок,С ремонтом,Совмещенный,Нет,Построено,Есть
620000,2,70,13,Другое,Новостройка,Новый ремонт,Раздельный,Нет,Построено,Есть
620000,3,100,2,Другое,Новостройка,Новый ремонт,Раздельный,Нет,Построено,Нет
620000,4,97,3,Другое,Новостройка,Без ремонта (коробка),Совмещенный,Нет,Построено,Нет
620000,1,52,15,Сино,Новостройка,Без ремонта (коробка),Раздельный,Есть,Построено,Нет
620000,4,79,3,Сино,Вторичный рынок,Без ремонта (коробка),Раздельный,Нет,Построено,Есть
620000,2,62,11,Сино,Новостройка,Новый ремонт,Совмещенный,Есть,Построено,Нет
620000,2,33,3,Другое,Новостройка,С ремонтом,Совмещенный,Есть,Построено,Есть
620000,2,33,3,Другое,Новостройка,С ремонтом,Совмещенный,Нет,Построено,Есть
620000,3,80,8,Другое,Новостройка,Новый ремонт,Раздельный,Нет,Построено,Есть
620000,1,73,15,И. Сомони,Новостройка,Без ремонта (коробка),Раздельный,Есть,На стадии строительства,Есть
620000,2,57,9,И. Сомони,Новостройка,Без ремонта (коробка),Раздельный,Есть,Построено,Есть
620000,2,55,1,Сино,Вторичный рынок,С ремонтом,Раздельный,Есть,Построено,Есть
620000,1,51,5,Другое,Новостройка,Без ремонта (коробка),Совмещенный,Есть,Построено,Нет
620000,2,46,3,Другое,Вторичный рынок,Новый ремонт,Раздельный,Есть,Построено,Есть
620000,1,69,10,И. Сомони,Новостройка,Без ремонта (коробка),Раздельный,Есть,На стадии строительства,Нет
620000,2,76,4,Другое,Новостройка,Новый ремонт,Раздельный,Нет,Построено,Есть
620000,2,83,10,Сино,Новостройка,Без ремонта (коробка),Раздельный,Есть,На стадии строительства,Нет
620000,2,46,4,Фирдавси,Вторичный рынок,Новый ремонт,Совмещенный,Есть,Построено,Есть
620000,2,91,8,И. Сомони,Новостройка,Без ремонта (коробка),Раздельный,Есть,На стадии строительства,Нет
620000,2,60,6,Сино,Новостройка,С ремонтом,Совмещенный,Нет,Построено,Есть
620000,1,74,14,И. Сомони,Новостройка,Без ремонта (коробка),Раздельный,Есть,На стадии строительства,Нет
620000,3,80,4,Другое,Вторичный рынок,С ремонтом,Раздельный,Нет,Построено,Есть
620000,2,50,10,Сино,Новостройка,С ремонтом,Раздельный,Есть,Построено,Нет
620000,1,72,9,И. Сомони,Новостройка,Без ремонта (коробка),Раздельный,Есть,Построено,Нет
620000,2,52,8,Сино,Новостройка,Новый ремонт,Раздельный,Нет,Построено,Есть
621000,1,54,8,Шохмансур,Новостройка,Без ремонта (коробка),Раздельный,Есть,Построено,Нет
621000,2,62,10,Шохмансур,Новостройка,С ремонтом,Раздельный,Есть,Построено,Нет
621500,2,74,16,Сино,Новостройка,Без ремонта (коробка),Раздельный,Есть,На стадии строительства,Нет
622000,2,61,10,Шохмансур,Новостройка,С ремонтом,Раздельный,Есть,Построено,Нет
622000,3,90,4,Сино,Новостройка,Без ремонта (коробка),Раздельный,Есть,На стадии строительства,Нет
622000,2,70,6,Сино,Новостройка,Новый ремонт,Раздельный,Нет,Построено,Есть
622000,5,100,1,Другое,Вторичный рынок,С ремонтом,Раздельный,Нет,Построено,Есть
623000,2,60,9,Сино,Новостройка,С ремонтом,Совмещенный,Нет,Построено,Нет
623000,2,61,10,Шохмансур,Новостройка,Без ремонта (коробка),Раздельный,Есть,Построено,Нет
624000,1,52,8,Шохмансур,Новостройка,Без ремонта (коробка),Совмещенный,Есть,Построено,Нет
624000,3,122,9,Сино,Новостройка,Без ремонта (коробка),Раздельный,Нет,На стадии строительства,Нет
625000,3,90,4,Другое,Новостройка,Новый ремонт,Раздельный,Есть,Построено,Есть
625000,3,76,5,Другое,Новостройка,Новый ремонт,Раздельный,Нет,Построено,Нет
625000,3,144,9,Сино,Новостройка,Без ремонта (коробка),Раздельный,Нет,Построено,Есть
625000,2,48,3,Фирдавси,Вторичный рынок,С ремонтом,Раздельный,Есть,Построено,Есть
625000,2,71,15,Шохмансур,Новостройка,Без ремонта (коробка),Раздельный,Есть,На стадии строительства,Есть
625000,2,62,10,И. Сомони,Новостройка,С ремонтом,Раздельный,Есть,Построено,Нет
625000,2,60,7,Сино,Новостройка,С ремонтом,Совмещенный,Есть,Построено,Есть
625890,2,67,8,Сино,Новостройка,Без ремонта (коробка),Раздельный,Есть,Построено,Нет
626000,2,61,10,И. Сомони,Новостройка,Без ремонта (коробка),Совмещенный,Есть,Построено,Нет
626000,2,61,11,Другое,Новостройка,Без ремонта (коробка),Раздельный,Есть,Построено,Нет
627000,1,61,14,Шохмансур,Новостройка,Без ремонта (коробка),Совмещенный,Есть,Построено,Нет
627000,2,61,10,Другое,Новостройка,Без ремонта (коробка),Раздельный,Есть,Построено,Нет
627750,1,54,8,Другое,Новостройка,Без ремонта (коробка),Раздельный,Есть,Построено,Нет
628000,1,54,8,Другое,Новостройка,Без ремонта (коробка),Раздельный,Есть,На стадии строительства,Нет
628000,1,54,11,И. Сомони,Новостройка,Без ремонта (коробка),Раздельный,Есть,На стадии строительства,Нет
628000,1,54,5,И. Сомони,Новостройка,Без ремонта (коробка),Раздельный,Есть,Построено,Нет
628000,1,54,5,Другое,Новостройка,Без ремонта (коробка),Совмещенный,Есть,Построено,Нет
628000,3,108,9,И. Сомони,Новостройка,Без ремонта (коробка),Раздельный,Есть,На стадии строительства,Нет
629000,1,93,17,Фирдавси,Новостройка,Без ремонта (коробка),Совмещенный,Есть,Построено,Нет
629000,2,54,4,Фирдавси,Вторичный рынок,Новый ремонт,Совмещенный,Нет,Построено,Есть
629000,2,60,8,Сино,Новостройка,Новый ремонт,Раздельный,Нет,Построено,Есть
629900,2,61,2,Другое,Новостройка,Без ремонта (коробка),Совмещенный,Есть,Построено,Нет
630000,2,55,15,Фирдавси,Новостройка,Без ремонта (коробка),Совмещенный,Есть,Построено,Есть
630000,2,67,9,Другое,Новостройка,Новый ремонт,Раздельный,Нет,Построено,Нет
630000,2,58,9,Шохмансур,Новостройка,Без ремонта (коробка),Раздельный,Есть,Построено,Нет
630000,2,61,3,И. Сомони,Новостройка,Новый ремонт,Раздельный,Нет,Построено,Нет
630000,5,97,3,Другое,Вторичный рынок,Без ремонта (коробка),Раздельный,Нет,Построено,Есть
630000,2,57,15,Другое,Новостройка,Без ремонта (коробка),Раздельный,Нет,Построено,Нет
630000,2,52,10,Фирдавси,Новостройка,С ремонтом,Раздельный,Есть,Построено,Нет
630000,2,61,3,Другое,Новостройка,Новый ремонт,Раздельный,Есть,Построено,Нет
630000,3,126,15,Сино,Новостройка,Без ремонта (коробка),Раздельный,Нет,Построено,Нет
630000,2,50,5,Фирдавси,Вторичный рынок,С ремонтом,Совмещенный,Нет,Построено,Есть
630000,3,110,5,Другое,Вторичный рынок,С ремонтом,Раздельный,Есть,Построено,Есть
630000,2,52,2,Сино,Новостройка,Новый ремонт,Раздельный,Нет,Построено,Нет
630000,2,52,4,Другое,Вторичный рынок,С ремонтом,Раздельный,Есть,Построено,Есть
630000,2,54,4,Фирдавси,Вторичный рынок,С ремонтом,Совмещенный,Есть,Построено,Есть
630000,1,62,13,Сино,Новостройка,Без ремонта (коробка),Совмещенный,Есть,Построено,Нет
630000,2,78,5,Другое,Новостройка,Новый ремонт,Раздельный,Нет,Построено,Нет
630000,3,89,4,Сино,Новостройка,Новый ремонт,Раздельный,Есть,Построено,Нет
630000,2,60,3,Другое,Вторичный рынок,С ремонтом,Раздельный,Есть,Построено,Есть
630000,3,90,9,Другое,Новостройка,Без ремонта (коробка),Раздельный,Нет,На стадии строительства,Нет
630000,2,83,13,Другое,Новостройка,Без ремонта (коробка),Раздельный,Есть,Построено,Нет
630000,2,69,12,Фирдавси,Новостройка,Без ремонта (коробка),Совмещенный,Нет,На стадии строительства,Нет
630000,1,57,9,Сино,Новостройка,Без ремонта (коробка),Совмещенный,Есть,Построено,Нет
630000,1,45,2,Шохмансур,Новостройка,Новый ремонт,Раздельный,Есть,Построено,Нет
630000,2,48,2,Сино,Вторичный рынок,С ремонтом,Раздельный,Есть,Построено,Есть
630000,2,55,15,Фирдавси,Вторичный рынок,Без ремонта (коробка),Совмещенный,Есть,Построено,Есть
630000,2,74,6,Шохмансур,Вторичный рынок,С ремонтом,Раздельный,Нет,Построено,Нет
630000,2,53,4,Сино,Новостройка,Новый ремонт,Раздельный,Есть,Построено,Есть
630000,2,80,3,Сино,Новостройка,С ремонтом,Раздельный,Есть,Построено,Нет
630000,2,79,9,Сино,Новостройка,Без ремонта (коробка),Раздельный,Есть,На стадии строительства,Нет
630000,2,60,8,Сино,Новостройка,Новый ремонт,Раздельный,Нет,Построено,Есть
630000,2,52,10,Фирдавси,Новостройка,Новый ремонт,Раздельный,Есть,Построено,Нет
630000,2,53,4,Другое,Новостройка,Новый ремонт,Раздельный,Есть,Построено,Есть
630000,3,63,7,Другое,Новостройка,Новый ремонт,Совмещенный,Нет,Построено,Нет
630000,2,61,3,Другое,Новостройка,Новый ремонт,Раздельный,Нет,Построено,Нет
630000,3,108,4,И. Сомони,Новостройка,Без ремонта (коробка),Раздельный,Есть,На стадии строительства,Нет
630000,3,104,4,Другое,Новостройка,Без ремонта (коробка),Раздельный,Нет,На стадии строительства,Нет
630000,2,90,2,Сино,Новостройка,Без ремонта (коробка),Раздельный,Нет,Построено,Есть
630000,3,60,2,Другое,Вторичный рынок,С ремонтом,Совмещенный,Есть,Построено,Есть
630000,2,56,9,Сино,Новостройка,Без ремонта (коробка),Совмещенный,Есть,Построено,Нет
630000,1,75,6,Сино,Новостройка,Без ремонта (коробка),Раздельный,Есть,На стадии строительства,Нет
630000,2,53,4,Сино,Новостройка,С ремонтом,Раздельный,Есть,Построено,Есть
630001,2,70,6,Сино,Новостройка,Без ремонта (коробка),Совмещенный,Есть,Построено,Нет
630500,2,77,11,Сино,Новостройка,Без ремонта (коробка),Раздельный,Есть,Построено,Нет
630500,3,97,12,Шохмансур,Новостройка,Без ремонта (коробка),Раздельный,Есть,На стадии строительства,Есть
632000,2,58,4,Сино,Вторичный рынок,Новый ремонт,Совмещенный,Есть,Построено,Есть
633333,2,65,5,Шохмансур,Новостройка,Без ремонта (коробка),Раздельный,Есть,На стадии строительства,Нет
634000,1,53,7,Другое,Новостройка,Без ремонта (коробка),Раздельный,Есть,На стадии строительства,Нет
635000,2,61,10,Другое,Новостройка,Без ремонта (коробка),Раздельный,Нет,На стадии строительства,Нет
635000,2,60,1,Сино,Вторичный рынок,Без ремонта (коробка),Раздельный,Есть,Построено,Есть
635000,2,71,15,Шохмансур,Новостройка,Без ремонта (коробка),Раздельный,Есть,На стадии строительства,Нет
635000,2,48,4,Сино,Вторичный рынок,С ремонтом,Раздельный,Есть,Построено,Есть
635000,2,48,3,Фирдавси,Вторичный рынок,С ремонтом,Совмещенный,Нет,Построено,Есть
635000,2,71,15,Другое,Новостройка,Без ремонта (коробка),Раздельный,Есть,На стадии строительства,Нет
635000,2,65,4,Шохмансур,Новостройка,Без ремонта (коробка),Раздельный,Есть,На стадии строительства,Нет
635000,2,110,16,Сино,Новостройка,Без ремонта (коробка),Раздельный,Есть,На стадии строительства,Нет
635000,2,58,3,Фирдавси,Вторичный рынок,С ремонтом,Совмещенный,Есть,Построено,Есть
635000,2,80,2,И. Сомони,Новостройка,Без ремонта (коробка),Раздельный,Есть,Построено,Нет
635000,3,98,8,Другое,Новостройка,Новый ремонт,Раздельный,Нет,Построено,Есть
635000,2,61,10,Другое,Новостройка,Без ремонта (коробка),Раздельный,Есть,Построено,Есть
635000,2,55,2,Сино,Вторичный рынок,С ремонтом,Раздельный,Есть,Построено,Есть
635000,2,53,10,Сино,Новостройка,Новый ремонт,Раздельный,Есть,Построено,Есть
635000,2,54,4,Сино,Вторичный рынок,Новый ремонт,Совмещенный,Есть,Построено,Есть
635000,2,59,1,Сино,Вторичный рынок,С ремонтом,Совмещенный,Есть,Построено,Есть
636000,1,54,8,Другое,Новостройка,Без ремонта (коробка),Раздельный,Есть,Построено,Нет
636126,2,57,3,Шохмансур,Новостройка,Без ремонта (коробка),Раздельный,Есть,Построено,Есть
637000,2,61,10,Другое,Новостройка,Без ремонта (коробка),Раздельный,Есть,Построено,Нет
637000,2,61,10,И. Сомони,Новостройка,Без ремонта (коробка),Раздельный,Есть,Построено,Нет
638000,1,71,9,Сино,Новостройка,Без ремонта (коробка),Раздельный,Есть,Построено,Нет
638000,1,54,8,Другое,Новостройка,Без ремонта (коробка),Раздельный,Есть,Построено,Нет
638000,2,90,11,Сино,Новостройка,Без ремонта (коробка),Совмещенный,Нет,На стадии строительства,Нет
638000,3,97,10,Шохмансур,Новостройка,Без ремонта (коробка),Раздельный,Есть,На стадии строительства,Нет
639000,2,49,4,Сино,Вторичный рынок,С ремонтом,Раздельный,Есть,Построено,Есть
639000,2,83,3,Другое,Новостройка,Без ремонта (коробка),Раздельный,Нет,На стадии строительства,Нет
639400,2,86,10,Другое,Новостройка,Без ремонта (коробка),Раздельный,Есть,На стадии строительства,Нет
640000,2,84,8,Сино,Новостройка,Без ремонта (коробка),Раздельный,Есть,На стадии строительства,Нет
640000,2,54,4,Другое,Вторичный рынок,С ремонтом,Совмещенный,Есть,Построено,Есть
640000,2,65,3,Шохмансур,Вторичный рынок,С ремонтом,Раздельный,Есть,Построено,Есть
640000,2,76,4,Шохмансур,Новостройка,Новый ремонт,Раздельный,Нет,Построено,Есть
640000,2,73,6,И. Сомони,Новостройка,Без ремонта (коробка),Раздельный,Нет,На стадии строительства,Нет
640000,4,98,12,Другое,Новостройка,Без ремонта (коробка),Раздельный,Нет,На стадии строительства,Нет
640000,2,60,4,Фирдавси,Новостройка,Без ремонта (коробка),Совмещенный,Нет,Построено,Нет
640000,2,106,16,Другое,Новостройка,Без ремонта (коробка),Раздельный,Есть,На стадии строительства,Нет
640000,1,53,10,И. Сомони,Новостройка,Без ремонта (коробка),Раздельный,Есть,Построено,Нет
640000,2,48,2,Фирдавси,Вторичный рынок,С ремонтом,Совмещенный,Есть,Построено,Есть
640000,2,51,4,Сино,Новостройка,Без ремонта (коробка),Раздельный,Есть,Построено,Нет
640000,3,74,2,Другое,Новостройка,Новый ремонт,Совмещенный,Нет,Построено,Есть
640000,4,134,5,Сино,Новостройка,Без ремонта (коробка),Раздельный,Нет,Построено,Нет
640000,2,50,3,Сино,Новостройка,С ремонтом,Раздельный,Есть,Построено,Нет
640000,2,52,3,Фирдавси,Вторичный рынок,С ремонтом,Совмещенный,Есть,Построено,Есть
640000,2,54,15,Фирдавси,Новостройка,С ремонтом,Раздельный,Есть,Построено,Есть
640000,2,53,14,Сино,Новостройка,Новый ремонт,Раздельный,Есть,Построено,Нет
640000,3,113,15,Сино,Новостройка,Без ремонта (коробка),Раздельный,Есть,На стадии строительства,Нет
640000,2,76,4,Другое,Вторичный рынок,Новый ремонт,Раздельный,Нет,Построено,Есть
640000,2,76,4,Другое,Новостройка,Новый ремонт,Раздельный,Нет,Построено,Есть
640000,2,48,12,Шохмансур,Новостройка,Новый ремонт,Совмещенный,Есть,Построено,Есть
640000,2,53,2,Шохмансур,Новостройка,Новый ремонт,Раздельный,Есть,Построено,Нет
640000,3,111,5,Сино,Новостройка,Без ремонта (коробка),Раздельный,Нет,Построено,Нет
640000,2,79,13,Сино,Новостройка,Без ремонта (коробка),Раздельный,Есть,На стадии строительства,Нет
640000,2,66,8,Другое,Новостройка,Новый ремонт,Совмещенный,Нет,Построено,Есть
640000,3,82,7,И. Сомони,Новостройка,Без ремонта (коробка),Раздельный,Есть,Построено,Нет
640000,2,53,2,Шохмансур,Новостройка,С ремонтом,Раздельный,Есть,Построено,Нет
640000,2,65,3,Шохмансур,Вторичный рынок,С ремонтом,Совмещенный,Есть,Построено,Есть
640000,2,75,5,Другое,Новостройка,Новый ремонт,Раздельный,Есть,Построено,Есть
640000,2,60,3,Сино,Вторичный рынок,С ремонтом,Раздельный,Нет,Построено,Есть
640000,2,55,9,Сино,Новостройка,С ремонтом,Раздельный,Нет,Построено,Есть
640000,2,60,3,Другое,Новостройка,Новый ремонт,Раздельный,Нет,Построено,Есть
640000,3,53,2,Другое,Вторичный рынок,С ремонтом,Совмещенный,Есть,Построено,Есть
640000,2,86,10,Шохмансур,Новостройка,Без ремонта (коробка),Совмещенный,Есть,Построено,Нет
641000,1,53,10,И. Сомони,Новостройка,Без ремонта (коробка),Совмещенный,Есть,Построено,Нет
642000,2,72,15,И. Сомони,Новостройка,Без ремонта (коробка),Раздельный,Есть,Построено,Нет
642000,2,52,3,Фирдавси,Вторичный рынок,С ремонтом,Совмещенный,Есть,Построено,Есть
644000,1,72,9,Шохмансур,Новостройка,Без ремонта (коробка),Раздельный,Есть,На стадии строительства,Нет
645000,2,60,3,Другое,Новостройка,Новый ремонт,Раздельный,Нет,Построено,Есть
645000,2,52,3,Фирдавси,Вторичный рынок,Новый ремонт,Раздельный,Есть,Построено,Есть
645000,2,55,4,Фирдавси,Вторичный рынок,С ремонтом,Раздельный,Есть,На стадии строительства,Есть
645000,1,53,8,Шохмансур,Новостройка,Новый ремонт,Совмещенный,Есть,Построено,Нет
645000,2,78,6,Сино,Новостройка,Новый ремонт,Раздельный,Нет,Построено,Нет
645000,3,82,6,И. Сомони,Новостройка,Без ремонта (коробка),Раздельный,Есть,На стадии строительства,Нет
645000,2,52,3,Фирдавси,Вторичный рынок,С ремонтом,Совмещенный,Есть,Построено,Есть
645000,3,108,4,И. Сомони,Новостройка,Без ремонта (коробка),Раздельный,Есть,На стадии строительства,Нет
645000,2,52,3,Другое,Вторичный рынок,С ремонтом,Совмещенный,Есть,Построено,Есть
645000,2,76,9,Сино,Новостройка,Новый ремонт,Раздельный,Есть,На стадии строительства,Есть
645000,3,74,9,Сино,Новостройка,Новый ремонт,Совмещенный,Нет,Построено,Нет
645840,3,108,12,Другое,Новостройка,Без ремонта (коробка),Раздельный,Нет,Построено,Нет
646000,2,85,8,Сино,Новостройка,Без ремонта (коробка),Раздельный,Есть,Построено,Нет
647000,3,55,2,И. Сомони,Вторичный рынок,С ремонтом,Совмещенный,Нет,Построено,Есть
648000,2,85,8,Сино,Новостройка,Без ремонта (коробка),Раздельный,Есть,На стадии строительства,Нет
648600,3,92,9,Сино,Новостройка,Без ремонта (коробка),Раздельный,Нет,На стадии строительства,Нет
649000,2,87,12,Другое,Новостройка,Без ремонта (коробка),Раздельный,Есть,На стадии строительства,Есть
649000,3,51,3,Сино,Новостройка,Новый ремонт,Раздельный,Есть,Построено,Есть
649000,3,85,10,Другое,Новостройка,Новый ремонт,Раздельный,Нет,Построено,Есть
649000,3,59,2,Сино,Новостройка,Новый ремонт,Совмещенный,Есть,Построено,Нет
649000,2,53,9,Сино,Новостройка,Новый ремонт,Раздельный,Есть,Построено,Есть
649000,2,62,9,Сино,Новостройка,Без ремонта (коробка),Раздельный,Есть,На стадии строительства,Нет
649000,2,70,9,Сино,Новостройка,Без ремонта (коробка),Раздельный,Есть,Построено,Нет
649000,3,83,2,Сино,Новостройка,Без ремонта (коробка),Раздельный,Нет,На стадии строительства,Нет
649900,2,72,9,Шохмансур,Новостройка,Без ремонта (коробка),Раздельный,Есть,Построено,Нет
650000,3,60,11,Сино,Новостройка,Новый ремонт,Раздельный,Есть,На стадии строительства,Есть
650000,3,70,6,Другое,Новостройка,С ремонтом,Раздельный,Нет,Построено,Есть
650000,1,60,8,Сино,Новостройка,С ремонтом,Раздельный,Есть,Построено,Есть
650000,1,78,11,Другое,Новостройка,Без ремонта (коробка),Раздельный,Есть,Построено,Нет
650000,2,55,6,Шохмансур,Новостройка,С ремонтом,Совмещенный,Есть,Построено,Нет
650000,3,82,5,Сино,Вторичный рынок,С ремонтом,Раздельный,Нет,Построено,Есть
650000,3,52,3,Другое,Вторичный рынок,С ремонтом,Совмещенный,Нет,Построено,Есть
650000,2,52,3,Другое,Вторичный рынок,С ремонтом,Совмещенный,Есть,Построено,Есть
650000,2,70,3,Сино,Новостройка,Новый ремонт,Совмещенный,Нет,Построено,Нет
650000,2,64,4,И. Сомони,Новостройка,Без ремонта (коробка),Раздельный,Есть,На стадии строительства,Нет
650000,3,76,10,Шохмансур,Новостройка,Новый ремонт,Раздельный,Нет,Построено,Есть
650000,2,49,2,Сино,Вторичный рынок,Новый ремонт,Раздельный,Есть,Построено,Есть
650000,3,65,6,Сино,Новостройка,Новый ремонт,Раздельный,Есть,Построено,Нет
650000,2,48,16,Фирдавси,Новостройка,Новый ремонт,Совмещенный,Есть,Построено,Есть
650000,2,56,2,Шохмансур,Вторичный рынок,Новый ремонт,Совмещенный,Нет,Построено,Есть
650000,3,96,11,Сино,Новостройка,Без ремонта (коробка),Раздельный,Нет,Построено,Нет
650000,3,85,5,Сино,Новостройка,Новый ремонт,Совмещенный,Есть,Построено,Нет
650000,2,54,6,Другое,Новостройка,С ремонтом,Раздельный,Есть,Построено,Нет
650000,3,83,10,Сино,Новостройка,Без ремонта (коробка),Раздельный,Есть,Построено,Нет
650000,2,76,9,Шохмансур,Новостройка,Без ремонта (коробка),Раздельный,Нет,Построено,Нет
650000,2,78,4,Сино,Новостройка,Без ремонта (коробка),Раздельный,Есть,Построено,Нет
650000,2,50,3,Другое,Вторичный рынок,С ремонтом,Раздельный,Нет,Построено,Есть
650000,2,65,16,Сино,Новостройка,Новый ремонт,Раздельный,Есть,Построено,Нет
650000,2,75,4,Сино,Новостройка,Новый ремонт,Совмещенный,Есть,Построено,Есть
650000,2,54,17,Другое,Новостройка,Новый ремонт,Совмещенный,Есть,Построено,Есть
650000,2,100,5,Другое,Новостройка,С ремонтом,Раздельный,Есть,Построено,Есть
650000,2,52,3,Сино,Вторичный рынок,С ремонтом,Раздельный,Есть,Построено,Есть
650000,2,53,2,Шохмансур,Новостройка,Новый ремонт,Раздельный,Есть,Построено,Нет
650000,2,55,3,Другое,Вторичный рынок,С ремонтом,Раздельный,Есть,Построено,Есть
650000,1,42,3,Другое,Вторичный рынок,Новый ремонт,Раздельный,Есть,Построено,Есть
650000,4,100,13,Сино,Новостройка,Без ремонта (коробка),Раздельный,Есть,На стадии строительства,Нет
650000,2,48,12,Шохмансур,Новостройка,Новый ремонт,Раздельный,Есть,Построено,Есть
650000,2,65,11,Сино,Новостройка,С ремонтом,Раздельный,Нет,Построено,Есть
650000,2,66,11,Сино,Новостройка,С ремонтом,Раздельный,Нет,Построено,Есть
650000,2,53,12,Фирдавси,Новостройка,С ремонтом,Совмещенный,Есть,Построено,Есть
650000,2,71,10,Фирдавси,Новостройка,Без ремонта (коробка),Раздельный,Есть,Построено,Нет
650000,2,75,13,Другое,Новостройка,Новый ремонт,Раздельный,Нет,Построено,Есть
650000,2,54,2,Шохмансур,Вторичный рынок,Новый ремонт,Раздельный,Нет,Построено,Есть
650000,2,55,5,Сино,Новостройка,С ремонтом,Раздельный,Есть,Построено,Нет
650000,2,70,7,Другое,Новостройка,С ремонтом,Раздельный,Нет,Построено,Нет
650000,4,126,10,Другое,Новостройка,Без ремонта (коробка),Совмещенный,Есть,На стадии строительства,Есть
650000,3,90,5,Сино,Новостройка,Новый ремонт,Раздельный,Нет,Построено,Есть
650000,2,53,14,Другое,Новостройка,Новый ремонт,Раздельный,Нет,Построено,Есть
650000,3,98,10,Другое,Новостройка,Без ремонта (коробка),Совмещенный,Нет,Построено,Нет
650000,2,45,3,Другое,Вторичный рынок,Новый ремонт,Раздельный,Есть,Построено,Есть
650000,2,51,1,И. Сомони,Вторичный рынок,С ремонтом,Раздельный,Нет,Построено,Есть
650000,2,99,13,Шохмансур,Новостройка,Без ремонта (коробка),Раздельный,Есть,На стадии строительства,Нет
650000,3,70,6,Другое,Новостройка,Новый ремонт,Раздельный,Нет,Построено,Нет
650000,2,65,1,Сино,Новостройка,Новый ремонт,Раздельный,Есть,Построено,Есть
650000,3,98,8,Другое,Новостройка,Новый ремонт,Раздельный,Нет,Построено,Есть
650000,3,90,3,Другое,Вторичный рынок,Новый ремонт,Раздельный,Нет,Построено,Есть
650000,3,58,3,Фирдавси,Вторичный рынок,С ремонтом,Совмещенный,Есть,Построено,Есть
650000,1,46,1,Фирдавси,Вторичный рынок,С ремонтом,Совмещенный,Есть,Построено,Есть
650000,2,60,14,Сино,Новостройка,Новый ремонт,Раздельный,Нет,Построено,Есть
650000,2,63,11,Сино,Новостройка,Новый ремонт,Совмещенный,Есть,Построено,Есть
650000,1,61,9,Шохмансур,Новостройка,Без ремонта (коробка),Раздельный,Есть,На стадии строительства,Нет
650000,2,55,3,Фирдавси,Вторичный рынок,С ремонтом,Раздельный,Нет,Построено,Есть
650000,3,82,7,И. Сомони,Новостройка,Без ремонта (коробка),Раздельный,Есть,Построено,Нет
650000,3,65,6,Сино,Новостройка,Новый ремонт,Раздельный,Нет,Построено,Нет
650000,2,53,3,Сино,Вторичный рынок,С ремонтом,Раздельный,Нет,Построено,Есть
650000,1,57,3,Шохмансур,Новостройка,Без ремонта (коробка),Совмещенный,Есть,Построено,Есть
650000,2,89,14,Сино,Новостройка,Без ремонта (коробка),Раздельный,Есть,Построено,Нет
650000,3,60,6,Сино,Вторичный рынок,Новый ремонт,Совмещенный,Есть,Построено,Есть
650000,2,54,12,Сино,Новостройка,Новый ремонт,Раздельный,Есть,Построено,Нет
650000,4,94,3,Другое,Вторичный рынок,Новый ремонт,Раздельный,Нет,Построено,Есть
650000,2,73,16,Другое,Новостройка,Без ремонта (коробка),Раздельный,Есть,Построено,Нет
650000,2,67,11,Другое,Новостройка,Новый ремонт,Совмещенный,Нет,Построено,Нет
650000,2,75,3,Сино,Новостройка,Новый ремонт,Совмещенный,Нет,Построено,Есть
650000,1,50,4,Фирдавси,Новостройка,С ремонтом,Совмещенный,Есть,Построено,Нет
650000,2,70,3,Сино,Новостройка,Новый ремонт,Раздельный,Нет,Построено,Нет
650000,2,45,4,Сино,Вторичный рынок,С ремонтом,Совмещенный,Нет,Построено,Есть
650000,4,96,7,Другое,Новостройка,Без ремонта (коробка),Раздельный,Нет,Построено,Есть
650000,3,100,6,Другое,Новостройка,Новый ремонт,Раздельный,Нет,Построено,Есть
650000,2,44,14,Сино,Новостройка,Новый ремонт,Раздельный,Есть,Построено,Нет
650000,3,57,2,И. Сомони,Вторичный рынок,С ремонтом,Совмещенный,Нет,Построено,Есть
650000,2,60,1,Сино,Новостройка,Новый ремонт,Совмещенный,Есть,Построено,Есть
650000,2,54,2,Шохмансур,Вторичный рынок,Новый ремонт,Совмещенный,Нет,Построено,Есть
650000,3,69,7,Другое,Новостройка,Новый ремонт,Раздельный,Нет,Построено,Нет
650000,3,106,2,Сино,Новостройка,Без ремонта (коробка),Раздельный,Нет,Построено,Есть
650000,3,51,2,И. Сомони,Вторичный рынок,С ремонтом,Совмещенный,Нет,Построено,Есть
650000,2,71,2,Сино,Новостройка,Новый ремонт,Совмещенный,Нет,Построено,Нет
650000,2,58,12,Сино,Новостройка,Новый ремонт,Раздельный,Есть,Построено,Есть
650000,3,93,12,Фирдавси,Новостройка,Без ремонта (коробка),Раздельный,Есть,Построено,Нет
650000,3,68,1,Сино,Вторичный рынок,С ремонтом,Раздельный,Есть,Построено,Есть
650000,2,72,4,Сино,Новостройка,Без ремонта (коробка),Раздельный,Есть,Построено,Нет
650000,2,72,6,Сино,Новостройка,Новый ремонт,Раздельный,Есть,Построено,Есть
650000,2,75,16,Шохмансур,Новостройка,Без ремонта (коробка),Совмещенный,Нет,На стадии строительства,Нет
650000,2,48,12,Шохмансур,Новостройка,Новый ремонт,Совмещенный,Есть,Построено,Есть
650000,2,47,5,Сино,Вторичный рынок,С ремонтом,Раздельный,Есть,Построено,Есть
650000,3,90,1,Сино,Новостройка,С ремонтом,Раздельный,Нет,Построено,Есть
650000,1,69,11,И. Сомони,Новостройка,Без ремонта (коробка),Совмещенный,Есть,Построено,Нет
650000,3,50,3,Другое,Вторичный рынок,С ремонтом,Совмещенный,Есть,Построено,Есть
650000,2,90,10,Фирдавси,Новостройка,Без ремонта (коробка),Раздельный,Есть,Построено,Нет
650000,2,48,16,Фирдавси,Новостройка,С ремонтом,Совмещенный,Есть,Построено,Есть
650000,3,75,9,Сино,Новостройка,Новый ремонт,Совмещенный,Нет,Построено,Нет
650000,2,50,3,Сино,Вторичный рынок,С ремонтом,Раздельный,Есть,Построено,Есть
650000,4,62,14,Другое,Новостройка,Без ремонта (коробка),Раздельный,Есть,Построено,Есть
650000,2,62,1,Другое,Новостройка,С ремонтом,Раздельный,Есть,Построено,Есть
650000,4,83,5,Сино,Вторичный рынок,С ремонтом,Раздельный,Нет,Построено,Есть
650000,2,83,12,Другое,Новостройка,Без ремонта (коробка),Раздельный,Есть,Построено,Есть
650000,2,52,5,Фирдавси,Новостройка,Новый ремонт,Совмещенный,Есть,Построено,Есть
650000,2,63,11,Сино,Новостройка,Новый ремонт,Раздельный,Есть,Построено,Нет
650000,2,57,3,Сино,Вторичный рынок,С ремонтом,Раздельный,Есть,Построено,Есть
650000,1,63,11,Сино,Новостройка,Без ремонта (коробка),Совмещенный,Есть,На стадии строительства,Нет
650000,4,83,12,Другое,Новостройка,Новый ремонт,Раздельный,Нет,Построено,Нет
650000,3,54,2,Другое,Вторичный рынок,С ремонтом,Совмещенный,Есть,Построено,Есть
650000,3,86,6,Другое,Новостройка,С ремонтом,Совмещенный,Есть,Построено,Есть
650000,5,85,4,Другое,Вторичный рынок,С ремонтом,Раздельный,Нет,Построено,Есть
650000,2,69,9,И. Сомони,Новостройка,Без ремонта (коробка),Совмещенный,Есть,Построено,Нет
650000,2,55,8,Фирдавси,Новостройка,С ремонтом,Раздельный,Есть,Построено,Нет
650000,2,62,3,Шохмансур,Новостройка,Без ремонта (коробка),Раздельный,Есть,Построено,Есть
650000,3,48,2,Другое,Вторичный рынок,С ремонтом,Совмещенный,Есть,Построено,Есть
651000,1,75,6,Другое,Новостройка,Без ремонта (коробка),Раздельный,Нет,Построено,Нет
652000,2,91,14,Шохмансур,Новостройка,Без ремонта (коробка),Раздельный,Есть,На стадии строительства,Нет
652000,2,71,3,Другое,Новостройка,Новый ремонт,Совмещенный,Есть,Построено,Нет
652000,2,53,2,Сино,Вторичный рынок,С ремонтом,Раздельный,Есть,Построено,Есть
652000,2,62,3,Шохмансур,Новостройка,Без ремонта (коробка),Раздельный,Есть,Построено,Нет
653000,1,54,11,И. Сомони,Новостройка,Без ремонта (коробка),Совмещенный,Есть,Построено,Нет
655000,1,69,6,И. Сомони,Новостройка,Без ремонта (коробка),Раздельный,Есть,Построено,Нет
655000,3,77,9,Сино,Новостройка,Новый ремонт,Совмещенный,Нет,Построено,Нет
655000,2,53,2,Шохмансур,Новостройка,Новый ремонт,Раздельный,Есть,Построено,Нет
655000,2,62,2,Шохмансур,Новостройка,Новый ремонт,Раздельный,Есть,Построено,Нет
655000,1,55,5,И. Сомони,Новостройка,Без ремонта (коробка),Совмещенный,Есть,Построено,Нет
655000,3,54,6,Другое,Новостройка,С ремонтом,Раздельный,Есть,Построено,Нет
655000,3,128,11,Шохмансур,Новостройка,Без ремонта (коробка),Раздельный,Есть,На стадии строительства,Нет
655000,2,84,5,Сино,Новостройка,Новый ремонт,Раздельный,Нет,Построено,Есть
655000,2,60,15,Фирдавси,Новостройка,Новый ремонт,Раздельный,Есть,Построено,Нет
655000,2,60,2,Фирдавси,Вторичный рынок,С ремонтом,Раздельный,Есть,Построено,Есть
655000,2,52,11,Другое,Новостройка,С ремонтом,Раздельный,Есть,Построено,Нет
655000,2,57,12,Сино,Новостройка,Новый ремонт,Раздельный,Есть,Построено,Есть
655000,2,54,2,Фирдавси,Вторичный рынок,Без ремонта (коробка),Раздельный,Есть,Построено,Есть
655000,2,53,2,Шохмансур,Вторичный рынок,Новый ремонт,Раздельный,Есть,Построено,Нет
655000,2,82,7,Фирдавси,Новостройка,Без ремонта (коробка),Раздельный,Нет,Построено,Нет
655000,2,57,3,Фирдавси,Новостройка,С ремонтом,Раздельный,Есть,Построено,Есть
655000,2,1,2,Фирдавси,Вторичный рынок,С ремонтом,Раздельный,Есть,Построено,Есть
655000,2,54,6,Другое,Новостройка,С ремонтом,Раздельный,Есть,Построено,Нет
655000,2,78,6,Сино,Новостройка,Новый ремонт,Раздельный,Нет,Построено,Нет
655440,2,92,15,Сино,Новостройка,Без ремонта (коробка),Раздельный,Есть,На стадии строительства,Нет
656000,2,90,6,Фирдавси,Новостройка,Без ремонта (коробка),Раздельный,Нет,На стадии строительства,Нет
656500,1,54,5,Другое,Новостройка,Без ремонта (коробка),Раздельный,Есть,На стадии строительства,Нет
657000,2,58,9,Шохмансур,Новостройка,Без ремонта (коробка),Раздельный,Есть,Построено,Нет
657000,2,88,14,И. Сомони,Новостройка,Без ремонта (коробка),Раздельный,Нет,Построено,Есть
658000,2,55,4,Фирдавси,Вторичный рынок,С ремонтом,Раздельный,Есть,Построено,Есть
659000,2,59,11,Сино,Новостройка,Новый ремонт,Раздельный,Есть,Построено,Нет
659000,1,41,2,И. Сомони,Новостройка,Новый ремонт,Совмещенный,Есть,Построено,Нет
659000,2,75,3,Другое,Новостройка,Новый ремонт,Раздельный,Нет,Построено,Нет
659000,2,76,3,Другое,Вторичный рынок,Новый ремонт,Раздельный,Есть,Построено,Нет
659000,2,85,7,Сино,Новостройка,Без ремонта (коробка),Раздельный,Есть,На стадии строительства,Нет
659000,2,55,10,Другое,Новостройка,Новый ремонт,Раздельный,Есть,Построено,Нет
659999,2,58,3,Шохмансур,Новостройка,Без ремонта (коробка),Раздельный,Есть,Построено,Нет
659999,2,58,11,Сино,Новостройка,Новый ремонт,Раздельный,Нет,Построено,Есть
660000,2,75,4,Другое,Новостройка,Новый ремонт,Совмещенный,Есть,Построено,Есть
660000,2,48,10,Другое,Новостройка,С ремонтом,Совмещенный,Есть,Построено,Нет
660000,2,54,17,Другое,Новостройка,Новый ремонт,Раздельный,Есть,Построено,Есть
660000,2,47,8,Другое,Новостройка,С ремонтом,Раздельный,Есть,Построено,Нет
660000,2,82,5,Другое,Новостройка,Без ремонта (коробка),Совмещенный,Нет,На стадии строительства,Нет
660000,2,46,1,Сино,Вторичный рынок,С ремонтом,Раздельный,Есть,Построено,Есть
660000,2,57,11,Сино,Новостройка,Новый ремонт,Раздельный,Есть,Построено,Нет
660000,2,48,3,Сино,Вторичный рынок,С ремонтом,Раздельный,Есть,Построено,Есть
660000,2,60,6,Сино,Новостройка,С ремонтом,Раздельный,Нет,Построено,Есть
660000,2,52,11,Другое,Новостройка,Новый ремонт,Раздельный,Нет,Построено,Нет
660000,1,53,9,И. Сомони,Новостройка,С ремонтом,Совмещенный,Есть,Построено,Нет
660000,2,64,11,Фирдавси,Новостройка,Новый ремонт,Раздельный,Есть,Построено,Нет
660000,3,87,7,Сино,Новостройка,Без ремонта (коробка),Раздельный,Нет,На стадии строительства,Нет
660000,2,85,9,Сино,Новостройка,Без ремонта (коробка),Раздельный,Есть,На стадии строительства,Нет
660000,2,90,12,Фирдавси,Новостройка,Без ремонта (коробка),Раздельный,Есть,На стадии строительства,Нет
660000,1,52,11,И. Сомони,Новостройка,Без ремонта (коробка),Раздельный,Нет,Построено,Нет
660000,2,57,4,Сино,Вторичный рынок,С ремонтом,Раздельный,Есть,Построено,Есть
660000,3,107,4,И. Сомони,Новостройка,Без ремонта (коробка),Раздельный,Есть,На стадии строительства,Нет
660000,2,58,9,Шохмансур,Новостройка,Без ремонта (коробка),Раздельный,Есть,Построено,Нет
660000,3,87,6,Сино,Новостройка,Без ремонта (коробка),Раздельный,Нет,На стадии строительства,Нет
660000,2,48,10,И. Сомони,Новостройка,Новый ремонт,Совмещенный,Есть,Построено,Нет
660000,2,58,9,Шохмансур,Новостройка,С ремонтом,Раздельный,Есть,Построено,Нет
660000,2,65,2,Сино,Вторичный рынок,С ремонтом,Раздельный,Есть,Построено,Есть
660000,2,53,2,Шохмансур,Новостройка,Новый ремонт,Раздельный,Есть,Построено,Нет
660000,1,57,6,Сино,Новостройка,Новый ремонт,Раздельный,Нет,Построено,Нет
660000,2,45,12,Шохмансур,Новостройка,С ремонтом,Совмещенный,Есть,Построено,Есть
660000,2,49,4,Сино,Вторичный рынок,С ремонтом,Раздельный,Есть,Построено,Есть
660000,2,50,2,Фирдавси,Вторичный рынок,Новый ремонт,Раздельный,Нет,Построено,Есть
660000,2,55,2,Фирдавси,Новостройка,С ремонтом,Раздельный,Есть,Построено,Есть
660000,3,108,4,И. Сомони,Новостройка,Без ремонта (коробка),Раздельный,Есть,На стадии строительства,Нет
660000,2,50,2,Сино,Вторичный рынок,С ремонтом,Совмещенный,Есть,Построено,Есть
660000,3,93,12,Фирдавси,Новостройка,Без ремонта (коробка),Раздельный,Есть,Построено,Нет
660000,3,100,6,Другое,Новостройка,Без ремонта (коробка),Совмещенный,Нет,Построено,Нет
660000,3,75,12,Сино,Новостройка,С ремонтом,Раздельный,Нет,Построено,Нет
660000,2,58,6,Шохмансур,Новостройка,Новый ремонт,Раздельный,Есть,Построено,Нет
660000,2,110,6,Сино,Вторичный рынок,Без ремонта (коробка),Раздельный,Есть,Построено,Нет
660000,2,71,6,Шохмансур,Новостройка,Без ремонта (коробка),Раздельный,Есть,На стадии строительства,Нет
660000,2,50,4,Сино,Вторичный рынок,С ремонтом,Совмещенный,Есть,Построено,Есть
660000,2,48,3,Фирдавси,Вторичный рынок,С ремонтом,Совмещенный,Есть,Построено,Есть
660000,3,58,6,Шохмансур,Новостройка,Новый ремонт,Раздельный,Есть,Построено,Нет
660000,2,76,4,Сино,Новостройка,Новый ремонт,Раздельный,Есть,Построено,Нет
660000,1,63,12,Шохмансур,Новостройка,Без ремонта (коробка),Раздельный,Есть,Построено,Нет
660000,1,68,6,Шохмансур,Новостройка,Без ремонта (коробка),Раздельный,Есть,На стадии строительства,Нет
660000,2,58,11,Сино,Новостройка,Новый ремонт,Раздельный,Есть,Построено,Есть
660000,2,53,2,Шохмансур,Новостройка,Новый ремонт,Раздельный,Нет,Построено,Нет
660000,2,58,3,Шохмансур,Новостройка,Без ремонта (коробка),Раздельный,Есть,Построено,Нет
660002,2,58,9,Шохмансур,Новостройка,Без ремонта (коробка),Раздельный,Нет,Построено,Нет
660099,2,57,6,Шохмансур,Новостройка,Без ремонта (коробка),Раздельный,Есть,Построено,Нет
661500,3,90,17,Шохмансур,Новостройка,Без ремонта (коробка),Раздельный,Есть,На стадии строительства,Нет
662000,2,90,8,Сино,Новостройка,Без ремонта (коробка),Совмещенный,Нет,На стадии строительства,Нет
662000,2,86,3,Другое,Новостройка,Без ремонта (коробка),Совмещенный,Нет,Построено,Нет
662000,1,71,15,И. Сомони,Новостройка,Без ремонта (коробка),Раздельный,Есть,На стадии строительства,Нет
662000,2,85,10,Сино,Новостройка,Без ремонта (коробка),Раздельный,Нет,На стадии строительства,Есть
663000,3,71,6,Фирдавси,Новостройка,Без ремонта (коробка),Раздельный,Есть,Построено,Есть
663000,3,123,9,Другое,Новостройка,Без ремонта (коробка),Раздельный,Есть,На стадии строительства,Нет
664000,1,68,6,Шохмансур,Новостройка,Без ремонта (коробка),Раздельный,Есть,Построено,Нет
665000,1,41,2,Другое,Новостройка,Новый ремонт,Совмещенный,Есть,Построено,Есть
665000,3,63,5,Сино,Новостройка,С ремонтом,Раздельный,Есть,Построено,Есть
665000,2,62,4,Сино,Вторичный рынок,Новый ремонт,Раздельный,Есть,Построено,Есть
665000,2,48,4,Сино,Вторичный рынок,Новый ремонт,Раздельный,Есть,Построено,Есть
665000,2,95,8,Сино,Новостройка,Без ремонта (коробка),Совмещенный,Нет,На стадии строительства,Нет
665000,1,41,2,И. Сомони,Новостройка,С ремонтом,Совмещенный,Есть,Построено,Есть
665000,2,88,6,Другое,Новостройка,Без ремонта (коробка),Раздельный,Есть,На стадии строительства,Нет
665000,2,70,6,Фирдавси,Новостройка,Без ремонта (коробка),Раздельный,Есть,Построено,Нет
665000,2,71,10,Фирдавси,Новостройка,Без ремонта (коробка),Раздельный,Есть,Построено,Есть
665000,1,41,2,Другое,Новостройка,С ремонтом,Раздельный,Есть,Построено,Есть
665000,3,70,6,Фирдавси,Новостройка,Без ремонта (коробка),Раздельный,Есть,Построено,Нет
665000,2,71,13,Другое,Новостройка,Без ремонта (коробка),Раздельный,Есть,Построено,Есть
665000,2,49,10,Фирдавси,Новостройка,Новый ремонт,Совмещенный,Нет,Построено,Нет
665000,3,107,8,Сино,Новостройка,Без ремонта (коробка),Раздельный,Есть,На стадии строительства,Нет
665000,1,41,2,Другое,Новостройка,С ремонтом,Совмещенный,Есть,Построено,Есть
665000,2,55,3,Фирдавси,Вторичный рынок,С ремонтом,Раздельный,Есть,Построено,Есть
665000,3,70,2,И. Сомони,Вторичный рынок,С ремонтом,Раздельный,Нет,Построено,Есть
665000,2,57,16,Сино,Новостройка,С ремонтом,Раздельный,Есть,Построено,Есть
665000,2,57,5,Другое,Новостройка,С ремонтом,Раздельный,Нет,Построено,Есть
666000,1,48,10,Шохмансур,Новостройка,Новый ремонт,Совмещенный,Есть,Построено,Нет
666000,2,87,10,Другое,Новостройка,Без ремонта (коробка),Раздельный,Нет,На стадии строительства,Нет
666000,2,87,10,Другое,Новостройка,Без ремонта (коробка),Раздельный,Есть,На стадии строительства,Нет
666000,1,61,10,Другое,Новостройка,Без ремонта (коробка),Совмещенный,Есть,Построено,Нет
667000,2,76,11,Сино,Новостройка,Без ремонта (коробка),Раздельный,Есть,На стадии строительства,Нет
669000,2,52,11,Другое,Новостройка,Новый ремонт,Совмещенный,Нет,Построено,Нет
669000,3,96,13,Другое,Новостройка,Без ремонта (коробка),Раздельный,Есть,Построено,Нет
669000,2,48,2,Фирдавси,Вторичный рынок,С ремонтом,Раздельный,Есть,Построено,Есть
669000,2,46,10,Шохмансур,Новостройка,С ремонтом,Совмещенный,Есть,Построено,Нет
669000,2,52,11,Другое,Новостройка,Новый ремонт,Совмещенный,Есть,Построено,Нет
669999,2,57,6,Сино,Новостройка,С ремонтом,Раздельный,Есть,Построено,Есть
670000,4,144,8,Сино,Новостройка,Новый ремонт,Совмещенный,Нет,Построено,Есть
670000,3,85,7,Шохмансур,Новостройка,Без ремонта (коробка),Раздельный,Есть,Построено,Нет
670000,2,62,3,Шохмансур,Новостройка,Без ремонта (коробка),Раздельный,Есть,Построено,Нет
670000,2,46,9,Сино,Вторичный рынок,С ремонтом,Раздельный,Есть,Построено,Есть
670000,1,62,9,Сино,Новостройка,Без ремонта (коробка),Совмещенный,Есть,Построено,Нет
670000,3,81,9,Фирдавси,Новостройка,Без ремонта (коробка),Раздельный,Есть,Построено,Нет
670000,2,45,8,Шохмансур,Новостройка,С ремонтом,Раздельный,Есть,Построено,Есть
670000,2,45,8,Шохмансур,Новостройка,С ремонтом,Совмещенный,Есть,Построено,Есть
670000,2,71,3,Другое,Новостройка,Новый ремонт,Совмещенный,Есть,Построено,Есть
670000,3,71,3,Другое,Новостройка,Новый ремонт,Совмещенный,Есть,Построено,Нет
670000,3,62,10,Другое,Новостройка,Новый ремонт,Раздельный,Есть,Построено,Нет
670000,2,80,6,Сино,Новостройка,Новый ремонт,Совмещенный,Есть,Построено,Есть
670000,2,87,6,Сино,Вторичный рынок,Без ремонта (коробка),Раздельный,Нет,На стадии строительства,Нет
670000,3,107,4,Другое,Новостройка,Без ремонта (коробка),Раздельный,Есть,На стадии строительства,Нет
670000,3,71,3,Сино,Новостройка,Новый ремонт,Совмещенный,Есть,Построено,Нет
670000,1,48,2,Сино,Новостройка,С ремонтом,Совмещенный,Нет,Построено,Есть
670000,2,73,1,Другое,Новостройка,Новый ремонт,Совмещенный,Нет,Построено,Есть
670000,3,81,9,Фирдавси,Новостройка,Без ремонта (коробка),Раздельный,Нет,На стадии строительства,Нет
670000,2,63,2,Фирдавси,Вторичный рынок,С ремонтом,Раздельный,Есть,На стадии строительства,Есть
670000,2,71,3,Сино,Новостройка,Новый ремонт,Совмещенный,Есть,Построено,Есть
670000,2,46,9,Сино,Новостройка,С ремонтом,Совмещенный,Есть,Построено,Есть
670000,3,51,3,Сино,Вторичный рынок,С ремонтом,Раздельный,Есть,Построено,Есть
670000,3,91,9,Шохмансур,Новостройка,Без ремонта (коробка),Раздельный,Есть,На стадии строительства,Нет
670000,2,57,4,Сино,Новостройка,С ремонтом,Раздельный,Есть,Построено,Есть
670000,2,53,1,Фирдавси,Вторичный рынок,Новый ремонт,Раздельный,Есть,Построено,Есть
670000,2,49,10,Другое,Новостройка,С ремонтом,Совмещенный,Есть,Построено,Нет
670000,3,94,14,Сино,Новостройка,Без ремонта (коробка),Раздельный,Есть,Построено,Нет
670000,3,90,11,Другое,Новостройка,Без ремонта (коробка),Раздельный,Нет,На стадии строительства,Нет
670000,2,60,3,Сино,Новостройка,Новый ремонт,Раздельный,Нет,Построено,Есть
670000,2,72,5,Сино,Новостройка,Без ремонта (коробка),Раздельный,Есть,На стадии строительства,Нет
670000,2,44,2,Сино,Вторичный рынок,Новый ремонт,Раздельный,Есть,Построено,Есть
670000,2,84,5,Сино,Новостройка,Новый ремонт,Раздельный,Нет,Построено,Есть
670000,3,67,18,Шохмансур,Новостройка,Без ремонта (коробка),Раздельный,Есть,На стадии строительства,Есть
670000,2,57,9,Сино,Новостройка,С ремонтом,Раздельный,Есть,Построено,Нет
670000,2,57,5,Сино,Вторичный рынок,Новый ремонт,Раздельный,Есть,Построено,Есть
670000,3,85,6,Сино,Новостройка,Без ремонта (коробка),Раздельный,Есть,Построено,Есть
670000,3,71,3,Сино,Новостройка,С ремонтом,Совмещенный,Есть,Построено,Нет
670000,2,59,11,Сино,Новостройка,Новый ремонт,Раздельный,Есть,Построено,Нет
670000,2,57,5,Сино,Вторичный рынок,С ремонтом,Раздельный,Есть,Построено,Есть
670000,2,50,6,Сино,Новостройка,С ремонтом,Совмещенный,Есть,Построено,Нет
670000,3,77,13,Фирдавси,Новостройка,Без ремонта (коробка),Совмещенный,Есть,Построено,Нет
670000,5,160,5,Шохмансур,Новостройка,С ремонтом,Раздельный,Нет,Построено,Есть
670000,2,56,6,Сино,Новостройка,Новый ремонт,Раздельный,Нет,Построено,Есть
670000,2,73,5,Сино,Новостройка,Новый ремонт,Раздельный,Нет,Построено,Есть
670000,1,62,3,Шохмансур,Новостройка,Без ремонта (коробка),Раздельный,Есть,Построено,Нет
670000,2,90,12,Фирдавси,Новостройка,Без ремонта (коробка),Раздельный,Есть,На стадии строительства,Нет
670000,2,52,2,Сино,Вторичный рынок,С ремонтом,Раздельный,Есть,Построено,Есть
670001,2,55,3,Сино,Вторичный рынок,С ремонтом,Раздельный,Есть,Построено,Есть
670001,2,40,3,Сино,Вторичный рынок,С ремонтом,Раздельный,Есть,Построено,Есть
670999,1,61,3,Шохмансур,Новостройка,Без ремонта (коробка),Раздельный,Есть,Построено,Нет
671000,3,90,8,Другое,Новостройка,Новый ремонт,Раздельный,Нет,Построено,Нет
673000,2,84,15,И. Сомони,Новостройка,Без ремонта (коробка),Раздельный,Есть,На стадии строительства,Есть
674000,2,97,14,И. Сомони,Новостройка,Без ремонта (коробка),Раздельный,Есть,Построено,Нет
675000,1,58,18,Шохмансур,Новостройка,Без ремонта (коробка),Раздельный,Есть,Построено,Есть
675000,2,65,8,Сино,Новостройка,С ремонтом,Раздельный,Есть,Построено,Нет
675000,2,58,4,Сино,Вторичный рынок,С ремонтом,Совмещенный,Есть,Построено,Есть
675000,2,58,4,Фирдавси,Вторичный рынок,С ремонтом,Совмещенный,Есть,Построено,Есть
675000,2,64,12,Сино,Новостройка,Новый ремонт,Раздельный,Есть,Построено,Нет
675000,2,90,8,Сино,Новостройка,Без ремонта (коробка),Раздельный,Есть,Построено,Нет
675000,2,71,15,Шохмансур,Новостройка,Без ремонта (коробка),Раздельный,Есть,На стадии строительства,Нет
675000,3,58,6,Другое,Новостройка,Новый ремонт,Раздельный,Нет,Построено,Нет
675000,2,85,10,И. Сомони,Новостройка,Без ремонта (коробка),Раздельный,Есть,На стадии строительства,Нет
675000,3,78,7,Другое,Новостройка,Новый ремонт,Раздельный,Нет,Построено,Есть
675000,2,64,14,Сино,Новостройка,С ремонтом,Раздельный,Есть,Построено,Нет
675000,2,44,2,Другое,Вторичный рынок,Новый ремонт,Раздельный,Есть,Построено,Есть
675000,2,85,10,Сино,Новостройка,Новый ремонт,Раздельный,Есть,Построено,Есть
675000,3,58,6,Шохмансур,Новостройка,Новый ремонт,Раздельный,Нет,Построено,Нет
675000,3,85,10,Сино,Новостройка,Новый ремонт,Раздельный,Есть,Построено,Есть
675000,2,58,16,Сино,Новостройка,Новый ремонт,Раздельный,Есть,Построено,Нет
675000,2,54,10,Фирдавси,Новостройка,С ремонтом,Раздельный,Нет,Построено,Есть
675000,2,48,3,Фирдавси,Вторичный рынок,С ремонтом,Совмещенный,Есть,Построено,Есть
675000,2,82,12,Сино,Новостройка,Без ремонта (коробка),Раздельный,Есть,На стадии строительства,Нет
675000,2,56,12,Сино,Новостройка,С ремонтом,Раздельный,Есть,Построено,Нет
675000,3,110,16,Сино,Вторичный рынок,Без ремонта (коробка),Раздельный,Есть,На стадии строительства,Нет
675000,2,45,8,Шохмансур,Новостройка,С ремонтом,Раздельный,Есть,Построено,Есть
675000,3,86,14,Сино,Новостройка,Без ремонта (коробка),Раздельный,Есть,Построено,Нет
676000,3,106,3,Шохмансур,Новостройка,Без ремонта (коробка),Раздельный,Есть,На стадии строительства,Нет
677000,2,70,2,Сино,Новостройка,Новый ремонт,Раздельный,Есть,Построено,Нет
678000,1,81,9,Другое,Новостройка,Без ремонта (коробка),Раздельный,Есть,На стадии строительства,Нет
678000,3,80,9,Фирдавси,Новостройка,Без ремонта (коробка),Раздельный,Нет,На стадии строительства,Нет
678000,2,54,10,Фирдавси,Новостройка,Новый ремонт,Раздельный,Нет,Построено,Есть
678714,3,89,3,Сино,Новостройка,Без ремонта (коробка),Раздельный,Есть,На стадии строительства,Есть
679000,4,153,8,Сино,Новостройка,С ремонтом,Раздельный,Есть,Построено,Есть
679000,2,54,4,Фирдавси,Вторичный рынок,С ремонтом,Раздельный,Есть,Построено,Есть
679000,1,50,16,Шохмансур,Новостройка,С ремонтом,Совмещенный,Есть,Построено,Есть
679999,2,63,12,Шохмансур,Новостройка,Без ремонта (коробка),Раздельный,Есть,Построено,Нет
680000,3,70,3,Сино,Новостройка,Новый ремонт,Раздельный,Есть,Построено,Нет
680000,2,56,2,Сино,Новостройка,С ремонтом,Раздельный,Есть,Построено,Нет
680000,2,47,3,Сино,Вторичный рынок,Новый ремонт,Совмещенный,Есть,Построено,Есть
680000,2,69,6,И. Сомони,Новостройка,Без ремонта (коробка),Раздельный,Есть,Построено,Нет
680000,2,53,10,Шохмансур,Новостройка,Новый ремонт,Раздельный,Есть,Построено,Есть
680000,2,65,15,Сино,Новостройка,Без ремонта (коробка),Раздельный,Есть,Построено,Нет
680000,3,75,2,Другое,Вторичный рынок,Новый ремонт,Раздельный,Есть,Построено,Есть
680000,2,78,16,Шохмансур,Новостройка,Без ремонта (коробка),Раздельный,Есть,На стадии строительства,Нет
680000,2,48,3,Сино,Вторичный рынок,С ремонтом,Раздельный,Есть,Построено,Есть
680000,2,1,1,Фирдавси,Вторичный рынок,Новый ремонт,Раздельный,Есть,Построено,Есть
680000,2,57,3,Шохмансур,Новостройка,Без ремонта (коробка),Раздельный,Есть,Построено,Нет
680000,3,75,2,Другое,Вторичный рынок,С ремонтом,Раздельный,Нет,Построено,Есть
680000,3,102,7,Фирдавси,Новостройка,Без ремонта (коробка),Раздельный,Есть,Построено,Нет
680000,3,70,4,Сино,Вторичный рынок,Новый ремонт,Раздельный,Есть,Построено,Есть
680000,2,48,3,Фирдавси,Новостройка,С ремонтом,Раздельный,Есть,Построено,Есть
680000,1,60,8,Сино,Новостройка,С ремонтом,Раздельный,Есть,Построено,Есть
680000,2,95,4,Шохмансур,Новостройка,Без ремонта (коробка),Раздельный,Есть,На стадии строительства,Нет
680000,3,56,7,Сино,Новостройка,Новый ремонт,Раздельный,Есть,Построено,Есть
680000,2,64,3,Фирдавси,Новостройка,Новый ремонт,Совмещенный,Нет,Построено,Есть
680000,3,63,11,Фирдавси,Новостройка,С ремонтом,Совмещенный,Нет,Построено,Нет
680000,2,56,10,Сино,Новостройка,С ремонтом,Раздельный,Есть,Построено,Нет
680000,1,63,12,Сино,Новостройка,Без ремонта (коробка),Раздельный,Есть,Построено,Нет
680000,2,62,11,Сино,Новостройка,Новый ремонт,Совмещенный,Есть,Построено,Нет
680000,2,95,11,Фирдавси,Новостройка,Без ремонта (коробка),Раздельный,Есть,На стадии строительства,Нет
680000,2,85,6,Другое,Новостройка,Без ремонта (коробка),Раздельный,Нет,Построено,Нет
680000,2,62,4,Сино,Вторичный рынок,С ремонтом,Раздельный,Есть,Построено,Есть
680000,2,52,3,Другое,Вторичный рынок,С ремонтом,Раздельный,Есть,Построено,Есть
680000,2,89,10,Сино,Новостройка,Без ремонта (коробка),Раздельный,Есть,На стадии строительства,Нет
680000,2,85,10,Другое,Новостройка,Без ремонта (коробка),Раздельный,Нет,Построено,Есть
680000,2,50,1,Фирдавси,Вторичный рынок,С ремонтом,Раздельный,Есть,Построено,Есть
680000,3,77,5,Другое,Новостройка,Без ремонта (коробка),Раздельный,Есть,Построено,Нет
680000,2,66,5,Другое,Новостройка,Новый ремонт,Совмещенный,Нет,Построено,Нет
680000,2,1,1,Фирдавси,Вторичный рынок,С ремонтом,Раздельный,Есть,Построено,Есть
680000,2,80,6,Сино,Новостройка,Новый ремонт,Совмещенный,Нет,Построено,Есть
680000,2,95,4,Шохмансур,Новостройка,Без ремонта (коробка),Совмещенный,Нет,На стадии строительства,Нет
680000,1,60,8,Сино,Новостройка,Новый ремонт,Раздельный,Есть,Построено,Есть
680000,2,85,6,Сино,Новостройка,Без ремонта (коробка),Раздельный,Есть,Построено,Нет
680000,3,71,3,Сино,Новостройка,Новый ремонт,Совмещенный,Есть,Построено,Нет
680000,3,71,3,Сино,Новостройка,Новый ремонт,Совмещенный,Есть,Построено,Есть
680000,3,71,3,Сино,Новостройка,Новый ремонт,Совмещенный,Нет,Построено,Нет
680000,2,75,5,Шохмансур,Новостройка,Без ремонта (коробка),Раздельный,Есть,Построено,Нет
680000,2,65,8,Сино,Новостройка,Новый ремонт,Раздельный,Есть,Построено,Нет
680000,2,55,15,Сино,Новостройка,Новый ремонт,Раздельный,Есть,Построено,Нет
680000,1,50,16,Шохмансур,Новостройка,С ремонтом,Совмещенный,Есть,Построено,Есть
680000,2,60,2,Шохмансур,Вторичный рынок,С ремонтом,Раздельный,Есть,Построено,Есть
680000,2,50,16,Шохмансур,Новостройка,С ремонтом,Совмещенный,Есть,Построено,Есть
680000,1,48,10,Шохмансур,Новостройка,Новый ремонт,Совмещенный,Есть,Построено,Нет
680000,2,108,18,Фирдавси,Новостройка,Без ремонта (коробка),Раздельный,Есть,Построено,Нет
680000,2,62,4,Шохмансур,Новостройка,Новый ремонт,Раздельный,Есть,Построено,Нет
680000,2,71,3,Сино,Новостройка,Новый ремонт,Совмещенный,Есть,Построено,Нет
680000,2,91,19,Сино,Новостройка,Без ремонта (коробка),Раздельный,Есть,На стадии строительства,Нет
680000,2,50,7,Фирдавси,Новостройка,Новый ремонт,Раздельный,Есть,Построено,Есть
680000,2,100,6,Другое,Новостройка,Новый ремонт,Раздельный,Есть,Построено,Есть
680000,2,64,7,Сино,Новостройка,С ремонтом,Раздельный,Есть,Построено,Есть
680000,2,88,6,Фирдавси,Новостройка,Без ремонта (коробка),Раздельный,Есть,Построено,Нет
680000,2,44,6,Шохмансур,Новостройка,Новый ремонт,Раздельный,Есть,Построено,Нет
680000,2,44,6,Шохмансур,Новостройка,Новый ремонт,Совмещенный,Есть,Построено,Нет
680000,2,60,8,Сино,Новостройка,Новый ремонт,Раздельный,Есть,Построено,Есть
680000,2,57,9,Сино,Новостройка,С ремонтом,Раздельный,Нет,Построено,Нет
680000,2,48,10,И. Сомони,Новостройка,С ремонтом,Совмещенный,Есть,Построено,Нет
680000,1,70,2,Сино,Новостройка,Без ремонта (коробка),Раздельный,Нет,Построено,Нет
680000,2,91,20,Сино,Новостройка,Без ремонта (коробка),Раздельный,Есть,Построено,Нет
680000,3,70,2,Другое,Вторичный рынок,Новый ремонт,Раздельный,Есть,Построено,Есть
680000,2,66,5,Сино,Новостройка,Новый ремонт,Совмещенный,Нет,Построено,Нет
680000,2,57,3,Шохмансур,Новостройка,Без ремонта (коробка),Раздельный,Есть,Построено,Есть
680000,2,58,9,Шохмансур,Новостройка,Без ремонта (коробка),Раздельный,Есть,Построено,Нет
680000,2,78,4,Шохмансур,Новостройка,Без ремонта (коробка),Раздельный,Есть,На стадии строительства,Нет
680000,2,48,1,Сино,Вторичный рынок,С ремонтом,Раздельный,Есть,Построено,Есть
680000,3,80,5,Сино,Новостройка,Без ремонта (коробка),Раздельный,Есть,Построено,Нет
680000,3,80,11,Фирдавси,Новостройка,Без ремонта (коробка),Раздельный,Есть,На стадии строительства,Нет
680000,2,48,10,И. Сомони,Новостройка,Новый ремонт,Совмещенный,Есть,Построено,Нет
680000,2,78,8,Фирдавси,Новостройка,Без ремонта (коробка),Совмещенный,Есть,На стадии строительства,Нет
680000,2,48,10,Шохмансур,Новостройка,Новый ремонт,Совмещенный,Нет,Построено,Нет
682000,3,95,11,Фирдавси,Новостройка,Без ремонта (коробка),Раздельный,Есть,На стадии строительства,Нет
683000,2,65,13,Другое,Новостройка,Новый ремонт,Раздельный,Есть,Построено,Нет
683160,2,81,17,Шохмансур,Новостройка,Без ремонта (коробка),Раздельный,Есть,На стадии строительства,Нет
685000,1,58,6,Сино,Новостройка,Новый ремонт,Раздельный,Есть,Построено,Нет
685000,2,58,9,Шохмансур,Новостройка,Без ремонта (коробка),Раздельный,Есть,Построено,Нет
685000,2,78,13,Фирдавси,Новостройка,Без ремонта (коробка),Совмещенный,Есть,На стадии строительства,Нет
685000,2,54,3,Сино,Вторичный рынок,С ремонтом,Раздельный,Есть,Построено,Есть
685000,3,110,16,Сино,Новостройка,Без ремонта (коробка),Раздельный,Нет,Построено,Нет
685000,2,60,2,Другое,Новостройка,Новый ремонт,Раздельный,Есть,Построено,Есть
685000,1,63,7,Сино,Новостройка,Без ремонта (коробка),Совмещенный,Есть,Построено,Нет
685000,2,80,9,Шохмансур,Новостройка,Без ремонта (коробка),Раздельный,Есть,Построено,Есть
685000,3,95,14,Фирдавси,Новостройка,Без ремонта (коробка),Раздельный,Есть,Построено,Нет
685000,2,60,7,Сино,Новостройка,С ремонтом,Раздельный,Нет,Построено,Есть
685000,3,86,11,Другое,Новостройка,Без ремонта (коробка),Раздельный,Есть,На стадии строительства,Нет
685000,2,58,9,Другое,Новостройка,С ремонтом,Раздельный,Есть,Построено,Нет
685000,3,95,1,Сино,Вторичный рынок,Новый ремонт,Раздельный,Нет,Построено,Есть
685000,1,77,14,Сино,Новостройка,Без ремонта (коробка),Раздельный,Есть,Построено,Нет
685000,2,93,12,Сино,Новостройка,Без ремонта (коробка),Раздельный,Есть,Построено,Нет
685000,3,110,16,Сино,Новостройка,Без ремонта (коробка),Совмещенный,Есть,Построено,Нет
685000,3,107,9,Шохмансур,Новостройка,Без ремонта (коробка),Раздельный,Есть,Построено,Нет
685000,2,53,2,Сино,Вторичный рынок,С ремонтом,Раздельный,Есть,Построено,Есть
685000,3,82,7,И. Сомони,Новостройка,Без ремонта (коробка),Раздельный,Есть,Построено,Нет
685000,3,97,11,Шохмансур,Новостройка,Без ремонта (коробка),Раздельный,Есть,На стадии строительства,Есть
685000,2,74,3,Шохмансур,Новостройка,Без ремонта (коробка),Раздельный,Есть,Построено,Нет
686000,1,63,17,И. Сомони,Новостройка,Без ремонта (коробка),Раздельный,Есть,На стадии строительства,Есть
686000,3,118,11,Другое,Новостройка,Без ремонта (коробка),Раздельный,Есть,На стадии строительства,Нет
687000,2,86,4,Шохмансур,Новостройка,Без ремонта (коробка),Раздельный,Есть,Построено,Нет
687771,3,110,7,Другое,Новостройка,Без ремонта (коробка),Раздельный,Нет,На стадии строительства,Нет
688000,2,71,2,Сино,Новостройка,Без ремонта (коробка),Раздельный,Есть,Построено,Нет
688000,4,108,12,Другое,Новостройка,Без ремонта (коробка),Раздельный,Есть,На стадии строительства,Нет
689000,2,55,4,Сино,Вторичный рынок,С ремонтом,Раздельный,Есть,Построено,Есть
689000,2,54,4,Фирдавси,Вторичный рынок,С ремонтом,Раздельный,Есть,Построено,Есть
689000,3,64,17,Сино,Новостройка,Новый ремонт,Совмещенный,Есть,Построено,Есть
689000,2,128,15,И. Сомони,Новостройка,Без ремонта (коробка),Раздельный,Есть,На стадии строительства,Нет
690000,3,76,11,Сино,Новостройка,Новый ремонт,Раздельный,Нет,Построено,Есть
690000,2,48,2,Фирдавси,Вторичный рынок,С ремонтом,Раздельный,Есть,Построено,Есть
690000,2,100,10,И. Сомони,Новостройка,Без ремонта (коробка),Раздельный,Есть,На стадии строительства,Нет
690000,2,52,2,Сино,Вторичный рынок,С ремонтом,Раздельный,Есть,Построено,Есть
690000,2,54,3,Другое,Новостройка,Без ремонта (коробка),Раздельный,Нет,Построено,Нет
690000,3,65,2,Другое,Новостройка,Новый ремонт,Раздельный,Нет,Построено,Есть
690000,2,62,3,Шохмансур,Новостройка,Без ремонта (коробка),Раздельный,Есть,Построено,Нет
690000,3,79,3,Сино,Новостройка,Новый ремонт,Совмещенный,Есть,Построено,Нет
690000,2,78,8,Фирдавси,Новостройка,Без ремонта (коробка),Совмещенный,Есть,На стадии строительства,Нет
690000,3,65,1,И. Сомони,Вторичный рынок,С ремонтом,Раздельный,Нет,Построено,Есть
690000,1,54,11,Фирдавси,Новостройка,Новый ремонт,Раздельный,Есть,Построено,Есть
690000,3,62,4,Другое,Новостройка,Новый ремонт,Раздельный,Нет,Построено,Есть
690000,1,58,9,Сино,Новостройка,С ремонтом,Совмещенный,Нет,Построено,Нет
690000,2,70,2,Сино,Новостройка,Новый ремонт,Раздельный,Есть,Построено,Есть
690000,2,61,13,Фирдавси,Новостройка,Без ремонта (коробка),Совмещенный,Есть,На стадии строительства,Есть
690000,3,70,3,Сино,Новостройка,С ремонтом,Раздельный,Есть,Построено,Есть
690000,2,80,9,Шохмансур,Новостройка,С ремонтом,Раздельный,Есть,Построено,Нет
690000,2,51,2,Другое,Новостройка,Новый ремонт,Совмещенный,Есть,Построено,Есть
690000,2,54,2,Фирдавси,Вторичный рынок,С ремонтом,Раздельный,Есть,Построено,Есть
690000,2,60,2,Сино,Новостройка,С ремонтом,Раздельный,Есть,Построено,Есть
690000,2,52,2,Сино,Новостройка,Новый ремонт,Совмещенный,Есть,Построено,Есть
690000,4,153,8,Сино,Новостройка,Новый ремонт,Совмещенный,Нет,Построено,Есть
690000,2,54,10,Фирдавси,Новостройка,Новый ремонт,Раздельный,Есть,Построено,Есть
690000,2,55,4,Сино,Вторичный рынок,С ремонтом,Раздельный,Нет,Построено,Есть
690000,2,56,11,Шохмансур,Новостройка,Без ремонта (коробка),Раздельный,Есть,Построено,Есть
690000,2,52,1,Сино,Вторичный рынок,С ремонтом,Раздельный,Есть,Построено,Есть
690000,2,50,2,Сино,Новостройка,С ремонтом,Совмещенный,Есть,Построено,Есть
690000,2,80,9,Фирдавси,Новостройка,Без ремонта (коробка),Раздельный,Нет,Построено,Нет
690000,2,61,13,Фирдавси,Новостройка,Новый ремонт,Раздельный,Есть,Построено,Есть
690000,2,65,13,Другое,Новостройка,Новый ремонт,Раздельный,Есть,Построено,Нет
690000,2,51,2,Сино,Новостройка,С ремонтом,Раздельный,Есть,Построено,Есть
690000,2,51,2,Сино,Новостройка,Новый ремонт,Совмещенный,Есть,Построено,Есть
690000,2,61,13,Фирдавси,Новостройка,Новый ремонт,Раздельный,Нет,Построено,Есть
690000,2,56,5,Сино,Вторичный рынок,С ремонтом,Раздельный,Нет,На стадии строительства,Есть
690000,2,50,8,Шохмансур,Новостройка,Новый ремонт,Совмещенный,Есть,Построено,Нет
690000,3,85,10,Сино,Новостройка,Новый ремонт,Раздельный,Нет,Построено,Есть
690000,3,99,4,Сино,Новостройка,Без ремонта (коробка),Раздельный,Есть,На стадии строительства,Нет
690000,2,100,6,Шохмансур,Новостройка,Без ремонта (коробка),Раздельный,Есть,Построено,Нет
690000,2,58,6,Сино,Новостройка,С ремонтом,Совмещенный,Нет,Построено,Нет
690000,2,54,3,И. Сомони,Новостройка,Без ремонта (коробка),Раздельный,Есть,На стадии строительства,Нет
690000,2,100,10,Другое,Новостройка,Без ремонта (коробка),Раздельный,Есть,На стадии строительства,Нет
690000,2,51,2,Сино,Новостройка,С ремонтом,Совмещенный,Есть,Построено,Есть
690000,2,76,16,Шохмансур,Новостройка,Без ремонта (коробка),Совмещенный,Есть,Построено,Нет
690000,3,100,9,Шохмансур,Новостройка,Без ремонта (коробка),Раздельный,Есть,На стадии строительства,Нет
690000,3,97,11,Другое,Новостройка,Без ремонта (коробка),Раздельный,Есть,На стадии строительства,Нет
690000,2,54,3,И. Сомони,Новостройка,Без ремонта (коробка),Раздельный,Есть,Построено,Нет
690000,2,53,1,Сино,Новостройка,Новый ремонт,Раздельный,Есть,Построено,Нет
691000,1,62,3,Шохмансур,Новостройка,Без ремонта (коробка),Раздельный,Есть,Построено,Нет
691000,2,62,3,Другое,Новостройка,Без ремонта (коробка),Раздельный,Есть,Построено,Нет
691920,2,62,3,Шохмансур,Новостройка,Новый ремонт,Раздельный,Нет,Построено,Нет
692000,2,54,3,Другое,Вторичный рынок,С ремонтом,Раздельный,Есть,Построено,Есть
693000,2,54,4,Фирдавси,Вторичный рынок,С ремонтом,Раздельный,Нет,Построено,Есть
693000,2,50,17,Другое,Новостройка,С ремонтом,Раздельный,Есть,Построено,Нет
693000,2,50,17,Фирдавси,Новостройка,С ремонтом,Раздельный,Есть,Построено,Нет
693000,2,54,3,Фирдавси,Вторичный рынок,С ремонтом,Раздельный,Есть,Построено,Есть
693000,2,75,1,Шохмансур,Новостройка,Без ремонта (коробка),Раздельный,Есть,Построено,Нет
694000,2,54,3,Фирдавси,Вторичный рынок,С ремонтом,Раздельный,Есть,Построено,Есть
694500,2,54,3,Фирдавси,Вторичный рынок,С ремонтом,Раздельный,Есть,Построено,Есть
695000,2,55,14,Фирдавси,Новостройка,Новый ремонт,Раздельный,Есть,Построено,Нет
695000,2,60,2,И. Сомони,Новостройка,Новый ремонт,Совмещенный,Нет,Построено,Есть
695000,2,58,17,Фирдавси,Новостройка,Новый ремонт,Раздельный,Есть,Построено,Нет
695000,2,83,3,Фирдавси,Новостройка,Без ремонта (коробка),Раздельный,Есть,Построено,Нет
695000,1,58,6,Сино,Новостройка,Новый ремонт,Раздельный,Есть,Построено,Нет
695000,2,64,6,Сино,Новостройка,Новый ремонт,Совмещенный,Есть,Построено,Нет
695000,2,60,1,Фирдавси,Вторичный рынок,Новый ремонт,Раздельный,Есть,Построено,Есть
695000,2,95,11,Фирдавси,Новостройка,Без ремонта (коробка),Раздельный,Есть,На стадии строительства,Есть
695000,2,52,1,Фирдавси,Вторичный рынок,Новый ремонт,Раздельный,Есть,Построено,Есть
695000,2,95,11,Фирдавси,Новостройка,Без ремонта (коробка),Раздельный,Есть,Построено,Нет
695000,3,95,11,Фирдавси,Новостройка,Без ремонта (коробка),Раздельный,Есть,Построено,Нет
695000,2,71,2,Сино,Новостройка,Без ремонта (коробка),Раздельный,Есть,Построено,Нет
695000,1,72,10,Сино,Новостройка,Новый ремонт,Раздельный,Есть,На стадии строительства,Есть
695000,2,54,1,Фирдавси,Вторичный рынок,С ремонтом,Раздельный,Есть,Построено,Есть
695000,2,59,7,Сино,Новостройка,Новый ремонт,Раздельный,Есть,Построено,Есть
695000,2,85,7,Шохмансур,Новостройка,Без ремонта (коробка),Раздельный,Есть,Построено,Нет
695000,2,54,3,Фирдавси,Вторичный рынок,С ремонтом,Раздельный,Есть,Построено,Есть
695000,3,108,15,Другое,Новостройка,Без ремонта (коробка),Совмещенный,Нет,Построено,Нет
695000,2,88,5,Другое,Новостройка,Без ремонта (коробка),Раздельный,Есть,На стадии строительства,Нет
695000,2,80,9,Шохмансур,Новостройка,С ремонтом,Раздельный,Есть,Построено,Нет
695000,2,55,3,Фирдавси,Вторичный рынок,С ремонтом,Раздельный,Есть,Построено,Есть
695000,3,73,6,Сино,Новостройка,Новый ремонт,Раздельный,Есть,Построено,Есть
695000,1,72,10,Сино,Новостройка,Новый ремонт,Раздельный,Есть,Построено,Есть
695000,2,61,13,Фирдавси,Новостройка,Новый ремонт,Раздельный,Есть,Построено,Есть
695000,2,54,2,Фирдавси,Новостройка,С ремонтом,Раздельный,Есть,Построено,Есть
695000,2,53,3,Фирдавси,Вторичный рынок,С ремонтом,Раздельный,Есть,Построено,Есть
695000,2,63,2,Фирдавси,Вторичный рынок,С ремонтом,Раздельный,Есть,Построено,Есть
695000,2,67,10,Сино,Новостройка,Новый ремонт,Раздельный,Есть,Построено,Есть
695000,2,50,1,Фирдавси,Вторичный рынок,С ремонтом,Раздельный,Есть,Построено,Есть
695000,2,53,1,Фирдавси,Вторичный рынок,С ремонтом,Раздельный,Есть,Построено,Есть
695000,2,58,17,Сино,Новостройка,С ремонтом,Раздельный,Есть,Построено,Нет
695500,2,53,3,Фирдавси,Вторичный рынок,С ремонтом,Раздельный,Есть,Построено,Есть
695999,2,54,3,Фирдавси,Вторичный рынок,С ремонтом,Раздельный,Есть,Построено,Есть
695999,2,88,6,Фирдавси,Новостройка,Без ремонта (коробка),Совмещенный,Нет,На стадии строительства,Нет
696000,2,53,10,Шохмансур,Новостройка,Новый ремонт,Раздельный,Есть,Построено,Нет
696000,2,55,3,Фирдавси,Вторичный рынок,С ремонтом,Раздельный,Есть,Построено,Есть
697000,2,52,8,Сино,Новостройка,С ремонтом,Раздельный,Есть,Построено,Есть
697000,1,78,9,И. Сомони,Новостройка,Без ремонта (коробка),Раздельный,Есть,На стадии строительства,Нет
697000,2,100,11,Другое,Новостройка,Без ремонта (коробка),Раздельный,Есть,Построено,Нет
697500,2,64,15,Фирдавси,Новостройка,Без ремонта (коробка),Совмещенный,Есть,На стадии строительства,Есть
697500,2,53,10,Шохмансур,Новостройка,Новый ремонт,Раздельный,Есть,Построено,Нет
698000,2,61,14,Фирдавси,Новостройка,Новый ремонт,Совмещенный,Есть,Построено,Есть
698000,2,85,10,Шохмансур,Новостройка,Без ремонта (коробка),Раздельный,Есть,Построено,Нет
698000,3,93,13,Другое,Новостройка,Новый ремонт,Раздельный,Нет,Построено,Нет
698000,2,54,3,Фирдавси,Вторичный рынок,С ремонтом,Раздельный,Есть,Построено,Есть
699000,3,86,5,Другое,Новостройка,С ремонтом,Раздельный,Нет,Построено,Есть
699000,3,89,16,Другое,Новостройка,Без ремонта (коробка),Раздельный,Есть,Построено,Нет
699000,1,53,12,Другое,Новостройка,С ремонтом,Совмещенный,Есть,Построено,Нет
699000,3,105,3,Другое,Вторичный рынок,С ремонтом,Раздельный,Нет,Построено,Есть
699000,3,76,2,Шохмансур,Новостройка,Новый ремонт,Раздельный,Нет,Построено,Нет
699000,2,111,3,Другое,Новостройка,Без ремонта (коробка),Совмещенный,Нет,Построено,Есть
699000,3,89,16,И. Сомони,Новостройка,Без ремонта (коробка),Раздельный,Есть,Построено,Нет
699000,2,90,6,Другое,Новостройка,Без ремонта (коробка),Совмещенный,Нет,На стадии строительства,Нет
699000,3,73,8,Сино,Новостройка,С ремонтом,Раздельный,Есть,Построено,Есть
699000,2,78,12,Сино,Новостройка,С ремонтом,Раздельный,Есть,Построено,Нет
699000,3,105,4,И. Сомони,Новостройка,Без ремонта (коробка),Раздельный,Есть,На стадии строительства,Нет
699000,2,82,8,Другое,Новостройка,Новый ремонт,Раздельный,Нет,Построено,Есть
699000,2,48,3,Сино,Вторичный рынок,Новый ремонт,Раздельный,Есть,Построено,Есть
699000,2,70,10,Другое,Новостройка,Новый ремонт,Совмещенный,Есть,Построено,Нет
699000,2,79,6,Шохмансур,Новостройка,Без ремонта (коробка),Раздельный,Нет,На стадии строительства,Нет
699000,3,127,18,Фирдавси,Новостройка,Без ремонта (коробка),Раздельный,Есть,Построено,Нет
699000,3,49,3,Сино,Вторичный рынок,С ремонтом,Совмещенный,Есть,Построено,Есть
699500,2,54,3,Фирдавси,Вторичный рынок,С ремонтом,Раздельный,Есть,Построено,Есть
699900,3,64,17,Сино,Новостройка,С ремонтом,Совмещенный,Нет,На стадии строительства,Есть
699999,2,50,2,Другое,Вторичный рынок,С ремонтом,Совмещенный,Нет,Построено,Есть
699999,2,71,2,Другое,Новостройка,Новый ремонт,Совмещенный,Нет,Построено,Есть
700000,2,54,17,И. Сомони,Новостройка,Новый ремонт,Раздельный,Есть,Построено,Есть
700000,2,67,10,Сино,Вторичный рынок,Новый ремонт,Раздельный,Есть,Построено,Есть
700000,2,54,1,Фирдавси,Вторичный рынок,С ремонтом,Раздельный,Есть,Построено,Есть
700000,3,62,4,Сино,Вторичный рынок,С ремонтом,Раздельный,Есть,Построено,Есть
700000,2,58,4,Другое,Новостройка,Без ремонта (коробка),Раздельный,Есть,Построено,Нет
700000,2,58,10,Сино,Новостройка,С ремонтом,Раздельный,Есть,Построено,Есть
700000,2,57,16,Сино,Новостройка,Новый ремонт,Совмещенный,Есть,Построено,Есть
700000,1,45,8,Шохмансур,Новостройка,Новый ремонт,Раздельный,Есть,Построено,Есть
700000,2,79,9,Шохмансур,Новостройка,Без ремонта (коробка),Раздельный,Есть,Построено,Есть
700000,2,58,4,Шохмансур,Новостройка,Без ремонта (коробка),Раздельный,Нет,Построено,Нет
700000,2,70,2,И. Сомони,Вторичный рынок,Новый ремонт,Совмещенный,Нет,Построено,Есть
700000,2,48,8,Другое,Новостройка,С ремонтом,Совмещенный,Есть,Построено,Есть
700000,2,54,3,Фирдавси,Вторичный рынок,С ремонтом,Раздельный,Есть,Построено,Есть
700000,2,57,16,Сино,Новостройка,Новый ремонт,Раздельный,Есть,Построено,Есть
700000,2,58,4,Шохмансур,Новостройка,Без ремонта (коробка),Совмещенный,Нет,На стадии строительства,Нет
700000,2,91,20,Сино,Новостройка,Без ремонта (коробка),Раздельный,Есть,Построено,Нет
700000,2,56,4,Фирдавси,Вторичный рынок,С ремонтом,Раздельный,Есть,Построено,Есть
700000,2,45,12,Шохмансур,Новостройка,С ремонтом,Раздельный,Есть,Построено,Есть
700000,2,62,13,Фирдавси,Новостройка,Новый ремонт,Раздельный,Есть,Построено,Есть
700000,2,57,4,Другое,Новостройка,С ремонтом,Раздельный,Есть,Построено,Есть
700000,3,68,5,Другое,Новостройка,Новый ремонт,Раздельный,Нет,Построено,Есть
700000,2,72,13,Сино,Новостройка,Новый ремонт,Раздельный,Есть,Построено,Есть
700000,2,51,4,Шохмансур,Вторичный рынок,С ремонтом,Раздельный,Есть,Построено,Есть
700000,2,73,12,Фирдавси,Новостройка,С ремонтом,Раздельный,Нет,Построено,Нет
700000,2,55,1,Фирдавси,Вторичный рынок,С ремонтом,Раздельный,Есть,Построено,Есть
700000,2,48,2,Шохмансур,Вторичный рынок,С ремонтом,Раздельный,Есть,Построено,Есть
700000,2,45,8,Шохмансур,Новостройка,Новый ремонт,Раздельный,Есть,Построено,Есть
700000,2,65,5,Сино,Новостройка,С ремонтом,Раздельный,Нет,Построено,Нет
700000,2,50,17,Другое,Новостройка,С ремонтом,Раздельный,Есть,Построено,Нет
700000,2,74,2,Другое,Вторичный рынок,Новый ремонт,Раздельный,Есть,Построено,Есть
700000,1,55,8,Сино,Новостройка,Новый ремонт,Раздельный,Есть,Построено,Есть
700000,2,61,13,Фирдавси,Новостройка,Новый ремонт,Раздельный,Есть,Построено,Есть
700000,3,65,1,Шохмансур,Вторичный рынок,Без ремонта (коробка),Раздельный,Нет,Построено,Есть
700000,2,52,2,Сино,Новостройка,Новый ремонт,Совмещенный,Есть,Построено,Нет
700000,2,65,1,Сино,Новостройка,Без ремонта (коробка),Раздельный,Нет,Построено,Нет
700000,3,400,3,И. Сомони,Новостройка,Новый ремонт,Совмещенный,Нет,Построено,Нет
700000,2,50,9,Сино,Новостройка,С ремонтом,Раздельный,Нет,Построено,Есть
700000,1,82,14,Шохмансур,Новостройка,Без ремонта (коробка),Раздельный,Есть,Построено,Нет
700000,3,64,6,Шохмансур,Новостройка,Новый ремонт,Раздельный,Есть,Построено,Нет
700000,2,53,10,Шохмансур,Новостройка,С ремонтом,Совмещенный,Есть,Построено,Есть
700000,2,85,15,Сино,Новостройка,Без ремонта (коробка),Раздельный,Есть,Построено,Нет
700000,2,60,2,Другое,Новостройка,Новый ремонт,Совмещенный,Нет,Построено,Нет
700000,2,64,8,Сино,Новостройка,С ремонтом,Совмещенный,Есть,Построено,Нет
700000,2,54,2,Фирдавси,Вторичный рынок,С ремонтом,Раздельный,Есть,Построено,Есть
700000,2,56,10,Сино,Новостройка,С ремонтом,Раздельный,Есть,Построено,Есть
700000,2,86,1,Сино,Новостройка,Без ремонта (коробка),Раздельный,Есть,Построено,Нет
700000,2,90,8,Сино,Новостройка,Без ремонта (коробка),Раздельный,Есть,Построено,Нет
700000,3,99,16,Фирдавси,Новостройка,Без ремонта (коробка),Совмещенный,Нет,На стадии строительства,Нет
700000,2,64,13,Сино,Новостройка,Новый ремонт,Раздельный,Есть,Построено,Нет
700000,2,80,9,Фирдавси,Новостройка,Без ремонта (коробка),Раздельный,Нет,Построено,Нет
700000,3,103,2,Фирдавси,Новостройка,Без ремонта (коробка),Раздельный,Нет,Построено,Нет
700000,3,85,15,Сино,Новостройка,Без ремонта (коробка),Раздельный,Есть,Построено,Нет
700000,2,56,15,Фирдавси,Новостройка,Новый ремонт,Раздельный,Есть,Построено,Есть
700000,2,82,17,Шохмансур,Новостройка,Без ремонта (коробка),Совмещенный,Есть,Построено,Нет
700000,3,70,2,Сино,Новостройка,Без ремонта (коробка),Раздельный,Есть,Построено,Нет
700000,2,96,4,Шохмансур,Новостройка,Без ремонта (коробка),Раздельный,Есть,Построено,Нет
700000,2,53,10,Шохмансур,Новостройка,С ремонтом,Раздельный,Нет,Построено,Есть
700000,2,65,14,Другое,Новостройка,Без ремонта (коробка),Раздельный,Есть,Построено,Есть
700000,2,72,7,И. Сомони,Новостройка,Без ремонта (коробка),Совмещенный,Есть,На стадии строительства,Нет
700000,2,85,15,Сино,Новостройка,Без ремонта (коробка),Раздельный,Нет,На стадии строительства,Нет
700000,3,97,8,Сино,Новостройка,Новый ремонт,Раздельный,Есть,Построено,Есть
700000,2,58,4,Шохмансур,Новостройка,Новый ремонт,Раздельный,Есть,Построено,Нет
700000,2,53,1,Сино,Новостройка,С ремонтом,Совмещенный,Нет,Построено,Есть
700000,2,61,13,Фирдавси,Вторичный рынок,Новый ремонт,Раздельный,Есть,Построено,Нет
700000,3,80,3,Другое,Новостройка,Новый ремонт,Раздельный,Нет,Построено,Есть
700000,2,55,3,Сино,Новостройка,С ремонтом,Раздельный,Нет,Построено,Есть
700000,1,51,2,Сино,Новостройка,С ремонтом,Совмещенный,Есть,Построено,Есть
700000,3,100,1,Другое,Новостройка,Без ремонта (коробка),Совмещенный,Есть,Построено,Нет
700000,2,61,14,Фирдавси,Новостройка,Новый ремонт,Совмещенный,Есть,Построено,Есть
700000,2,82,15,Сино,Новостройка,Без ремонта (коробка),Совмещенный,Есть,Построено,Нет
700000,2,65,4,Сино,Новостройка,Новый ремонт,Раздельный,Нет,Построено,Есть
700000,2,61,13,Фирдавси,Новостройка,Новый ремонт,Совмещенный,Есть,Построено,Есть
700000,3,95,14,Фирдавси,Новостройка,Без ремонта (коробка),Раздельный,Есть,Построено,Нет
700000,2,73,12,Сино,Новостройка,С ремонтом,Раздельный,Нет,Построено,Нет
700000,2,74,3,Шохмансур,Новостройка,Без ремонта (коробка),Раздельный,Есть,Построено,Нет
700000,2,73,12,Фирдавси,Новостройка,С ремонтом,Совмещенный,Нет,Построено,Есть
700000,1,59,11,И. Сомони,Новостройка,Без ремонта (коробка),Раздельный,Есть,Построено,Нет
700000,2,85,6,Сино,Новостройка,Без ремонта (коробка),Раздельный,Есть,Построено,Есть
700000,3,64,12,Сино,Новостройка,Новый ремонт,Раздельный,Нет,На стадии строительства,Нет
700000,3,103,2,Фирдавси,Новостройка,Без ремонта (коробка),Раздельный,Есть,Построено,Нет
700000,4,70,3,Другое,Вторичный рынок,С ремонтом,Раздельный,Есть,Построено,Есть
700000,1,45,8,Шохмансур,Новостройка,С ремонтом,Раздельный,Есть,Построено,Есть
700000,3,81,9,Фирдавси,Новостройка,Без ремонта (коробка),Раздельный,Есть,Построено,Нет
700000,2,71,14,Шохмансур,Новостройка,Без ремонта (коробка),Раздельный,Есть,На стадии строительства,Нет
700000,2,65,10,Сино,Новостройка,С ремонтом,Совмещенный,Есть,Построено,Есть
700000,2,50,1,Сино,Вторичный рынок,С ремонтом,Раздельный,Есть,Построено,Есть
700000,2,67,10,Сино,Вторичный рынок,С ремонтом,Раздельный,Есть,Построено,Есть
700000,2,100,4,И. Сомони,Новостройка,Без ремонта (коробка),Совмещенный,Есть,На стадии строительства,Нет
700000,3,54,1,Другое,Вторичный рынок,С ремонтом,Раздельный,Нет,Построено,Есть
700000,2,53,10,Шохмансур,Новостройка,С ремонтом,Раздельный,Есть,Построено,Есть
700000,2,78,12,Другое,Новостройка,Без ремонта (коробка),Раздельный,Есть,Построено,Нет
700000,3,100,3,Сино,Новостройка,Новый ремонт,Раздельный,Нет,Построено,Есть
700000,2,65,16,Сино,Новостройка,Новый ремонт,Раздельный,Есть,Построено,Нет
700000,2,82,14,Шохмансур,Новостройка,Без ремонта (коробка),Раздельный,Есть,Построено,Нет
700001,2,60,2,И. Сомони,Новостройка,Новый ремонт,Совмещенный,Нет,Построено,Есть
700001,3,106,3,Сино,Новостройка,Без ремонта (коробка),Раздельный,Нет,На стадии строительства,Нет
700002,2,50,10,Шохмансур,Новостройка,Новый ремонт,Раздельный,Есть,Построено,Нет
701000,2,91,20,Сино,Новостройка,Без ремонта (коробка),Раздельный,Есть,Построено,Нет
701000,2,71,2,Сино,Новостройка,Без ремонта (коробка),Раздельный,Есть,Построено,Нет
703000,3,121,12,Сино,Новостройка,Без ремонта (коробка),Раздельный,Есть,На стадии строительства,Нет
705000,3,116,16,Фирдавси,Новостройка,Без ремонта (коробка),Совмещенный,Есть,На стадии строительства,Есть
705000,1,60,3,И. Сомони,Новостройка,Без ремонта (коробка),Совмещенный,Есть,Построено,Нет
705000,2,68,7,Другое,Новостройка,Новый ремонт,Совмещенный,Есть,Построено,Есть
706800,2,76,13,Сино,Новостройка,Без ремонта (коробка),Раздельный,Есть,Построено,Нет
707000,3,101,11,Сино,Новостройка,Без ремонта (коробка),Раздельный,Нет,На стадии строительства,Нет
708000,3,118,13,Сино,Новостройка,Без ремонта (коробка),Раздельный,Есть,На стадии строительства,Нет
710000,2,62,12,Сино,Новостройка,Новый ремонт,Раздельный,Есть,Построено,Есть
710000,2,75,16,Шохмансур,Новостройка,Без ремонта (коробка),Раздельный,Есть,Построено,Нет
710000,4,100,17,Другое,Новостройка,С ремонтом,Совмещенный,Есть,Построено,Нет
710000,2,61,14,Фирдавси,Новостройка,Новый ремонт,Совмещенный,Есть,Построено,Есть
710000,1,54,8,Сино,Новостройка,Новый ремонт,Раздельный,Есть,Построено,Есть
710000,4,95,1,Другое,Вторичный рынок,С ремонтом,Раздельный,Нет,Построено,Есть
710000,2,61,14,Фирдавси,Новостройка,Новый ремонт,Раздельный,Есть,Построено,Нет
710000,2,54,3,И. Сомони,Новостройка,Без ремонта (коробка),Раздельный,Есть,Построено,Нет
710000,3,95,14,Фирдавси,Новостройка,Без ремонта (коробка),Раздельный,Есть,Построено,Нет
710000,2,82,10,И. Сомони,Новостройка,Без ремонта (коробка),Раздельный,Есть,На стадии строительства,Нет
710000,2,73,3,Другое,Новостройка,Без ремонта (коробка),Раздельный,Есть,Построено,Нет
710000,3,73,2,Другое,Вторичный рынок,С ремонтом,Совмещенный,Нет,Построено,Есть
710000,2,48,2,Сино,Вторичный рынок,С ремонтом,Раздельный,Есть,Построено,Есть
710000,1,73,13,И. Сомони,Новостройка,Без ремонта (коробка),Раздельный,Есть,Построено,Нет
710000,2,80,9,Сино,Новостройка,Без ремонта (коробка),Раздельный,Есть,На стадии строительства,Нет
710000,2,53,10,Шохмансур,Новостройка,С ремонтом,Раздельный,Есть,Построено,Нет
710000,2,95,14,Фирдавси,Новостройка,Без ремонта (коробка),Раздельный,Есть,Построено,Нет
710000,2,80,9,Другое,Новостройка,С ремонтом,Раздельный,Нет,Построено,Есть
710000,2,53,3,Сино,Новостройка,С ремонтом,Раздельный,Есть,Построено,Есть
710000,3,98,3,Другое,Новостройка,Новый ремонт,Совмещенный,Есть,Построено,Есть
710000,2,61,13,Фирдавси,Новостройка,Новый ремонт,Раздельный,Есть,Построено,Есть
710000,3,65,4,Сино,Вторичный рынок,Без ремонта (коробка),Раздельный,Есть,Построено,Есть
710000,3,70,2,Сино,Новостройка,Без ремонта (коробка),Раздельный,Есть,Построено,Нет
710000,2,47,9,Другое,Новостройка,С ремонтом,Раздельный,Есть,Построено,Нет
710000,2,94,8,Сино,Новостройка,Без ремонта (коробка),Раздельный,Есть,Построено,Нет
710000,2,86,9,Шохмансур,Новостройка,Без ремонта (коробка),Раздельный,Нет,На стадии строительства,Нет
710001,2,62,12,Сино,Новостройка,Новый ремонт,Раздельный,Есть,Построено,Нет
711000,3,96,5,Сино,Новостройка,Без ремонта (коробка),Раздельный,Нет,Построено,Нет
711111,2,76,4,И. Сомони,Новостройка,Без ремонта (коробка),Раздельный,Нет,Построено,Нет
711480,3,102,2,Другое,Новостройка,Без ремонта (коробка),Раздельный,Есть,Построено,Нет
714000,2,76,4,И. Сомони,Новостройка,Без ремонта (коробка),Раздельный,Нет,На стадии строительства,Нет
715000,3,93,4,Другое,Новостройка,Новый ремонт,Раздельный,Нет,Построено,Есть
715000,2,58,17,Фирдавси,Новостройка,С ремонтом,Раздельный,Есть,Построено,Нет
715000,2,58,4,Фирдавси,Новостройка,С ремонтом,Раздельный,Нет,Построено,Есть
715000,2,95,3,И. Сомони,Новостройка,Без ремонта (коробка),Раздельный,Есть,Построено,Нет
715000,2,54,4,Сино,Вторичный рынок,С ремонтом,Раздельный,Есть,Построено,Есть
715000,3,70,2,Сино,Новостройка,Без ремонта (коробка),Раздельный,Есть,Построено,Нет
715000,2,95,4,Шохмансур,Новостройка,Без ремонта (коробка),Раздельный,Есть,На стадии строительства,Нет
715000,3,78,12,Сино,Новостройка,Без ремонта (коробка),Раздельный,Есть,Построено,Нет
715000,2,65,3,Сино,Новостройка,Новый ремонт,Раздельный,Есть,Построено,Есть
715000,2,54,3,Фирдавси,Вторичный рынок,С ремонтом,Раздельный,Есть,Построено,Есть
715000,3,95,4,Шохмансур,Новостройка,Без ремонта (коробка),Раздельный,Есть,На стадии строительства,Нет
715000,2,60,9,Другое,Новостройка,Новый ремонт,Раздельный,Есть,Построено,Есть
715000,3,78,12,Сино,Новостройка,С ремонтом,Раздельный,Нет,Построено,Нет
715000,2,60,9,Сино,Новостройка,С ремонтом,Совмещенный,Есть,Построено,Нет
715000,3,87,8,Сино,Новостройка,Новый ремонт,Совмещенный,Нет,Построено,Есть
715000,3,78,12,Сино,Новостройка,С ремонтом,Раздельный,Есть,Построено,Нет
715000,3,78,12,Сино,Новостройка,Новый ремонт,Раздельный,Есть,Построено,Нет
718000,2,88,7,Другое,Новостройка,Без ремонта (коробка),Раздельный,Есть,На стадии строительства,Нет
718000,3,101,11,Сино,Новостройка,Без ремонта (коробка),Раздельный,Нет,На стадии строительства,Нет
719000,2,79,1,Сино,Новостройка,Новый ремонт,Раздельный,Нет,Построено,Нет
719000,3,50,9,Сино,Вторичный рынок,С ремонтом,Совмещенный,Есть,Построено,Нет
720000,2,67,10,Сино,Вторичный рынок,С ремонтом,Раздельный,Есть,Построено,Есть
720000,2,56,12,Сино,Новостройка,С ремонтом,Раздельный,Есть,Построено,Нет
720000,2,59,3,Другое,Новостройка,Без ремонта (коробка),Совмещенный,Есть,На стадии строительства,Нет
720000,2,76,4,И. Сомони,Новостройка,Без ремонта (коробка),Раздельный,Есть,Построено,Нет
720000,2,87,8,Сино,Новостройка,Без ремонта (коробка),Раздельный,Есть,Построено,Нет
720000,3,84,6,Другое,Новостройка,Новый ремонт,Раздельный,Нет,На стадии строительства,Есть
720000,2,52,9,Сино,Новостройка,Новый ремонт,Раздельный,Есть,Построено,Нет
720000,1,53,12,Другое,Новостройка,С ремонтом,Совмещенный,Есть,Построено,Нет
720000,1,54,11,Фирдавси,Новостройка,Новый ремонт,Совмещенный,Есть,Построено,Нет
720000,3,92,12,Другое,Новостройка,Без ремонта (коробка),Раздельный,Есть,На стадии строительства,Нет
720000,3,78,12,Сино,Новостройка,Новый ремонт,Раздельный,Есть,Построено,Нет
720000,2,48,5,Сино,Новостройка,Новый ремонт,Раздельный,Есть,Построено,Нет
720000,2,58,2,Сино,Новостройка,С ремонтом,Совмещенный,Есть,Построено,Нет
720000,2,56,2,Шохмансур,Новостройка,С ремонтом,Раздельный,Есть,Построено,Нет
720000,2,55,2,Сино,Новостройка,Новый ремонт,Раздельный,Есть,Построено,Нет
720000,2,58,17,Другое,Новостройка,Новый ремонт,Раздельный,Есть,Построено,Нет
720000,1,62,4,Шохмансур,Новостройка,Без ремонта (коробка),Совмещенный,Есть,На стадии строительства,Нет
720000,3,101,12,Сино,Новостройка,Без ремонта (коробка),Раздельный,Есть,На стадии строительства,Нет
720000,2,76,4,Другое,Новостройка,Без ремонта (коробка),Раздельный,Есть,Построено,Нет
720000,3,78,12,Сино,Новостройка,Без ремонта (коробка),Раздельный,Есть,Построено,Нет
720000,2,48,5,Сино,Новостройка,Новый ремонт,Совмещенный,Есть,Построено,Нет
720000,2,55,15,Фирдавси,Новостройка,С ремонтом,Совмещенный,Есть,Построено,Есть
720000,3,85,9,Сино,Вторичный рынок,С ремонтом,Раздельный,Есть,Построено,Есть
720000,2,78,4,Шохмансур,Новостройка,Без ремонта (коробка),Раздельный,Есть,На стадии строительства,Нет
720000,3,90,7,Другое,Новостройка,Новый ремонт,Раздельный,Нет,Построено,Нет
720000,1,72,5,Шохмансур,Новостройка,Без ремонта (коробка),Совмещенный,Есть,На стадии строительства,Нет
720000,3,84,5,Сино,Новостройка,Новый ремонт,Раздельный,Нет,Построено,Есть
720000,2,72,13,Сино,Новостройка,С ремонтом,Раздельный,Есть,Построено,Есть
720000,2,61,4,Сино,Новостройка,Новый ремонт,Раздельный,Есть,Построено,Есть
720000,3,68,3,Другое,Вторичный рынок,С ремонтом,Раздельный,Есть,Построено,Есть
720000,2,105,4,Другое,Новостройка,Без ремонта (коробка),Совмещенный,Есть,На стадии строительства,Нет
720000,2,65,3,Сино,Новостройка,С ремонтом,Совмещенный,Есть,Построено,Есть
720000,2,61,4,Сино,Новостройка,С ремонтом,Раздельный,Есть,Построено,Есть
720000,3,65,3,Другое,Вторичный рынок,С ремонтом,Раздельный,Нет,Построено,Есть
720000,3,70,3,Другое,Вторичный рынок,Новый ремонт,Раздельный,Есть,Построено,Есть
720000,2,56,9,Сино,Новостройка,Новый ремонт,Совмещенный,Есть,Построено,Нет
720000,2,71,7,Другое,Новостройка,Без ремонта (коробка),Совмещенный,Есть,Построено,Нет
720000,2,57,4,Фирдавси,Новостройка,С ремонтом,Раздельный,Нет,Построено,Есть
720000,2,56,12,Сино,Новостройка,Новый ремонт,Раздельный,Есть,Построено,Нет
720000,2,60,8,Сино,Новостройка,С ремонтом,Раздельный,Есть,Построено,Нет
720000,2,55,3,Фирдавси,Новостройка,Новый ремонт,Раздельный,Есть,На стадии строительства,Нет
720000,2,63,8,Сино,Новостройка,Новый ремонт,Совмещенный,Есть,Построено,Нет
720000,3,87,4,Другое,Вторичный рынок,С ремонтом,Раздельный,Нет,Построено,Есть
720000,2,76,4,И. Сомони,Новостройка,Без ремонта (коробка),Раздельный,Нет,На стадии строительства,Нет
720000,3,107,13,Шохмансур,Новостройка,Без ремонта (коробка),Раздельный,Нет,Построено,Нет
720000,3,113,7,Шохмансур,Новостройка,Без ремонта (коробка),Раздельный,Есть,Построено,Нет
720000,1,55,8,Сино,Новостройка,С ремонтом,Раздельный,Есть,Построено,Есть
720000,3,50,9,Сино,Новостройка,С ремонтом,Совмещенный,Есть,Построено,Нет
720000,3,70,3,Сино,Вторичный рынок,С ремонтом,Раздельный,Есть,Построено,Есть
720000,2,57,12,Сино,Новостройка,Новый ремонт,Раздельный,Есть,Построено,Нет
720000,3,95,10,Другое,Новостройка,Без ремонта (коробка),Раздельный,Есть,Построено,Нет
720000,3,80,5,Фирдавси,Новостройка,Без ремонта (коробка),Раздельный,Нет,Построено,Нет
720000,4,70,17,Фирдавси,Новостройка,Новый ремонт,Раздельный,Есть,Построено,Нет
720000,2,70,12,Фирдавси,Вторичный рынок,С ремонтом,Раздельный,Есть,Построено,Есть
720000,4,120,9,И. Сомони,Новостройка,Без ремонта (коробка),Раздельный,Нет,Построено,Есть
720000,2,84,7,Шохмансур,Новостройка,Без ремонта (коробка),Раздельный,Есть,Построено,Нет
720000,2,80,16,Шохмансур,Новостройка,Без ремонта (коробка),Раздельный,Есть,Построено,Нет
720000,3,110,16,Сино,Новостройка,Без ремонта (коробка),Раздельный,Есть,На стадии строительства,Нет
720000,3,108,15,Фирдавси,Новостройка,Без ремонта (коробка),Раздельный,Нет,На стадии строительства,Нет
720000,2,56,9,Сино,Новостройка,Новый ремонт,Раздельный,Есть,Построено,Нет
720000,2,61,4,Сино,Новостройка,Новый ремонт,Совмещенный,Есть,Построено,Есть
720000,3,96,4,Шохмансур,Новостройка,Без ремонта (коробка),Раздельный,Есть,Построено,Нет
720000,2,56,15,Фирдавси,Новостройка,Новый ремонт,Раздельный,Есть,Построено,Есть
720000,3,82,5,Сино,Новостройка,Новый ремонт,Раздельный,Есть,Построено,Нет
720000,2,55,15,Сино,Новостройка,Новый ремонт,Раздельный,Есть,Построено,Нет
720000,2,82,8,Сино,Новостройка,Без ремонта (коробка),Раздельный,Есть,На стадии строительства,Нет
720000,2,96,10,И. Сомони,Новостройка,Без ремонта (коробка),Раздельный,Есть,Построено,Нет
720000,3,78,12,Сино,Новостройка,С ремонтом,Раздельный,Есть,Построено,Нет
721500,2,78,2,Другое,Новостройка,С ремонтом,Раздельный,Нет,Построено,Есть
722000,5,93,7,Другое,Новостройка,Новый ремонт,Раздельный,Нет,Построено,Есть
722000,3,114,15,И. Сомони,Новостройка,Без ремонта (коробка),Раздельный,Есть,На стадии строительства,Нет
724120,2,91,17,Сино,Новостройка,Без ремонта (коробка),Раздельный,Есть,На стадии строительства,Нет
724500,6,161,9,Другое,Новостройка,Без ремонта (коробка),Раздельный,Есть,На стадии строительства,Нет
725000,2,82,8,Шохмансур,Новостройка,Без ремонта (коробка),Раздельный,Есть,Построено,Нет
725000,2,78,14,Шохмансур,Новостройка,Без ремонта (коробка),Раздельный,Есть,На стадии строительства,Нет
725000,3,75,5,Сино,Новостройка,Новый ремонт,Совмещенный,Нет,Построено,Есть
725000,1,45,17,И. Сомони,Новостройка,Новый ремонт,Совмещенный,Есть,Построено,Есть
725000,2,54,3,Фирдавси,Вторичный рынок,С ремонтом,Раздельный,Есть,Построено,Есть
725000,2,70,2,Сино,Новостройка,Новый ремонт,Раздельный,Есть,Построено,Нет
725000,2,87,2,Сино,Новостройка,Без ремонта (коробка),Раздельный,Есть,Построено,Есть
725000,1,47,17,Шохмансур,Новостройка,Новый ремонт,Совмещенный,Есть,Построено,Есть
725000,3,93,4,Другое,Новостройка,С ремонтом,Раздельный,Нет,Построено,Есть
725000,3,93,4,Другое,Новостройка,Новый ремонт,Раздельный,Нет,Построено,Есть
725000,1,62,10,Шохмансур,Новостройка,Без ремонта (коробка),Раздельный,Есть,На стадии строительства,Нет
725000,3,68,2,Шохмансур,Вторичный рынок,Новый ремонт,Раздельный,Есть,Построено,Есть
725000,1,62,10,Шохмансур,Новостройка,Без ремонта (коробка),Раздельный,Есть,Построено,Нет
725001,2,54,3,Фирдавси,Вторичный рынок,С ремонтом,Раздельный,Есть,Построено,Есть
726000,1,71,7,Шохмансур,Новостройка,Без ремонта (коробка),Раздельный,Есть,На стадии строительства,Нет
727000,2,78,17,Сино,Новостройка,Без ремонта (коробка),Раздельный,Есть,Построено,Нет
728000,2,78,12,Другое,Новостройка,С ремонтом,Раздельный,Есть,Построено,Нет
728000,1,49,6,Шохмансур,Новостройка,Новый ремонт,Совмещенный,Есть,Построено,Нет
728999,1,48,6,Шохмансур,Новостройка,Новый ремонт,Раздельный,Есть,Построено,Нет
729000,1,48,6,Шохмансур,Новостройка,Новый ремонт,Совмещенный,Есть,Построено,Нет
729000,1,48,6,Сино,Новостройка,Новый ремонт,Совмещенный,Есть,Построено,Нет
729000,1,48,7,Шохмансур,Новостройка,Новый ремонт,Совмещенный,Есть,Построено,Нет
729000,1,48,6,Шохмансур,Новостройка,Новый ремонт,Раздельный,Есть,Построено,Нет
730000,2,68,6,Сино,Новостройка,Новый ремонт,Раздельный,Нет,Построено,Есть
730000,2,90,2,Фирдавси,Новостройка,Без ремонта (коробка),Раздельный,Нет,На стадии строительства,Нет
730000,2,79,14,Другое,Новостройка,Без ремонта (коробка),Раздельный,Есть,На стадии строительства,Нет
730000,3,58,2,Сино,Вторичный рынок,Новый ремонт,Раздельный,Есть,Построено,Есть
730000,2,66,4,Сино,Новостройка,Новый ремонт,Раздельный,Есть,Построено,Нет
730000,3,112,5,Шохмансур,Новостройка,Без ремонта (коробка),Раздельный,Есть,Построено,Нет
730000,2,65,3,Сино,Новостройка,Новый ремонт,Совмещенный,Есть,Построено,Есть
730000,1,54,8,Сино,Новостройка,Новый ремонт,Раздельный,Есть,Построено,Есть
730000,2,65,3,Сино,Новостройка,С ремонтом,Раздельный,Нет,Построено,Есть
730000,4,87,8,Другое,Новостройка,Новый ремонт,Раздельный,Нет,Построено,Есть
730000,2,52,10,Сино,Новостройка,Новый ремонт,Раздельный,Есть,Построено,Нет
730000,3,120,7,Сино,Новостройка,Без ремонта (коробка),Раздельный,Есть,На стадии строительства,Нет
730000,1,48,6,Шохмансур,Новостройка,Новый ремонт,Совмещенный,Есть,Построено,Нет
730000,1,68,3,Шохмансур,Новостройка,Без ремонта (коробка),Раздельный,Есть,Построено,Нет
730000,2,64,9,Сино,Вторичный рынок,С ремонтом,Раздельный,Есть,Построено,Есть
730000,3,80,16,Шохмансур,Новостройка,Без ремонта (коробка),Совмещенный,Есть,Построено,Нет
730000,2,58,4,Фирдавси,Вторичный рынок,С ремонтом,Раздельный,Нет,Построено,Есть
730000,2,56,11,Сино,Новостройка,Новый ремонт,Раздельный,Есть,Построено,Нет
730000,3,58,4,Сино,Вторичный рынок,Без ремонта (коробка),Раздельный,Есть,Построено,Есть
730000,2,64,12,Фирдавси,Новостройка,Новый ремонт,Совмещенный,Есть,Построено,Нет
730000,2,56,3,Фирдавси,Новостройка,Новый ремонт,Раздельный,Есть,Построено,Нет
730000,2,95,9,Шохмансур,Новостройка,Без ремонта (коробка),Раздельный,Нет,Построено,Нет
730000,2,52,13,Фирдавси,Новостройка,С ремонтом,Раздельный,Есть,Построено,Есть
730000,2,57,13,Фирдавси,Новостройка,Новый ремонт,Раздельный,Есть,Построено,Есть
730000,1,54,8,Сино,Новостройка,Новый ремонт,Совмещенный,Есть,Построено,Есть
730000,3,68,4,Фирдавси,Вторичный рынок,С ремонтом,Раздельный,Есть,Построено,Есть
730000,4,91,1,Сино,Вторичный рынок,С ремонтом,Совмещенный,Нет,Построено,Есть
730000,2,60,1,Сино,Новостройка,Новый ремонт,Раздельный,Есть,Построено,Нет
730000,3,73,12,Другое,Новостройка,Новый ремонт,Раздельный,Нет,Построено,Нет
730000,3,97,9,Сино,Новостройка,Новый ремонт,Совмещенный,Есть,Построено,Нет
730000,2,57,9,Сино,Новостройка,Новый ремонт,Совмещенный,Есть,Построено,Нет
730000,2,65,12,Сино,Новостройка,Новый ремонт,Совмещенный,Нет,Построено,Нет
730000,1,71,7,Другое,Новостройка,Без ремонта (коробка),Раздельный,Есть,Построено,Нет
730000,2,65,3,Сино,Новостройка,С ремонтом,Совмещенный,Есть,Построено,Есть
730000,2,57,13,Фирдавси,Новостройка,С ремонтом,Раздельный,Есть,Построено,Есть
730000,2,58,3,Сино,Новостройка,Новый ремонт,Раздельный,Есть,Построено,Нет
730000,2,73,7,Шохмансур,Новостройка,Без ремонта (коробка),Раздельный,Есть,На стадии строительства,Нет
730000,2,55,17,И. Сомони,Новостройка,С ремонтом,Раздельный,Есть,Построено,Есть
730000,3,70,3,Сино,Вторичный рынок,Без ремонта (коробка),Раздельный,Есть,Построено,Есть
730000,2,50,3,Сино,Вторичный рынок,С ремонтом,Раздельный,Есть,Построено,Есть
730000,3,94,1,Другое,Вторичный рынок,С ремонтом,Раздельный,Нет,Построено,Есть
730000,2,56,9,Сино,Новостройка,Новый ремонт,Раздельный,Есть,Построено,Нет
730000,2,61,14,Фирдавси,Новостройка,Новый ремонт,Совмещенный,Нет,Построено,Нет
730000,3,70,2,Сино,Новостройка,Новый ремонт,Раздельный,Есть,Построено,Нет
730000,2,60,3,Сино,Вторичный рынок,С ремонтом,Раздельный,Есть,Построено,Есть
730000,2,56,9,Сино,Новостройка,Новый ремонт,Совмещенный,Есть,Построено,Нет
730000,2,56,7,Другое,Новостройка,Новый ремонт,Раздельный,Есть,Построено,Есть
730000,2,100,6,Шохмансур,Новостройка,Без ремонта (коробка),Раздельный,Есть,Построено,Нет
730000,4,96,4,Другое,Новостройка,Новый ремонт,Раздельный,Нет,Построено,Есть
730000,2,56,5,Фирдавси,Новостройка,Новый ремонт,Раздельный,Есть,Построено,Нет
730000,1,60,8,Сино,Новостройка,Новый ремонт,Раздельный,Есть,Построено,Нет
730000,3,64,3,Сино,Вторичный рынок,С ремонтом,Раздельный,Есть,Построено,Есть
730000,2,56,11,Сино,Новостройка,Новый ремонт,Совмещенный,Есть,Построено,Нет
730000,3,125,1,Другое,Вторичный рынок,С ремонтом,Раздельный,Нет,Построено,Есть
730000,2,60,8,Сино,Новостройка,Новый ремонт,Раздельный,Есть,Построено,Нет
730001,2,57,8,Фирдавси,Новостройка,Новый ремонт,Совмещенный,Есть,Построено,Нет
731500,2,92,20,Сино,Новостройка,Без ремонта (коробка),Раздельный,Есть,Построено,Нет
734444,1,54,11,Фирдавси,Новостройка,Новый ремонт,Совмещенный,Есть,Построено,Нет
735000,2,82,5,Сино,Новостройка,Без ремонта (коробка),Раздельный,Есть,На стадии строительства,Нет
735000,1,68,3,Шохмансур,Новостройка,Без ремонта (коробка),Раздельный,Есть,Построено,Нет
735000,1,54,8,Другое,Новостройка,Новый ремонт,Раздельный,Есть,Построено,Есть
735000,3,74,13,Другое,Новостройка,Новый ремонт,Совмещенный,Нет,Построено,Есть
735000,1,54,8,Сино,Новостройка,Новый ремонт,Раздельный,Есть,Построено,Есть
735000,3,63,5,Сино,Вторичный рынок,С ремонтом,Раздельный,Есть,Построено,Есть
735000,2,65,6,Сино,Новостройка,Новый ремонт,Раздельный,Есть,Построено,Нет
735000,3,97,8,Сино,Новостройка,Новый ремонт,Раздельный,Есть,Построено,Есть
735000,2,50,6,Сино,Новостройка,С ремонтом,Совмещенный,Есть,Построено,Есть
735000,2,55,15,Сино,Новостройка,Новый ремонт,Раздельный,Есть,Построено,Нет
735000,1,54,8,Сино,Новостройка,Новый ремонт,Совмещенный,Есть,Построено,Есть
735000,2,62,15,Шохмансур,Новостройка,Без ремонта (коробка),Совмещенный,Есть,На стадии строительства,Нет
735000,2,91,17,Сино,Новостройка,Без ремонта (коробка),Раздельный,Есть,На стадии строительства,Нет
735000,2,65,5,Сино,Новостройка,Новый ремонт,Совмещенный,Есть,Построено,Нет
735000,2,47,4,Сино,Вторичный рынок,Новый ремонт,Раздельный,Есть,Построено,Есть
737000,3,101,10,Сино,Новостройка,Без ремонта (коробка),Раздельный,Есть,На стадии строительства,Нет
737000,3,122,16,Другое,Новостройка,Без ремонта (коробка),Раздельный,Есть,Построено,Нет
738000,1,72,5,Шохмансур,Новостройка,Без ремонта (коробка),Раздельный,Есть,На стадии строительства,Нет
739000,3,127,13,Сино,Новостройка,Без ремонта (коробка),Раздельный,Есть,На стадии строительства,Нет
739000,3,127,12,Сино,Новостройка,Без ремонта (коробка),Раздельный,Есть,На стадии строительства,Нет
739000,2,64,3,Сино,Новостройка,С ремонтом,Раздельный,Нет,Построено,Нет
739999,2,57,14,Шохмансур,Новостройка,Новый ремонт,Раздельный,Есть,Построено,Нет
740000,2,55,17,И. Сомони,Новостройка,Новый ремонт,Совмещенный,Есть,Построено,Есть
740000,2,62,4,Другое,Новостройка,С ремонтом,Раздельный,Нет,Построено,Есть
740000,2,56,3,Другое,Новостройка,Новый ремонт,Раздельный,Есть,Построено,Нет
740000,2,66,13,Сино,Новостройка,Новый ремонт,Раздельный,Есть,Построено,Есть
740000,2,55,17,Другое,Новостройка,Новый ремонт,Раздельный,Есть,Построено,Есть
740000,1,93,5,Фирдавси,Новостройка,Без ремонта (коробка),Раздельный,Есть,Построено,Нет
740000,3,85,2,Другое,Новостройка,Новый ремонт,Раздельный,Есть,Построено,Есть
740000,3,70,17,Фирдавси,Новостройка,Новый ремонт,Раздельный,Есть,Построено,Нет
740000,3,63,3,Сино,Новостройка,С ремонтом,Раздельный,Есть,Построено,Есть
740000,2,96,10,Другое,Новостройка,Без ремонта (коробка),Раздельный,Есть,Построено,Нет
740000,2,58,3,Сино,Новостройка,С ремонтом,Раздельный,Есть,Построено,Есть
740000,2,63,6,Сино,Новостройка,Новый ремонт,Раздельный,Есть,Построено,Нет
740000,2,63,2,Шохмансур,Вторичный рынок,С ремонтом,Раздельный,Есть,Построено,Есть
740000,3,85,2,Сино,Новостройка,Новый ремонт,Раздельный,Нет,Построено,Есть
740000,2,55,15,Сино,Новостройка,Новый ремонт,Раздельный,Есть,Построено,Нет
740000,2,54,17,И. Сомони,Новостройка,С ремонтом,Совмещенный,Есть,Построено,Есть
740000,2,56,15,Фирдавси,Новостройка,Новый ремонт,Раздельный,Есть,Построено,Есть
740000,2,73,10,Сино,Новостройка,Новый ремонт,Совмещенный,Есть,Построено,Есть
740000,2,59,7,Сино,Новостройка,Новый ремонт,Совмещенный,Есть,Построено,Есть
740000,3,63,5,Сино,Новостройка,С ремонтом,Раздельный,Есть,Построено,Есть
740000,3,69,5,Другое,Вторичный рынок,С ремонтом,Раздельный,Нет,Построено,Есть
740000,2,56,4,Фирдавси,Вторичный рынок,С ремонтом,Совмещенный,Нет,Построено,Есть
740000,2,51,12,Другое,Новостройка,Новый ремонт,Раздельный,Есть,Построено,Есть
740000,2,56,5,Фирдавси,Новостройка,Новый ремонт,Раздельный,Нет,Построено,Нет
740000,1,72,12,И. Сомони,Новостройка,Без ремонта (коробка),Раздельный,Нет,На стадии строительства,Нет
740000,2,65,3,Сино,Новостройка,Новый ремонт,Совмещенный,Нет,Построено,Есть
740000,2,55,17,Другое,Новостройка,С ремонтом,Совмещенный,Есть,Построено,Есть
740000,2,86,2,Сино,Новостройка,Без ремонта (коробка),Раздельный,Есть,Построено,Нет
740000,2,48,2,Сино,Вторичный рынок,С ремонтом,Раздельный,Есть,Построено,Есть
740000,2,55,17,И. Сомони,Новостройка,Новый ремонт,Раздельный,Есть,Построено,Есть
740000,2,71,2,Сино,Новостройка,Без ремонта (коробка),Раздельный,Есть,На стадии строительства,Нет
740000,1,56,3,Фирдавси,Новостройка,Новый ремонт,Раздельный,Есть,Построено,Нет
740000,3,93,5,Фирдавси,Новостройка,Без ремонта (коробка),Раздельный,Есть,Построено,Нет
740000,2,60,3,И. Сомони,Новостройка,Без ремонта (коробка),Совмещенный,Есть,Построено,Нет
740000,2,40,8,Сино,Новостройка,Новый ремонт,Раздельный,Есть,Построено,Есть
740000,2,65,3,Сино,Новостройка,С ремонтом,Раздельный,Нет,Построено,Нет
741000,2,83,12,Другое,Новостройка,Без ремонта (коробка),Раздельный,Есть,На стадии строительства,Нет
744000,2,75,9,Сино,Новостройка,Новый ремонт,Совмещенный,Нет,Построено,Есть
744000,2,58,15,Шохмансур,Новостройка,Новый ремонт,Совмещенный,Есть,Построено,Есть
744000,1,51,7,Шохмансур,Новостройка,Новый ремонт,Раздельный,Есть,Построено,Есть
744744,3,104,8,Шохмансур,Новостройка,Без ремонта (коробка),Раздельный,Есть,На стадии строительства,Нет
745000,3,78,2,Другое,Новостройка,Новый ремонт,Совмещенный,Есть,Построено,Есть
745000,3,114,9,Другое,Новостройка,Без ремонта (коробка),Раздельный,Есть,На стадии строительства,Нет
745000,3,80,3,Сино,Вторичный рынок,С ремонтом,Раздельный,Есть,Построено,Есть
745000,2,54,3,Фирдавси,Вторичный рынок,С ремонтом,Раздельный,Есть,Построено,Есть
745000,3,98,6,Другое,Новостройка,Новый ремонт,Раздельный,Нет,Построено,Нет
748000,2,73,10,Сино,Новостройка,Новый ремонт,Совмещенный,Есть,Построено,Есть
748000,4,93,7,Шохмансур,Новостройка,С ремонтом,Совмещенный,Есть,Построено,Нет
748000,3,92,4,Сино,Новостройка,Без ремонта (коробка),Раздельный,Есть,Построено,Нет
748000,4,112,12,Шохмансур,Новостройка,Без ремонта (коробка),Раздельный,Есть,Построено,Нет
748000,2,73,10,Сино,Новостройка,Новый ремонт,Раздельный,Есть,Построено,Есть
749000,2,52,2,Сино,Новостройка,Новый ремонт,Совмещенный,Есть,Построено,Нет
749000,2,80,5,Шохмансур,Новостройка,С ремонтом,Раздельный,Есть,Построено,Есть
749000,2,55,15,Сино,Новостройка,Новый ремонт,Раздельный,Есть,Построено,Нет
749000,3,102,3,Другое,Новостройка,Без ремонта (коробка),Раздельный,Нет,Построено,Нет
749000,2,104,2,Сино,Новостройка,Без ремонта (коробка),Раздельный,Нет,Построено,Нет
749394,2,102,6,Другое,Новостройка,Без ремонта (коробка),Раздельный,Нет,На стадии строительства,Есть
749999,3,104,2,Сино,Новостройка,Без ремонта (коробка),Раздельный,Нет,Построено,Есть
749999,2,104,2,Сино,Новостройка,С ремонтом,Раздельный,Есть,Построено,Есть
750000,2,54,2,Фирдавси,Вторичный рынок,Новый ремонт,Раздельный,Есть,Построено,Есть
750000,2,52,7,И. Сомони,Новостройка,С ремонтом,Совмещенный,Есть,Построено,Есть
750000,2,67,10,И. Сомони,Новостройка,Без ремонта (коробка),Совмещенный,Есть,Построено,Нет
750000,3,82,7,Шохмансур,Новостройка,Новый ремонт,Раздельный,Есть,Построено,Нет
750000,2,71,10,Сино,Новостройка,С ремонтом,Совмещенный,Есть,Построено,Есть
750000,2,55,11,Шохмансур,Новостройка,С ремонтом,Совмещенный,Есть,Построено,Есть
750000,1,52,12,Шохмансур,Новостройка,С ремонтом,Совмещенный,Есть,Построено,Нет
750000,2,52,2,Фирдавси,Вторичный рынок,Новый ремонт,Раздельный,Есть,Построено,Есть
750000,3,92,4,Сино,Новостройка,Без ремонта (коробка),Раздельный,Есть,Построено,Нет
750000,2,63,14,Сино,Новостройка,С ремонтом,Раздельный,Есть,Построено,Нет
750000,2,41,12,Шохмансур,Новостройка,С ремонтом,Совмещенный,Есть,Построено,Есть
750000,2,100,17,Другое,Новостройка,Новый ремонт,Раздельный,Есть,Построено,Нет
750000,2,52,7,Другое,Новостройка,С ремонтом,Совмещенный,Нет,Построено,Есть
750000,3,72,8,Фирдавси,Новостройка,С ремонтом,Раздельный,Нет,Построено,Нет
750000,2,51,2,Сино,Новостройка,Новый ремонт,Совмещенный,Есть,Построено,Нет
750000,1,48,6,Шохмансур,Новостройка,С ремонтом,Раздельный,Есть,Построено,Нет
750000,3,49,3,Сино,Вторичный рынок,С ремонтом,Совмещенный,Есть,Построено,Есть
750000,3,72,3,Фирдавси,Новостройка,С ремонтом,Совмещенный,Нет,Построено,Есть
750000,1,54,5,И. Сомони,Новостройка,Новый ремонт,Раздельный,Есть,Построено,Есть
750000,2,78,10,И. Сомони,Новостройка,Без ремонта (коробка),Раздельный,Есть,Построено,Нет
750000,2,54,2,Фирдавси,Вторичный рынок,С ремонтом,Раздельный,Есть,Построено,Есть
750000,4,125,4,Другое,Вторичный рынок,Без ремонта (коробка),Раздельный,Нет,Построено,Есть
750000,2,71,16,Сино,Новостройка,С ремонтом,Раздельный,Есть,Построено,Нет
750000,2,82,10,И. Сомони,Новостройка,Без ремонта (коробка),Раздельный,Есть,Построено,Нет
750000,3,88,8,Другое,Новостройка,Новый ремонт,Совмещенный,Есть,Построено,Есть
750000,2,68,10,И. Сомони,Новостройка,Без ремонта (коробка),Раздельный,Есть,Построено,Нет
750000,2,56,2,Другое,Новостройка,С ремонтом,Раздельный,Есть,Построено,Есть
750000,2,55,11,Шохмансур,Новостройка,С ремонтом,Раздельный,Есть,Построено,Есть
750000,3,60,8,Сино,Новостройка,Новый ремонт,Раздельный,Есть,Построено,Нет
750000,3,97,8,Сино,Новостройка,Новый ремонт,Раздельный,Есть,Построено,Есть
750000,2,104,2,Сино,Новостройка,Без ремонта (коробка),Раздельный,Нет,Построено,Нет
750000,2,58,18,Другое,Новостройка,С ремонтом,Совмещенный,Есть,Построено,Есть
750000,2,52,4,Фирдавси,Вторичный рынок,Новый ремонт,Раздельный,Есть,Построено,Есть
750000,2,56,7,Сино,Новостройка,С ремонтом,Раздельный,Есть,Построено,Нет
750000,2,63,13,Сино,Новостройка,С ремонтом,Раздельный,Есть,Построено,Есть
750000,3,88,8,Сино,Новостройка,С ремонтом,Раздельный,Есть,Построено,Есть
750000,3,72,8,Сино,Новостройка,С ремонтом,Раздельный,Нет,Построено,Нет
750000,2,55,6,Сино,Новостройка,С ремонтом,Раздельный,Есть,Построено,Есть
750000,2,70,13,Сино,Новостройка,С ремонтом,Раздельный,Есть,Построено,Есть
750000,2,50,4,Сино,Вторичный рынок,С ремонтом,Совмещенный,Есть,Построено,Есть
750000,4,70,17,Фирдавси,Новостройка,Новый ремонт,Раздельный,Есть,Построено,Нет
750000,3,100,4,И. Сомони,Вторичный рынок,Новый ремонт,Совмещенный,Нет,Построено,Есть
750000,3,70,1,Сино,Вторичный рынок,С ремонтом,Раздельный,Есть,Построено,Есть
750000,2,1,2,Фирдавси,Вторичный рынок,С ремонтом,Раздельный,Есть,Построено,Есть
750000,2,60,3,Шохмансур,Новостройка,Без ремонта (коробка),Совмещенный,Есть,Построено,Нет
750000,2,62,8,Сино,Новостройка,Новый ремонт,Раздельный,Нет,Построено,Нет
750000,3,105,4,И. Сомони,Новостройка,Без ремонта (коробка),Раздельный,Есть,На стадии строительства,Нет
750000,2,54,6,Другое,Новостройка,С ремонтом,Совмещенный,Есть,Построено,Есть
750000,3,66,3,Шохмансур,Вторичный рынок,Новый ремонт,Раздельный,Есть,Построено,Есть
750000,2,50,9,Другое,Новостройка,С ремонтом,Раздельный,Есть,Построено,Есть
750000,1,55,6,Сино,Новостройка,С ремонтом,Раздельный,Есть,Построено,Есть
750000,2,65,16,Сино,Новостройка,С ремонтом,Раздельный,Есть,Построено,Есть
750000,2,68,2,Сино,Вторичный рынок,Новый ремонт,Раздельный,Есть,Построено,Есть
750000,3,64,2,Сино,Вторичный рынок,С ремонтом,Совмещенный,Есть,Построено,Есть
750000,3,74,3,Сино,Вторичный рынок,С ремонтом,Раздельный,Есть,Построено,Есть
750000,2,60,3,Сино,Вторичный рынок,С ремонтом,Раздельный,Есть,Построено,Есть
750000,2,80,5,Шохмансур,Новостройка,Без ремонта (коробка),Раздельный,Нет,Построено,Нет
750000,2,75,9,Сино,Новостройка,Новый ремонт,Раздельный,Есть,Построено,Есть
750000,2,51,2,Сино,Вторичный рынок,Новый ремонт,Раздельный,Есть,Построено,Есть
750000,3,75,3,Сино,Вторичный рынок,С ремонтом,Раздельный,Есть,Построено,Есть
750000,3,100,4,Другое,Вторичный рынок,С ремонтом,Раздельный,Нет,Построено,Есть
750000,2,63,13,Сино,Новостройка,Новый ремонт,Совмещенный,Есть,Построено,Есть
750000,3,60,5,Другое,Новостройка,С ремонтом,Совмещенный,Есть,Построено,Нет
750000,3,60,8,Сино,Новостройка,Новый ремонт,Раздельный,Нет,Построено,Нет
750000,2,72,3,Шохмансур,Новостройка,С ремонтом,Раздельный,Нет,Построено,Есть
750000,2,63,14,Сино,Новостройка,Новый ремонт,Раздельный,Есть,Построено,Нет
750000,2,60,15,Сино,Новостройка,Новый ремонт,Раздельный,Есть,Построено,Есть
750000,2,67,11,Сино,Новостройка,Новый ремонт,Совмещенный,Есть,Построено,Нет
750000,3,65,4,Сино,Новостройка,Новый ремонт,Раздельный,Есть,Построено,Нет
750000,2,74,13,Шохмансур,Новостройка,Без ремонта (коробка),Раздельный,Есть,Построено,Нет
750000,2,60,2,Сино,Вторичный рынок,Новый ремонт,Раздельный,Есть,Построено,Есть
750000,2,57,12,Сино,Новостройка,Новый ремонт,Совмещенный,Есть,Построено,Нет
750000,2,104,1,Сино,Новостройка,Без ремонта (коробка),Раздельный,Нет,Построено,Есть
750000,3,82,3,Другое,Новостройка,Без ремонта (коробка),Раздельный,Есть,На стадии строительства,Есть
750000,3,101,9,Сино,Новостройка,Новый ремонт,Раздельный,Нет,Построено,Есть
750000,2,56,11,Фирдавси,Новостройка,Новый ремонт,Совмещенный,Есть,Построено,Нет
750000,2,50,3,Другое,Вторичный рынок,С ремонтом,Совмещенный,Есть,Построено,Есть
750000,2,78,8,Шохмансур,Новостройка,Без ремонта (коробка),Раздельный,Нет,Построено,Нет
750000,2,51,2,Сино,Новостройка,Новый ремонт,Раздельный,Есть,Построено,Нет
750000,2,86,8,Шохмансур,Новостройка,Без ремонта (коробка),Раздельный,Есть,На стадии строительства,Нет
750000,3,100,8,Сино,Новостройка,Без ремонта (коробка),Раздельный,Есть,На стадии строительства,Нет
750000,2,64,13,Сино,Новостройка,Новый ремонт,Раздельный,Есть,Построено,Есть
750000,4,104,5,Сино,Вторичный рынок,Новый ремонт,Раздельный,Есть,Построено,Есть
750000,2,57,14,Шохмансур,Новостройка,Новый ремонт,Раздельный,Есть,Построено,Есть
750000,2,63,13,Сино,Новостройка,Новый ремонт,Раздельный,Есть,Построено,Есть
750000,2,85,4,Другое,Новостройка,Без ремонта (коробка),Совмещенный,Нет,На стадии строительства,Нет
750000,3,64,4,Сино,Вторичный рынок,С ремонтом,Раздельный,Есть,Построено,Есть
750000,2,59,10,Сино,Новостройка,Новый ремонт,Совмещенный,Есть,Построено,Нет
750000,4,104,3,Другое,Вторичный рынок,С ремонтом,Раздельный,Нет,Построено,Есть
750000,3,100,9,Сино,Новостройка,Без ремонта (коробка),Раздельный,Нет,Построено,Нет
750000,1,66,13,Сино,Новостройка,Без ремонта (коробка),Раздельный,Есть,Построено,Нет
750000,1,50,1,Шохмансур,Вторичный рынок,С ремонтом,Совмещенный,Есть,Построено,Есть
750000,2,94,10,Другое,Вторичный рынок,Новый ремонт,Совмещенный,Есть,Построено,Есть
750000,2,50,21,Шохмансур,Новостройка,Новый ремонт,Совмещенный,Есть,Построено,Нет
750000,2,55,11,Шохмансур,Новостройка,Новый ремонт,Совмещенный,Есть,Построено,Есть
750000,3,68,4,Фирдавси,Вторичный рынок,С ремонтом,Раздельный,Есть,Построено,Есть
750000,2,57,12,Сино,Новостройка,Новый ремонт,Раздельный,Есть,Построено,Нет
750000,2,78,7,Сино,Новостройка,Новый ремонт,Раздельный,Есть,Построено,Нет
750000,2,54,2,Сино,Вторичный рынок,С ремонтом,Раздельный,Есть,Построено,Есть
750000,2,66,16,Сино,Новостройка,Новый ремонт,Раздельный,Есть,Построено,Нет
750000,2,50,1,Другое,Вторичный рынок,Новый ремонт,Совмещенный,Есть,Построено,Есть
750000,3,120,5,Сино,Новостройка,Без ремонта (коробка),Раздельный,Нет,На стадии строительства,Нет
750000,3,65,4,Сино,Новостройка,Новый ремонт,Раздельный,Есть,Построено,Есть
750000,2,54,18,И. Сомони,Новостройка,Новый ремонт,Совмещенный,Есть,Построено,Есть
750000,3,65,4,Другое,Новостройка,Новый ремонт,Раздельный,Есть,Построено,Есть
750000,2,65,1,Сино,Вторичный рынок,С ремонтом,Раздельный,Нет,Построено,Есть
750000,2,52,4,Фирдавси,Новостройка,С ремонтом,Раздельный,Есть,Построено,Есть
750000,2,78,10,Другое,Новостройка,С ремонтом,Совмещенный,Нет,Построено,Есть
750000,2,65,8,Фирдавси,Новостройка,Новый ремонт,Раздельный,Есть,Построено,Есть
750000,2,67,10,Другое,Новостройка,Без ремонта (коробка),Совмещенный,Есть,Построено,Нет
750000,2,55,3,Другое,Вторичный рынок,С ремонтом,Совмещенный,Есть,Построено,Есть
753000,2,64,10,Другое,Новостройка,С ремонтом,Раздельный,Есть,Построено,Есть
753000,1,67,9,И. Сомони,Новостройка,Без ремонта (коробка),Совмещенный,Есть,Построено,Нет
753000,2,68,3,Другое,Новостройка,Без ремонта (коробка),Раздельный,Есть,Построено,Нет
755000,3,92,13,Сино,Новостройка,Без ремонта (коробка),Раздельный,Есть,Построено,Нет
755000,2,80,12,Другое,Новостройка,Новый ремонт,Раздельный,Есть,Построено,Есть
755000,5,125,6,Шохмансур,Новостройка,Без ремонта (коробка),Раздельный,Есть,На стадии строительства,Есть
755000,2,82,12,Сино,Новостройка,Новый ремонт,Раздельный,Есть,Построено,Нет
755000,2,79,1,Сино,Новостройка,Новый ремонт,Раздельный,Нет,Построено,Нет
755000,2,104,14,Шохмансур,Новостройка,Без ремонта (коробка),Раздельный,Есть,На стадии строительства,Нет
755000,2,77,8,Сино,Новостройка,С ремонтом,Раздельный,Есть,Построено,Есть
755000,3,110,9,Сино,Новостройка,Без ремонта (коробка),Раздельный,Нет,На стадии строительства,Нет
755000,3,103,19,Сино,Новостройка,Без ремонта (коробка),Раздельный,Есть,Построено,Нет
755800,1,67,9,И. Сомони,Новостройка,Без ремонта (коробка),Раздельный,Есть,Построено,Нет
756000,2,77,8,Другое,Новостройка,С ремонтом,Раздельный,Есть,Построено,Есть
756000,2,82,12,Сино,Новостройка,Новый ремонт,Раздельный,Есть,Построено,Нет
757000,3,112,15,Сино,Новостройка,Без ремонта (коробка),Раздельный,Нет,На стадии строительства,Нет
758000,4,123,9,Сино,Новостройка,Без ремонта (коробка),Раздельный,Нет,На стадии строительства,Нет
759000,3,100,3,Сино,Новостройка,Новый ремонт,Раздельный,Есть,Построено,Есть
759000,3,85,10,Другое,Новостройка,Новый ремонт,Раздельный,Нет,Построено,Есть
759000,2,52,2,Сино,Вторичный рынок,С ремонтом,Раздельный,Есть,Построено,Есть
759900,1,62,9,И. Сомони,Новостройка,Новый ремонт,Раздельный,Есть,Построено,Есть
760000,2,75,13,Другое,Новостройка,Без ремонта (коробка),Раздельный,Есть,Построено,Нет
760000,2,60,15,Другое,Новостройка,Новый ремонт,Раздельный,Есть,Построено,Есть
760000,1,70,7,И. Сомони,Новостройка,Без ремонта (коробка),Раздельный,Есть,Построено,Нет
760000,3,83,16,Другое,Новостройка,Без ремонта (коробка),Раздельный,Есть,Построено,Нет
760000,2,85,3,Сино,Новостройка,Без ремонта (коробка),Раздельный,Есть,На стадии строительства,Нет
760000,3,78,7,Сино,Новостройка,Новый ремонт,Раздельный,Нет,Построено,Нет
760000,2,70,9,Сино,Новостройка,Новый ремонт,Раздельный,Есть,Построено,Нет
760000,2,65,14,Фирдавси,Новостройка,Новый ремонт,Совмещенный,Есть,Построено,Есть
760000,2,65,4,Сино,Новостройка,Новый ремонт,Раздельный,Есть,Построено,Есть
760000,3,66,4,Сино,Вторичный рынок,С ремонтом,Раздельный,Есть,Построено,Есть
760000,2,58,10,Сино,Новостройка,Новый ремонт,Совмещенный,Есть,Построено,Есть
760000,2,69,4,Другое,Новостройка,Новый ремонт,Раздельный,Есть,Построено,Есть
760000,2,65,10,И. Сомони,Новостройка,Без ремонта (коробка),Раздельный,Есть,Построено,Нет
760000,2,100,17,Фирдавси,Новостройка,Новый ремонт,Совмещенный,Есть,Построено,Нет
760000,2,68,2,Сино,Вторичный рынок,С ремонтом,Раздельный,Есть,Построено,Есть
760000,4,112,4,Сино,Новостройка,С ремонтом,Совмещенный,Нет,Построено,Есть
760000,2,60,2,Фирдавси,Новостройка,Новый ремонт,Раздельный,Есть,На стадии строительства,Есть
760000,2,69,4,Шохмансур,Новостройка,Новый ремонт,Раздельный,Есть,Построено,Есть
760000,2,58,10,Сино,Новостройка,С ремонтом,Совмещенный,Есть,Построено,Есть
760000,2,60,15,И. Сомони,Новостройка,Новый ремонт,Раздельный,Есть,Построено,Нет
760000,2,72,13,Фирдавси,Новостройка,Новый ремонт,Совмещенный,Есть,Построено,Есть
760000,3,105,4,Другое,Новостройка,Без ремонта (коробка),Раздельный,Есть,На стадии строительства,Нет
760000,2,60,9,Сино,Новостройка,С ремонтом,Совмещенный,Есть,Построено,Нет
760000,2,82,10,Другое,Новостройка,Без ремонта (коробка),Раздельный,Нет,Построено,Нет
760000,3,107,12,Фирдавси,Новостройка,Без ремонта (коробка),Раздельный,Нет,На стадии строительства,Нет
760000,3,63,4,Сино,Вторичный рынок,С ремонтом,Раздельный,Есть,Построено,Есть
760000,2,54,10,Сино,Новостройка,Новый ремонт,Раздельный,Есть,Построено,Нет
760000,4,93,10,Фирдавси,Вторичный рынок,С ремонтом,Раздельный,Есть,Построено,Есть
760000,2,58,15,Шохмансур,Новостройка,Новый ремонт,Совмещенный,Есть,Построено,Есть
760000,2,63,3,Другое,Новостройка,С ремонтом,Раздельный,Есть,Построено,Есть
760000,1,65,12,Другое,Новостройка,Без ремонта (коробка),Совмещенный,Есть,Построено,Нет
760000,4,85,4,Сино,Вторичный рынок,Без ремонта (коробка),Раздельный,Есть,Построено,Есть
760000,2,54,4,Сино,Вторичный рынок,Новый ремонт,Раздельный,Есть,Построено,Есть
760000,2,56,9,Сино,Новостройка,С ремонтом,Совмещенный,Есть,Построено,Нет
760000,2,57,8,Сино,Новостройка,Новый ремонт,Совмещенный,Есть,Построено,Нет
760000,2,65,10,Другое,Новостройка,Без ремонта (коробка),Раздельный,Есть,Построено,Нет
760000,3,83,16,Шохмансур,Новостройка,Без ремонта (коробка),Совмещенный,Есть,Построено,Нет
760000,3,75,11,Сино,Новостройка,Новый ремонт,Раздельный,Есть,Построено,Есть
760000,3,70,1,Сино,Вторичный рынок,С ремонтом,Раздельный,Есть,Построено,Есть
760000,2,67,6,Сино,Вторичный рынок,С ремонтом,Раздельный,Есть,Построено,Есть
760000,2,56,6,Сино,Новостройка,Новый ремонт,Совмещенный,Есть,Построено,Нет
760000,2,52,4,Сино,Вторичный рынок,Новый ремонт,Раздельный,Есть,Построено,Есть
760000,2,65,5,Сино,Новостройка,Новый ремонт,Раздельный,Есть,Построено,Нет
760000,4,80,4,Другое,Вторичный рынок,С ремонтом,Раздельный,Есть,Построено,Есть
760000,3,120,6,Сино,Новостройка,С ремонтом,Раздельный,Нет,Построено,Есть
760000,2,65,13,Сино,Новостройка,С ремонтом,Раздельный,Есть,Построено,Есть
760000,2,68,2,Сино,Вторичный рынок,Новый ремонт,Раздельный,Есть,Построено,Есть
760000,2,82,14,Шохмансур,Новостройка,Без ремонта (коробка),Раздельный,Есть,Построено,Нет
760000,2,105,6,Фирдавси,Новостройка,Без ремонта (коробка),Раздельный,Есть,Построено,Нет
760000,2,80,8,Другое,Новостройка,С ремонтом,Раздельный,Есть,Построено,Есть
760000,3,114,9,Другое,Новостройка,Без ремонта (коробка),Раздельный,Нет,На стадии строительства,Нет
760000,2,65,5,Сино,Новостройка,Новый ремонт,Раздельный,Есть,Построено,Есть
760000,3,63,3,Сино,Новостройка,С ремонтом,Раздельный,Есть,Построено,Есть
760000,2,82,12,Сино,Новостройка,Новый ремонт,Раздельный,Есть,Построено,Нет
760000,2,68,16,Сино,Новостройка,С ремонтом,Совмещенный,Есть,На стадии строительства,Есть
760000,2,60,11,Сино,Новостройка,Новый ремонт,Раздельный,Есть,Построено,Нет
760000,2,70,9,Сино,Новостройка,Новый ремонт,Раздельный,Есть,Построено,Есть
760000,2,78,7,Сино,Новостройка,Новый ремонт,Раздельный,Нет,Построено,Нет
762000,2,89,9,Другое,Новостройка,Без ремонта (коробка),Раздельный,Есть,На стадии строительства,Есть
762000,3,102,2,Другое,Новостройка,Без ремонта (коробка),Раздельный,Нет,Построено,Есть
763000,2,66,6,Сино,Новостройка,Новый ремонт,Раздельный,Есть,Построено,Нет
764000,2,64,13,Другое,Новостройка,С ремонтом,Совмещенный,Есть,Построено,Нет
765000,2,58,9,Шохмансур,Новостройка,Новый ремонт,Раздельный,Есть,Построено,Нет
765000,2,74,5,Сино,Новостройка,Новый ремонт,Раздельный,Есть,Построено,Нет
765000,2,76,13,Сино,Новостройка,С ремонтом,Раздельный,Нет,Построено,Есть
765000,2,64,13,Фирдавси,Новостройка,Новый ремонт,Раздельный,Есть,Построено,Есть
765000,3,85,15,Сино,Новостройка,Новый ремонт,Раздельный,Есть,Построено,Есть
765000,3,63,4,Сино,Вторичный рынок,С ремонтом,Раздельный,Есть,Построено,Есть
765000,3,80,16,Шохмансур,Новостройка,Без ремонта (коробка),Раздельный,Есть,Построено,Нет
765000,2,64,2,И. Сомони,Новостройка,Новый ремонт,Раздельный,Есть,Построено,Нет
765000,3,135,12,Сино,Новостройка,Без ремонта (коробка),Раздельный,Есть,На стадии строительства,Нет
765000,3,88,2,Сино,Новостройка,Без ремонта (коробка),Раздельный,Нет,На стадии строительства,Нет
765000,2,104,2,Другое,Новостройка,Без ремонта (коробка),Раздельный,Нет,Построено,Есть
765001,2,56,15,Фирдавси,Новостройка,Новый ремонт,Совмещенный,Есть,Построено,Есть
766000,3,83,6,Другое,Новостройка,Без ремонта (коробка),Раздельный,Есть,Построено,Нет
767980,2,81,11,Сино,Новостройка,Без ремонта (коробка),Раздельный,Есть,Построено,Нет
768000,3,70,3,И. Сомони,Новостройка,Без ремонта (коробка),Совмещенный,Нет,Построено,Нет
768000,2,94,3,Шохмансур,Новостройка,Без ремонта (коробка),Раздельный,Нет,На стадии строительства,Нет
769000,3,75,4,Сино,Вторичный рынок,С ремонтом,Раздельный,Есть,Построено,Есть
769000,3,99,9,Сино,Новостройка,Новый ремонт,Совмещенный,Нет,Построено,Нет
769000,2,61,11,Сино,Новостройка,Новый ремонт,Раздельный,Есть,Построено,Есть
770000,2,55,3,Фирдавси,Новостройка,Новый ремонт,Раздельный,Есть,Построено,Есть
770000,3,116,13,Фирдавси,Новостройка,Без ремонта (коробка),Раздельный,Есть,Построено,Нет
770000,3,71,4,Другое,Новостройка,Новый ремонт,Раздельный,Есть,Построено,Есть
770000,2,60,6,Сино,Новостройка,Новый ремонт,Совмещенный,Есть,Построено,Нет
770000,2,66,6,Сино,Новостройка,Новый ремонт,Раздельный,Есть,Построено,Нет
770000,2,55,3,Другое,Новостройка,Новый ремонт,Раздельный,Есть,Построено,Есть
770000,2,55,7,Сино,Новостройка,Новый ремонт,Раздельный,Есть,Построено,Нет
770000,2,55,3,Фирдавси,Новостройка,Новый ремонт,Раздельный,Нет,Построено,Есть
770000,2,80,2,Сино,Новостройка,Новый ремонт,Раздельный,Есть,Построено,Нет
770000,3,73,4,Шохмансур,Новостройка,С ремонтом,Раздельный,Есть,Построено,Есть
770000,2,60,6,Сино,Новостройка,Новый ремонт,Раздельный,Есть,Построено,Нет
770000,3,92,4,Сино,Новостройка,Без ремонта (коробка),Раздельный,Есть,Построено,Нет
770000,1,77,14,Шохмансур,Новостройка,Без ремонта (коробка),Раздельный,Есть,Построено,Нет
770000,2,55,3,Фирдавси,Вторичный рынок,Новый ремонт,Раздельный,Есть,Построено,Есть
770000,2,100,10,Другое,Новостройка,Без ремонта (коробка),Раздельный,Нет,На стадии строительства,Нет
770000,2,58,3,Фирдавси,Новостройка,Новый ремонт,Раздельный,Есть,Построено,Нет
770000,2,60,6,Другое,Новостройка,Новый ремонт,Совмещенный,Нет,Построено,Нет
770000,3,68,2,Сино,Вторичный рынок,Новый ремонт,Раздельный,Есть,Построено,Есть
770000,2,65,5,Другое,Новостройка,С ремонтом,Совмещенный,Есть,Построено,Есть
770000,1,58,10,Сино,Новостройка,Новый ремонт,Совмещенный,Есть,Построено,Есть
770000,2,57,3,Фирдавси,Новостройка,Новый ремонт,Раздельный,Нет,Построено,Есть
770000,2,50,12,Шохмансур,Новостройка,С ремонтом,Совмещенный,Есть,Построено,Есть
770000,1,62,10,Другое,Новостройка,Без ремонта (коробка),Раздельный,Есть,Построено,Нет
770000,2,74,11,Сино,Новостройка,Без ремонта (коробка),Раздельный,Есть,Построено,Есть
770000,2,60,6,Сино,Вторичный рынок,С ремонтом,Раздельный,Есть,Построено,Есть
770000,2,55,3,Фирдавси,Новостройка,С ремонтом,Совмещенный,Есть,Построено,Есть
770000,2,55,2,Сино,Вторичный рынок,Новый ремонт,Раздельный,Есть,Построено,Есть
770000,3,108,14,Сино,Новостройка,Без ремонта (коробка),Раздельный,Есть,Построено,Нет
770000,2,70,9,Сино,Новостройка,Новый ремонт,Совмещенный,Есть,Построено,Нет
770000,2,66,10,И. Сомони,Новостройка,Без ремонта (коробка),Раздельный,Есть,Построено,Нет
770000,1,62,10,Шохмансур,Новостройка,Без ремонта (коробка),Раздельный,Есть,Построено,Нет
770000,3,80,15,Сино,Новостройка,С ремонтом,Раздельный,Есть,Построено,Нет
770000,2,82,12,Сино,Новостройка,Новый ремонт,Раздельный,Есть,Построено,Есть
770000,2,64,5,Фирдавси,Новостройка,Новый ремонт,Раздельный,Есть,Построено,Нет
770000,2,85,15,Сино,Новостройка,Новый ремонт,Раздельный,Есть,Построено,Есть
770000,3,55,3,Фирдавси,Новостройка,Новый ремонт,Раздельный,Есть,Построено,Есть
770000,2,78,8,Сино,Новостройка,Новый ремонт,Раздельный,Есть,Построено,Есть
770000,2,65,5,И. Сомони,Новостройка,С ремонтом,Совмещенный,Есть,Построено,Есть
770000,2,72,15,Сино,Новостройка,С ремонтом,Раздельный,Есть,Построено,Есть
770000,2,68,14,Сино,Новостройка,Новый ремонт,Раздельный,Есть,Построено,Есть
770000,2,60,2,Шохмансур,Новостройка,Новый ремонт,Раздельный,Есть,Построено,Нет
770000,3,107,2,Фирдавси,Новостройка,Без ремонта (коробка),Раздельный,Есть,На стадии строительства,Нет
770000,2,70,9,Сино,Новостройка,Новый ремонт,Раздельный,Есть,Построено,Нет
770000,2,70,4,Сино,Новостройка,Новый ремонт,Совмещенный,Есть,Построено,Нет
770000,3,65,5,И. Сомони,Новостройка,С ремонтом,Совмещенный,Есть,Построено,Есть
770000,2,86,6,Сино,Новостройка,С ремонтом,Раздельный,Нет,Построено,Нет
770000,3,65,7,Фирдавси,Новостройка,Новый ремонт,Раздельный,Есть,Построено,Нет
770000,3,66,5,Шохмансур,Вторичный рынок,Новый ремонт,Раздельный,Нет,Построено,Есть
770000,3,64,1,Шохмансур,Вторичный рынок,С ремонтом,Раздельный,Есть,Построено,Есть
770000,2,54,3,Фирдавси,Новостройка,Новый ремонт,Раздельный,Есть,Построено,Есть
770000,2,81,9,Шохмансур,Новостройка,Без ремонта (коробка),Раздельный,Есть,На стадии строительства,Нет
770000,3,80,2,Сино,Вторичный рынок,Новый ремонт,Раздельный,Есть,Построено,Есть
770000,2,46,10,И. Сомони,Новостройка,Новый ремонт,Совмещенный,Есть,Построено,Нет
770000,2,82,12,Сино,Новостройка,Новый ремонт,Раздельный,Есть,Построено,Нет
770000,1,52,12,Шохмансур,Новостройка,Новый ремонт,Совмещенный,Есть,Построено,Нет
770000,3,90,3,Другое,Новостройка,Новый ремонт,Раздельный,Нет,Построено,Есть
770000,3,84,10,Другое,Новостройка,Новый ремонт,Совмещенный,Нет,Построено,Нет
770000,2,100,15,И. Сомони,Новостройка,Без ремонта (коробка),Раздельный,Есть,Построено,Нет
770000,3,65,7,Фирдавси,Новостройка,С ремонтом,Совмещенный,Есть,Построено,Нет
770000,2,61,11,Сино,Новостройка,Новый ремонт,Совмещенный,Есть,Построено,Нет
770000,2,55,3,Другое,Новостройка,С ремонтом,Раздельный,Нет,Построено,Есть
770000,2,93,8,И. Сомони,Новостройка,Без ремонта (коробка),Раздельный,Есть,На стадии строительства,Нет
770000,3,118,4,Сино,Новостройка,Без ремонта (коробка),Раздельный,Нет,На стадии строительства,Нет
770000,3,90,6,Другое,Новостройка,Без ремонта (коробка),Раздельный,Есть,Построено,Нет
770000,3,108,5,Шохмансур,Новостройка,Без ремонта (коробка),Раздельный,Есть,На стадии строительства,Нет
770000,2,56,11,И. Сомони,Новостройка,Новый ремонт,Совмещенный,Есть,Построено,Нет
770000,3,113,9,Шохмансур,Новостройка,Без ремонта (коробка),Раздельный,Есть,Построено,Нет
770000,1,52,12,Шохмансур,Новостройка,Новый ремонт,Раздельный,Есть,Построено,Нет
770000,2,70,10,Сино,Новостройка,С ремонтом,Раздельный,Есть,Построено,Нет
770000,3,80,15,Сино,Новостройка,Новый ремонт,Раздельный,Есть,Построено,Нет
770000,3,60,3,Сино,Вторичный рынок,Новый ремонт,Раздельный,Есть,Построено,Есть
770000,2,77,5,Сино,Новостройка,Без ремонта (коробка),Раздельный,Нет,Построено,Нет
770000,2,69,10,Сино,Новостройка,С ремонтом,Раздельный,Есть,Построено,Есть
770000,2,62,1,Фирдавси,Вторичный рынок,С ремонтом,Раздельный,Есть,Построено,Есть
770000,3,52,5,Другое,Вторичный рынок,С ремонтом,Раздельный,Есть,Построено,Есть
770001,2,50,6,Шохмансур,Новостройка,Новый ремонт,Раздельный,Есть,Построено,Нет
770001,3,80,15,Сино,Новостройка,С ремонтом,Раздельный,Есть,Построено,Нет
770001,2,55,3,Фирдавси,Новостройка,Новый ремонт,Раздельный,Нет,Построено,Есть
770226,4,101,4,Сино,Новостройка,Без ремонта (коробка),Раздельный,Есть,На стадии строительства,Есть
770226,3,101,3,Сино,Новостройка,Без ремонта (коробка),Раздельный,Есть,На стадии строительства,Есть
771559,3,105,9,Сино,Новостройка,Без ремонта (коробка),Раздельный,Есть,На стадии строительства,Нет
772000,2,58,7,И. Сомони,Новостройка,С ремонтом,Совмещенный,Есть,Построено,Нет
772000,2,51,6,И. Сомони,Новостройка,С ремонтом,Совмещенный,Есть,Построено,Есть
772000,2,77,8,Сино,Новостройка,С ремонтом,Раздельный,Нет,Построено,Есть
774000,3,107,14,Сино,Новостройка,Без ремонта (коробка),Раздельный,Есть,Построено,Нет
775000,2,65,7,Фирдавси,Новостройка,С ремонтом,Совмещенный,Есть,Построено,Нет
775000,3,107,14,Сино,Новостройка,Без ремонта (коробка),Раздельный,Есть,Построено,Нет
775000,2,55,14,Другое,Вторичный рынок,Новый ремонт,Совмещенный,Есть,Построено,Есть
775000,2,82,9,Шохмансур,Новостройка,Без ремонта (коробка),Раздельный,Есть,Построено,Есть
775000,2,96,2,Сино,Новостройка,Новый ремонт,Совмещенный,Есть,Построено,Есть
775000,4,112,12,Шохмансур,Новостройка,Без ремонта (коробка),Раздельный,Есть,Построено,Нет
775000,2,73,9,Сино,Новостройка,С ремонтом,Раздельный,Есть,Построено,Нет
775000,4,74,1,Сино,Вторичный рынок,С ремонтом,Раздельный,Есть,Построено,Есть
775000,2,80,12,Другое,Новостройка,Новый ремонт,Раздельный,Нет,Построено,Есть
775000,3,65,7,Фирдавси,Новостройка,С ремонтом,Совмещенный,Есть,Построено,Нет
775000,2,58,3,Сино,Новостройка,С ремонтом,Раздельный,Есть,Построено,Есть
775000,3,105,10,Фирдавси,Новостройка,Без ремонта (коробка),Раздельный,Есть,Построено,Нет
775000,2,97,10,Другое,Новостройка,Без ремонта (коробка),Раздельный,Есть,На стадии строительства,Нет
775500,2,97,10,И. Сомони,Новостройка,Без ремонта (коробка),Раздельный,Есть,На стадии строительства,Нет
775500,2,97,10,Другое,Новостройка,Без ремонта (коробка),Раздельный,Есть,На стадии строительства,Нет
777000,2,60,4,Сино,Вторичный рынок,Новый ремонт,Раздельный,Есть,Построено,Есть
777000,3,109,16,Другое,Новостройка,Без ремонта (коробка),Раздельный,Есть,На стадии строительства,Есть
777000,3,113,6,Сино,Новостройка,Без ремонта (коробка),Раздельный,Есть,На стадии строительства,Нет
777000,3,80,5,Сино,Новостройка,Новый ремонт,Раздельный,Нет,Построено,Нет
779000,2,67,6,Шохмансур,Новостройка,Новый ремонт,Раздельный,Есть,Построено,Есть
779000,2,66,6,Сино,Новостройка,Новый ремонт,Раздельный,Нет,Построено,Нет
779000,2,67,7,Шохмансур,Новостройка,Новый ремонт,Раздельный,Есть,Построено,Есть
780000,1,51,7,Шохмансур,Новостройка,С ремонтом,Раздельный,Есть,Построено,Есть
780000,2,70,4,Другое,Новостройка,Новый ремонт,Раздельный,Нет,Построено,Есть
780000,3,108,15,Фирдавси,Новостройка,С ремонтом,Раздельный,Есть,Построено,Нет
780000,3,72,3,Сино,Вторичный рынок,С ремонтом,Раздельный,Есть,Построено,Есть
780000,2,86,6,Сино,Новостройка,С ремонтом,Раздельный,Есть,Построено,Нет
780000,1,52,12,Шохмансур,Новостройка,Новый ремонт,Совмещенный,Есть,Построено,Нет
780000,3,70,2,Сино,Вторичный рынок,С ремонтом,Раздельный,Есть,Построено,Есть
780000,2,58,10,Сино,Новостройка,Новый ремонт,Совмещенный,Есть,Построено,Есть
780000,4,100,2,Другое,Вторичный рынок,С ремонтом,Раздельный,Нет,Построено,Есть
780000,1,58,10,Сино,Новостройка,Новый ремонт,Раздельный,Есть,Построено,Есть
780000,2,56,11,Сино,Новостройка,Новый ремонт,Раздельный,Нет,Построено,Есть
780000,2,67,7,Шохмансур,Новостройка,С ремонтом,Раздельный,Есть,Построено,Есть
780000,2,68,15,Сино,Новостройка,Новый ремонт,Раздельный,Есть,Построено,Есть
780000,2,78,1,Сино,Новостройка,Новый ремонт,Совмещенный,Есть,Построено,Есть
780000,3,104,9,Сино,Новостройка,Без ремонта (коробка),Раздельный,Есть,На стадии строительства,Нет
780000,2,50,6,Шохмансур,Новостройка,Новый ремонт,Раздельный,Есть,Построено,Нет
780000,2,60,7,Шохмансур,Новостройка,С ремонтом,Раздельный,Есть,Построено,Есть
780000,2,82,12,Сино,Новостройка,Новый ремонт,Раздельный,Есть,Построено,Нет
780000,2,60,7,Шохмансур,Новостройка,Новый ремонт,Раздельный,Есть,Построено,Есть
780000,3,86,6,Сино,Новостройка,С ремонтом,Раздельный,Есть,Построено,Есть
780000,2,57,6,Шохмансур,Новостройка,Новый ремонт,Совмещенный,Есть,Построено,Нет
780000,4,121,10,И. Сомони,Новостройка,Без ремонта (коробка),Раздельный,Есть,На стадии строительства,Нет
780000,2,53,2,Фирдавси,Новостройка,Новый ремонт,Раздельный,Есть,Построено,Есть
780000,3,54,18,Другое,Новостройка,С ремонтом,Совмещенный,Есть,Построено,Есть
780000,3,54,18,Другое,Новостройка,Новый ремонт,Раздельный,Есть,Построено,Есть
780000,2,96,2,Другое,Новостройка,Новый ремонт,Раздельный,Есть,Построено,Есть
780000,2,64,1,Сино,Новостройка,Новый ремонт,Совмещенный,Есть,Построено,Нет
780000,3,54,18,И. Сомони,Новостройка,С ремонтом,Совмещенный,Есть,Построено,Есть
780000,3,112,12,Шохмансур,Новостройка,Без ремонта (коробка),Раздельный,Есть,На стадии строительства,Нет
780000,3,68,2,Сино,Вторичный рынок,С ремонтом,Раздельный,Есть,Построено,Есть
780000,3,96,2,Другое,Новостройка,С ремонтом,Раздельный,Есть,Построено,Есть
780000,2,80,3,Сино,Новостройка,Без ремонта (коробка),Раздельный,Нет,Построено,Нет
780000,3,80,3,Сино,Новостройка,С ремонтом,Раздельный,Есть,Построено,Есть
780000,2,57,8,Сино,Новостройка,Без ремонта (коробка),Совмещенный,Есть,Построено,Нет
780000,2,58,3,Сино,Новостройка,С ремонтом,Раздельный,Есть,Построено,Есть
780000,2,67,7,Шохмансур,Новостройка,Новый ремонт,Раздельный,Есть,Построено,Есть
780000,4,85,5,Сино,Вторичный рынок,С ремонтом,Раздельный,Есть,Построено,Есть
780000,3,80,5,Сино,Новостройка,Новый ремонт,Раздельный,Есть,Построено,Нет
780000,2,57,8,Сино,Новостройка,Новый ремонт,Совмещенный,Есть,Построено,Нет
780000,2,70,5,Сино,Новостройка,Новый ремонт,Раздельный,Есть,Построено,Есть
780000,3,95,5,Шохмансур,Новостройка,Без ремонта (коробка),Раздельный,Есть,Построено,Нет
780000,3,60,5,И. Сомони,Вторичный рынок,С ремонтом,Раздельный,Есть,Построено,Есть
780000,2,70,5,Сино,Новостройка,Новый ремонт,Раздельный,Есть,Построено,Нет
780000,2,53,2,Другое,Новостройка,Новый ремонт,Раздельный,Есть,Построено,Есть
780000,2,61,11,Сино,Новостройка,Новый ремонт,Совмещенный,Есть,Построено,Нет
780000,2,61,11,Сино,Новостройка,Новый ремонт,Раздельный,Есть,Построено,Есть
780000,2,80,12,Сино,Новостройка,Новый ремонт,Раздельный,Есть,Построено,Нет
780000,3,86,14,Другое,Новостройка,С ремонтом,Раздельный,Есть,Построено,Нет
780000,3,68,3,Другое,Вторичный рынок,Новый ремонт,Раздельный,Есть,Построено,Есть
780000,2,78,7,Шохмансур,Новостройка,Без ремонта (коробка),Раздельный,Есть,На стадии строительства,Нет
780000,2,57,8,Сино,Новостройка,Новый ремонт,Раздельный,Есть,Построено,Нет
780000,3,1,4,Фирдавси,Вторичный рынок,С ремонтом,Раздельный,Есть,Построено,Есть
780000,2,65,5,Сино,Новостройка,Новый ремонт,Раздельный,Есть,Построено,Нет
780000,2,67,7,Шохмансур,Вторичный рынок,С ремонтом,Совмещенный,Есть,Построено,Есть
780000,2,77,7,Другое,Новостройка,Без ремонта (коробка),Совмещенный,Есть,На стадии строительства,Нет
780000,2,58,3,Сино,Новостройка,Новый ремонт,Раздельный,Есть,Построено,Есть
780000,4,72,5,Другое,Вторичный рынок,С ремонтом,Раздельный,Нет,Построено,Есть
780000,2,67,5,Другое,Новостройка,Новый ремонт,Раздельный,Есть,Построено,Нет
780000,3,66,4,Сино,Вторичный рынок,С ремонтом,Раздельный,Нет,Построено,Есть
780000,2,96,2,Сино,Новостройка,Новый ремонт,Раздельный,Есть,Построено,Есть
780000,2,67,7,Другое,Новостройка,Новый ремонт,Раздельный,Есть,Построено,Есть
780000,3,70,2,Сино,Вторичный рынок,Новый ремонт,Раздельный,Есть,Построено,Есть
780000,2,70,1,Сино,Новостройка,Новый ремонт,Раздельный,Есть,Построено,Нет
780000,1,70,8,Шохмансур,Новостройка,Без ремонта (коробка),Раздельный,Есть,Построено,Нет
780000,2,60,2,Сино,Новостройка,Новый ремонт,Раздельный,Есть,Построено,Нет
780000,2,68,6,Сино,Новостройка,Новый ремонт,Раздельный,Есть,Построено,Нет
780008,2,65,3,Другое,Новостройка,Новый ремонт,Совмещенный,Нет,Построено,Есть
781000,2,80,9,Шохмансур,Новостройка,Без ремонта (коробка),Раздельный,Есть,Построено,Нет
781200,3,80,9,Шохмансур,Новостройка,Без ремонта (коробка),Совмещенный,Нет,Построено,Нет
781200,2,80,9,Шохмансур,Новостройка,Без ремонта (коробка),Совмещенный,Есть,Построено,Нет
781200,2,70,5,Сино,Новостройка,Новый ремонт,Раздельный,Есть,Построено,Есть
781200,2,70,5,Сино,Новостройка,Новый ремонт,Совмещенный,Есть,Построено,Есть
782000,2,85,11,Сино,Новостройка,Без ремонта (коробка),Раздельный,Есть,Построено,Нет
782000,2,70,5,Сино,Новостройка,Новый ремонт,Раздельный,Есть,Построено,Есть
783000,3,112,12,Сино,Новостройка,Без ремонта (коробка),Раздельный,Нет,На стадии строительства,Нет
784000,2,60,8,Шохмансур,Новостройка,Новый ремонт,Раздельный,Есть,Построено,Нет
784550,3,85,18,Шохмансур,Новостройка,Без ремонта (коробка),Раздельный,Есть,На стадии строительства,Нет
785000,2,73,17,Сино,Новостройка,Новый ремонт,Раздельный,Есть,Построено,Нет
785000,2,73,17,Сино,Новостройка,Новый ремонт,Совмещенный,Есть,Построено,Нет
785000,2,60,8,Шохмансур,Новостройка,Новый ремонт,Совмещенный,Есть,Построено,Нет
785000,3,91,14,И. Сомони,Новостройка,Без ремонта (коробка),Раздельный,Есть,Построено,Нет
785000,2,107,15,Сино,Новостройка,Без ремонта (коробка),Раздельный,Есть,Построено,Нет
785000,2,54,18,Другое,Новостройка,Новый ремонт,Раздельный,Есть,Построено,Есть
785000,2,63,3,Фирдавси,Новостройка,Новый ремонт,Совмещенный,Есть,Построено,Нет
785000,2,66,12,Сино,Новостройка,Новый ремонт,Раздельный,Есть,Построено,Нет
785000,2,85,6,Шохмансур,Новостройка,Новый ремонт,Раздельный,Есть,Построено,Есть
785000,2,104,14,Шохмансур,Новостройка,Без ремонта (коробка),Раздельный,Есть,Построено,Нет
785000,2,60,9,Сино,Новостройка,С ремонтом,Совмещенный,Есть,Построено,Нет
785000,2,104,14,Шохмансур,Новостройка,Без ремонта (коробка),Совмещенный,Есть,На стадии строительства,Нет
785000,2,104,14,Шохмансур,Новостройка,Без ремонта (коробка),Раздельный,Есть,На стадии строительства,Нет
785000,2,82,12,Сино,Новостройка,С ремонтом,Раздельный,Есть,Построено,Нет
785000,2,73,17,Сино,Новостройка,Новый ремонт,Раздельный,Есть,Построено,Есть
785000,3,67,1,Фирдавси,Вторичный рынок,Новый ремонт,Раздельный,Нет,Построено,Есть
785000,2,85,6,Шохмансур,Новостройка,Без ремонта (коробка),Раздельный,Нет,На стадии строительства,Есть
785000,2,60,8,Шохмансур,Новостройка,Новый ремонт,Раздельный,Есть,Построено,Нет
785000,2,60,8,Шохмансур,Новостройка,Новый ремонт,Раздельный,Нет,Построено,Нет
785000,2,49,8,И. Сомони,Вторичный рынок,С ремонтом,Раздельный,Есть,Построено,Есть
785000,2,85,6,Шохмансур,Новостройка,Без ремонта (коробка),Раздельный,Есть,Построено,Есть
785000,2,56,3,Фирдавси,Новостройка,Новый ремонт,Раздельный,Есть,Построено,Нет
785000,2,67,5,Другое,Новостройка,Без ремонта (коробка),Раздельный,Есть,Построено,Нет
786000,2,67,12,Сино,Новостройка,Новый ремонт,Раздельный,Есть,Построено,Нет
788000,3,115,12,Сино,Новостройка,Без ремонта (коробка),Раздельный,Есть,На стадии строительства,Нет
789000,2,80,8,Другое,Новостройка,Новый ремонт,Раздельный,Есть,Построено,Нет
789000,3,50,7,И. Сомони,Новостройка,Новый ремонт,Совмещенный,Есть,Построено,Нет
790000,2,96,2,Сино,Новостройка,Новый ремонт,Раздельный,Есть,Построено,Есть
790000,2,64,3,Другое,Новостройка,Новый ремонт,Раздельный,Есть,Построено,Есть
790000,3,108,7,Сино,Новостройка,Без ремонта (коробка),Раздельный,Есть,Построено,Нет
790000,3,93,4,Другое,Новостройка,С ремонтом,Раздельный,Нет,Построено,Есть
790000,3,90,8,Сино,Новостройка,Новый ремонт,Раздельный,Есть,Построено,Есть
790000,3,75,4,Фирдавси,Вторичный рынок,С ремонтом,Раздельный,Есть,Построено,Есть
790000,2,55,15,Шохмансур,Новостройка,Новый ремонт,Раздельный,Нет,Построено,Нет
790000,2,78,15,Фирдавси,Новостройка,Новый ремонт,Раздельный,Есть,Построено,Есть
790000,3,60,3,Сино,Вторичный рынок,С ремонтом,Совмещенный,Есть,Построено,Есть
790000,2,55,15,Шохмансур,Новостройка,Новый ремонт,Совмещенный,Есть,Построено,Нет
790000,2,52,2,Сино,Новостройка,С ремонтом,Раздельный,Есть,Построено,Нет
790000,3,67,13,Сино,Новостройка,Новый ремонт,Совмещенный,Есть,Построено,Нет
790000,2,58,9,И. Сомони,Новостройка,Новый ремонт,Раздельный,Нет,Построено,Нет
790000,2,65,14,Фирдавси,Новостройка,Новый ремонт,Раздельный,Есть,Построено,Нет
790000,3,70,1,Сино,Вторичный рынок,С ремонтом,Раздельный,Есть,Построено,Есть
790000,3,65,7,Фирдавси,Новостройка,Без ремонта (коробка),Раздельный,Есть,Построено,Нет
790000,2,60,17,Фирдавси,Новостройка,Новый ремонт,Раздельный,Есть,Построено,Есть
790000,2,68,2,Сино,Вторичный рынок,Новый ремонт,Раздельный,Есть,Построено,Есть
790000,3,90,8,Сино,Новостройка,Новый ремонт,Раздельный,Есть,Построено,Нет
790000,4,100,3,Другое,Вторичный рынок,С ремонтом,Раздельный,Нет,Построено,Есть
790000,2,73,17,Сино,Новостройка,Новый ремонт,Совмещенный,Есть,Построено,Нет
790000,2,77,5,Сино,Новостройка,Без ремонта (коробка),Раздельный,Нет,Построено,Нет
790000,2,71,14,Сино,Новостройка,С ремонтом,Раздельный,Нет,Построено,Есть
790000,2,60,17,Другое,Новостройка,С ремонтом,Раздельный,Есть,Построено,Есть
790000,2,68,6,Сино,Новостройка,Новый ремонт,Раздельный,Есть,Построено,Нет
790000,2,55,15,Шохмансур,Новостройка,Новый ремонт,Раздельный,Есть,Построено,Нет
790000,2,54,12,Сино,Новостройка,Новый ремонт,Совмещенный,Есть,Построено,Нет
790000,2,64,14,Фирдавси,Новостройка,Новый ремонт,Раздельный,Есть,Построено,Нет
790000,2,75,7,Сино,Новостройка,С ремонтом,Совмещенный,Есть,Построено,Есть
790000,2,91,3,Другое,Новостройка,Без ремонта (коробка),Раздельный,Есть,Построено,Нет
790000,2,58,9,Шохмансур,Новостройка,Новый ремонт,Раздельный,Есть,Построено,Нет
790000,2,66,10,И. Сомони,Новостройка,Без ремонта (коробка),Раздельный,Есть,Построено,Нет
790000,2,104,14,Шохмансур,Новостройка,Без ремонта (коробка),Раздельный,Есть,Построено,Нет
790000,2,52,2,Сино,Вторичный рынок,Новый ремонт,Раздельный,Есть,Построено,Есть
790000,2,77,5,Сино,Новостройка,Без ремонта (коробка),Раздельный,Есть,Построено,Нет
790000,2,61,11,Сино,Новостройка,Новый ремонт,Совмещенный,Есть,Построено,Нет
790000,2,60,16,Фирдавси,Новостройка,Новый ремонт,Совмещенный,Нет,Построено,Нет
790000,2,67,5,Шохмансур,Новостройка,Новый ремонт,Раздельный,Есть,Построено,Нет
790000,3,101,9,Сино,Вторичный рынок,С ремонтом,Совмещенный,Есть,Построено,Есть
790000,2,57,6,Сино,Новостройка,Новый ремонт,Раздельный,Нет,Построено,Нет
790000,3,71,4,Шохмансур,Новостройка,С ремонтом,Раздельный,Есть,Построено,Есть
790000,2,68,2,Сино,Вторичный рынок,С ремонтом,Раздельный,Есть,Построено,Есть
790000,3,86,14,Фирдавси,Новостройка,С ремонтом,Раздельный,Есть,Построено,Нет
790000,2,52,2,Сино,Новостройка,Новый ремонт,Раздельный,Есть,Построено,Есть
790000,2,60,8,Сино,Новостройка,Новый ремонт,Совмещенный,Есть,Построено,Есть
790000,2,60,17,Фирдавси,Новостройка,С ремонтом,Раздельный,Есть,Построено,Есть
790000,2,90,2,Сино,Новостройка,Без ремонта (коробка),Раздельный,Есть,Построено,Нет
790000,2,72,10,Фирдавси,Новостройка,С ремонтом,Совмещенный,Нет,Построено,Есть
790000,3,71,16,Фирдавси,Новостройка,Новый ремонт,Раздельный,Есть,Построено,Есть
790000,3,101,13,Фирдавси,Новостройка,Без ремонта (коробка),Раздельный,Есть,Построено,Нет
790000,2,56,3,Фирдавси,Новостройка,Новый ремонт,Раздельный,Есть,Построено,Нет
790000,2,73,17,Сино,Новостройка,С ремонтом,Совмещенный,Есть,Построено,Нет
790000,2,64,14,Сино,Новостройка,Новый ремонт,Раздельный,Есть,Построено,Нет
790000,3,115,9,Шохмансур,Новостройка,Без ремонта (коробка),Раздельный,Есть,На стадии строительства,Нет
790000,2,57,15,Шохмансур,Новостройка,Новый ремонт,Совмещенный,Есть,Построено,Нет
790000,2,64,14,Фирдавси,Новостройка,Новый ремонт,Раздельный,Нет,Построено,Нет
790000,3,71,16,Фирдавси,Новостройка,Новый ремонт,Раздельный,Есть,Построено,Нет
790000,4,100,4,Сино,Вторичный рынок,С ремонтом,Раздельный,Нет,Построено,Есть
790000,2,67,4,Шохмансур,Новостройка,Новый ремонт,Раздельный,Есть,Построено,Нет
790000,2,89,2,И. Сомони,Новостройка,Без ремонта (коробка),Раздельный,Есть,Построено,Нет
790000,3,60,3,Шохмансур,Вторичный рынок,С ремонтом,Раздельный,Есть,Построено,Есть
790000,3,60,5,Фирдавси,Новостройка,С ремонтом,Раздельный,Есть,Построено,Есть
790000,2,54,3,И. Сомони,Новостройка,Без ремонта (коробка),Раздельный,Есть,Построено,Нет
790000,3,85,1,Сино,Новостройка,С ремонтом,Раздельный,Нет,Построено,Есть
790000,2,105,9,Другое,Новостройка,Без ремонта (коробка),Раздельный,Нет,Построено,Нет
790000,2,70,10,Сино,Новостройка,С ремонтом,Раздельный,Есть,Построено,Нет
790000,3,65,4,Сино,Вторичный рынок,С ремонтом,Раздельный,Есть,Построено,Есть
790000,3,106,9,Сино,Новостройка,Без ремонта (коробка),Раздельный,Есть,Построено,Нет
790000,4,140,5,Другое,Вторичный рынок,С ремонтом,Раздельный,Нет,Построено,Есть
790000,1,52,9,Шохмансур,Новостройка,Новый ремонт,Раздельный,Есть,Построено,Есть
790500,3,100,7,Шохмансур,Новостройка,Без ремонта (коробка),Раздельный,Есть,На стадии строительства,Нет
791000,2,61,11,Сино,Новостройка,Новый ремонт,Совмещенный,Есть,Построено,Нет
791500,3,127,11,Шохмансур,Новостройка,Без ремонта (коробка),Раздельный,Нет,На стадии строительства,Нет
795000,3,58,5,Фирдавси,Новостройка,С ремонтом,Раздельный,Есть,Построено,Есть
795000,1,53,13,И. Сомони,Новостройка,Новый ремонт,Совмещенный,Есть,Построено,Есть
795000,4,108,7,Сино,Новостройка,Без ремонта (коробка),Раздельный,Есть,Построено,Нет
795000,2,55,21,Шохмансур,Новостройка,Новый ремонт,Раздельный,Есть,Построено,Нет
795000,3,127,11,Шохмансур,Новостройка,Без ремонта (коробка),Раздельный,Есть,На стадии строительства,Нет
795000,2,57,6,Сино,Новостройка,Новый ремонт,Раздельный,Есть,Построено,Нет
795000,3,70,1,Сино,Вторичный рынок,С ремонтом,Раздельный,Есть,Построено,Есть
795000,3,80,5,Сино,Новостройка,Новый ремонт,Раздельный,Нет,Построено,Нет
795000,3,80,5,Сино,Новостройка,Новый ремонт,Раздельный,Есть,Построено,Нет
795000,3,86,14,Сино,Новостройка,Без ремонта (коробка),Раздельный,Есть,Построено,Нет
795000,2,74,12,Сино,Новостройка,Новый ремонт,Раздельный,Есть,Построено,Нет
795000,3,80,5,Сино,Новостройка,Новый ремонт,Совмещенный,Нет,Построено,Нет
795000,2,72,4,Сино,Новостройка,С ремонтом,Раздельный,Есть,Построено,Нет
795000,1,77,10,И. Сомони,Новостройка,Без ремонта (коробка),Раздельный,Есть,На стадии строительства,Нет
795000,2,60,2,Сино,Новостройка,Новый ремонт,Раздельный,Есть,Построено,Нет
795000,2,61,11,Сино,Новостройка,Новый ремонт,Совмещенный,Есть,Построено,Нет
795000,2,69,12,Сино,Новостройка,Новый ремонт,Раздельный,Есть,Построено,Нет
795000,3,58,5,Фирдавси,Новостройка,Новый ремонт,Раздельный,Есть,Построено,Есть
795000,3,80,5,Другое,Новостройка,Новый ремонт,Раздельный,Есть,Построено,Нет
795000,3,90,15,Другое,Новостройка,Без ремонта (коробка),Раздельный,Есть,Построено,Нет
795000,3,90,15,И. Сомони,Новостройка,Без ремонта (коробка),Раздельный,Есть,Построено,Нет
795000,3,85,4,Сино,Новостройка,Новый ремонт,Совмещенный,Есть,Построено,Есть
795000,3,58,5,Фирдавси,Новостройка,С ремонтом,Совмещенный,Нет,Построено,Есть
795000,3,92,5,Другое,Новостройка,С ремонтом,Раздельный,Нет,Построено,Есть
795000,3,58,5,Другое,Новостройка,Новый ремонт,Раздельный,Есть,Построено,Есть
795000,3,58,5,Другое,Новостройка,Новый ремонт,Совмещенный,Нет,Построено,Есть
795000,2,90,4,И. Сомони,Новостройка,Без ремонта (коробка),Раздельный,Есть,Построено,Нет
795000,3,58,5,Фирдавси,Новостройка,Новый ремонт,Совмещенный,Есть,Построено,Есть
795000,2,60,2,Сино,Новостройка,Новый ремонт,Раздельный,Нет,Построено,Нет
795000,3,90,15,Шохмансур,Новостройка,Без ремонта (коробка),Раздельный,Нет,На стадии строительства,Есть
795000,2,80,15,Сино,Новостройка,Новый ремонт,Раздельный,Нет,Построено,Есть
795973,3,108,5,Шохмансур,Новостройка,Без ремонта (коробка),Раздельный,Есть,На стадии строительства,Нет
798000,3,112,11,Сино,Новостройка,Без ремонта (коробка),Раздельный,Нет,На стадии строительства,Нет
798000,2,69,9,Другое,Новостройка,Без ремонта (коробка),Раздельный,Есть,На стадии строительства,Нет
799000,3,62,1,Фирдавси,Вторичный рынок,С ремонтом,Раздельный,Есть,Построено,Есть
799000,3,65,13,Шохмансур,Новостройка,Новый ремонт,Раздельный,Есть,Построено,Нет
799000,3,67,3,Сино,Вторичный рынок,С ремонтом,Раздельный,Есть,Построено,Есть
799000,3,65,13,Шохмансур,Новостройка,Новый ремонт,Совмещенный,Есть,Построено,Нет
799000,3,74,7,Сино,Новостройка,С ремонтом,Раздельный,Есть,Построено,Нет
799000,3,64,3,И. Сомони,Новостройка,Новый ремонт,Совмещенный,Есть,Построено,Нет
799000,4,135,1,Сино,Новостройка,С ремонтом,Раздельный,Нет,Построено,Нет
799000,2,64,3,И. Сомони,Новостройка,Новый ремонт,Совмещенный,Есть,Построено,Нет
799000,3,64,3,И. Сомони,Новостройка,Новый ремонт,Раздельный,Есть,Построено,Нет
799000,2,69,15,Сино,Новостройка,Новый ремонт,Раздельный,Есть,Построено,Нет
799000,3,88,5,Другое,Новостройка,Новый ремонт,Раздельный,Нет,Построено,Есть
799000,2,68,15,Сино,Новостройка,Новый ремонт,Раздельный,Есть,Построено,Нет
799000,2,64,13,Сино,Новостройка,Новый ремонт,Раздельный,Есть,Построено,Есть
799500,2,50,3,Сино,Новостройка,С ремонтом,Раздельный,Нет,На стадии строительства,Есть
799900,3,65,4,Фирдавси,Вторичный рынок,С ремонтом,Раздельный,Нет,Построено,Есть
799940,3,94,9,Сино,Новостройка,Без ремонта (коробка),Раздельный,Есть,На стадии строительства,Нет
799990,3,83,13,Шохмансур,Новостройка,С ремонтом,Раздельный,Есть,Построено,Есть
799990,3,123,20,Сино,Новостройка,Без ремонта (коробка),Раздельный,Есть,Построено,Нет
799999,2,57,6,Сино,Новостройка,Новый ремонт,Раздельный,Есть,Построено,Нет
799999,2,65,7,Фирдавси,Вторичный рынок,С ремонтом,Раздельный,Есть,Построено,Есть
800000,4,100,3,Шохмансур,Вторичный рынок,С ремонтом,Раздельный,Есть,Построено,Есть
800000,2,68,3,Шохмансур,Новостройка,Новый ремонт,Раздельный,Есть,Построено,Есть
800000,2,74,5,Сино,Новостройка,С ремонтом,Раздельный,Есть,Построено,Нет
800000,3,85,8,Сино,Вторичный рынок,С ремонтом,Раздельный,Есть,Построено,Есть
800000,2,93,1,Сино,Новостройка,С ремонтом,Совмещенный,Нет,Построено,Есть
800000,4,113,2,Сино,Новостройка,Без ремонта (коробка),Раздельный,Нет,Построено,Есть
800000,3,70,1,Сино,Вторичный рынок,С ремонтом,Раздельный,Есть,Построено,Есть
800000,3,62,1,Сино,Вторичный рынок,С ремонтом,Раздельный,Нет,Построено,Есть
800000,3,88,7,Сино,Новостройка,Новый ремонт,Раздельный,Есть,Построено,Есть
800000,2,54,7,И. Сомони,Новостройка,Новый ремонт,Раздельный,Есть,Построено,Есть
800000,2,70,12,Сино,Новостройка,С ремонтом,Раздельный,Есть,Построено,Нет
800000,2,57,6,Сино,Новостройка,Новый ремонт,Раздельный,Есть,Построено,Нет
800000,3,96,7,Другое,Новостройка,Без ремонта (коробка),Раздельный,Нет,Построено,Есть
800000,4,77,8,Сино,Вторичный рынок,С ремонтом,Совмещенный,Есть,Построено,Есть
800000,3,120,15,Фирдавси,Новостройка,Без ремонта (коробка),Раздельный,Есть,Построено,Нет
800000,2,65,15,Сино,Новостройка,С ремонтом,Совмещенный,Есть,Построено,Есть
800000,2,91,5,И. Сомони,Новостройка,Без ремонта (коробка),Раздельный,Есть,На стадии строительства,Нет
800000,2,71,4,Шохмансур,Новостройка,С ремонтом,Раздельный,Есть,Построено,Есть
800000,2,61,9,Фирдавси,Новостройка,Новый ремонт,Раздельный,Есть,Построено,Есть
800000,2,70,10,Сино,Новостройка,С ремонтом,Раздельный,Есть,Построено,Есть
800000,3,60,4,Сино,Вторичный рынок,Новый ремонт,Совмещенный,Есть,Построено,Есть
800000,3,71,4,Шохмансур,Новостройка,Новый ремонт,Раздельный,Есть,Построено,Есть
800000,2,91,10,Сино,Новостройка,Без ремонта (коробка),Раздельный,Есть,На стадии строительства,Нет
800000,2,91,12,Сино,Новостройка,Без ремонта (коробка),Раздельный,Есть,Построено,Нет
800000,3,53,1,Сино,Вторичный рынок,С ремонтом,Совмещенный,Есть,Построено,Есть
800000,3,74,13,Сино,Новостройка,С ремонтом,Раздельный,Есть,Построено,Есть
800000,2,74,5,Сино,Новостройка,Новый ремонт,Раздельный,Есть,Построено,Нет
800000,2,70,10,Сино,Новостройка,Новый ремонт,Раздельный,Есть,Построено,Есть
800000,2,57,1,Сино,Вторичный рынок,С ремонтом,Раздельный,Есть,Построено,Есть
800000,2,65,15,Сино,Новостройка,Новый ремонт,Совмещенный,Есть,Построено,Нет
800000,2,71,8,И. Сомони,Новостройка,Без ремонта (коробка),Раздельный,Есть,Построено,Нет
800000,2,72,6,Фирдавси,Новостройка,Новый ремонт,Раздельный,Нет,Построено,Есть
800000,2,57,6,Сино,Новостройка,С ремонтом,Раздельный,Есть,Построено,Нет
800000,3,65,1,Шохмансур,Вторичный рынок,Без ремонта (коробка),Раздельный,Есть,Построено,Есть
800000,2,71,4,Шохмансур,Новостройка,Новый ремонт,Совмещенный,Есть,Построено,Есть
800000,2,74,5,Сино,Новостройка,С ремонтом,Раздельный,Есть,Построено,Есть
800000,3,113,8,Шохмансур,Новостройка,Без ремонта (коробка),Раздельный,Есть,На стадии строительства,Нет
800000,2,72,6,Фирдавси,Новостройка,С ремонтом,Раздельный,Есть,Построено,Есть
800000,2,63,2,Фирдавси,Вторичный рынок,С ремонтом,Раздельный,Есть,Построено,Есть
800000,2,67,7,Шохмансур,Вторичный рынок,С ремонтом,Раздельный,Есть,Построено,Есть
800000,2,55,15,Шохмансур,Новостройка,Новый ремонт,Раздельный,Есть,Построено,Нет
800000,2,64,15,Сино,Новостройка,Новый ремонт,Совмещенный,Есть,Построено,Есть
800000,2,69,15,Сино,Новостройка,Новый ремонт,Раздельный,Есть,Построено,Нет
800000,2,75,5,И. Сомони,Новостройка,Без ремонта (коробка),Раздельный,Есть,Построено,Нет
800000,3,112,3,Сино,Новостройка,Без ремонта (коробка),Раздельный,Есть,Построено,Нет
800000,2,55,8,Сино,Новостройка,Новый ремонт,Совмещенный,Есть,Построено,Нет
800000,1,55,8,Сино,Новостройка,Новый ремонт,Совмещенный,Есть,Построено,Нет
800000,3,113,9,Шохмансур,Новостройка,Без ремонта (коробка),Раздельный,Есть,На стадии строительства,Нет
800000,3,65,1,Фирдавси,Вторичный рынок,С ремонтом,Раздельный,Есть,Построено,Есть
800000,3,70,5,Другое,Новостройка,Новый ремонт,Раздельный,Есть,Построено,Нет
800000,3,73,2,Другое,Вторичный рынок,С ремонтом,Раздельный,Нет,Построено,Есть
800000,2,67,7,Шохмансур,Новостройка,Новый ремонт,Раздельный,Есть,Построено,Есть
800000,2,72,2,Другое,Новостройка,С ремонтом,Раздельный,Есть,Построено,Есть
800000,1,67,15,И. Сомони,Новостройка,Без ремонта (коробка),Совмещенный,Есть,Построено,Есть
800000,2,72,13,Фирдавси,Новостройка,С ремонтом,Совмещенный,Есть,Построено,Есть
800000,2,54,7,Другое,Новостройка,С ремонтом,Совмещенный,Есть,Построено,Есть
800000,4,76,2,Другое,Вторичный рынок,Новый ремонт,Раздельный,Нет,Построено,Есть
800000,2,71,4,Шохмансур,Новостройка,Новый ремонт,Раздельный,Есть,Построено,Есть
800000,4,113,2,Другое,Новостройка,Без ремонта (коробка),Раздельный,Нет,Построено,Есть
800000,3,72,2,Сино,Новостройка,Новый ремонт,Раздельный,Есть,Построено,Есть
800000,2,61,3,Сино,Новостройка,Новый ремонт,Совмещенный,Есть,На стадии строительства,Есть
800000,1,86,4,Шохмансур,Новостройка,Без ремонта (коробка),Раздельный,Нет,Построено,Нет
800000,3,70,1,Другое,Вторичный рынок,С ремонтом,Раздельный,Нет,Построено,Есть
800000,2,60,6,Сино,Новостройка,Новый ремонт,Раздельный,Есть,Построено,Нет
800000,2,61,3,Сино,Новостройка,С ремонтом,Совмещенный,Есть,Построено,Есть
800000,3,83,16,Другое,Новостройка,Без ремонта (коробка),Раздельный,Нет,На стадии строительства,Нет
800000,2,74,5,Сино,Новостройка,Новый ремонт,Раздельный,Есть,Построено,Есть
800000,2,60,8,Сино,Новостройка,Новый ремонт,Раздельный,Есть,Построено,Есть
800000,2,50,5,Шохмансур,Новостройка,Без ремонта (коробка),Совмещенный,Нет,Построено,Нет
800000,2,70,17,Другое,Новостройка,Новый ремонт,Раздельный,Есть,Построено,Нет
800000,3,70,2,Сино,Вторичный рынок,Новый ремонт,Раздельный,Нет,Построено,Есть
800000,3,60,3,Сино,Вторичный рынок,С ремонтом,Совмещенный,Есть,Построено,Есть
800000,2,62,15,Сино,Новостройка,Новый ремонт,Раздельный,Есть,Построено,Нет
800000,3,72,4,Сино,Вторичный рынок,С ремонтом,Раздельный,Есть,Построено,Есть
800001,3,83,16,Шохмансур,Новостройка,Без ремонта (коробка),Раздельный,Есть,Построено,Нет
803000,2,91,4,Шохмансур,Новостройка,Без ремонта (коробка),Раздельный,Есть,Построено,Есть
805000,4,78,5,Сино,Вторичный рынок,С ремонтом,Раздельный,Есть,Построено,Есть
805000,2,91,7,Сино,Новостройка,Без ремонта (коробка),Раздельный,Есть,Построено,Нет
807000,3,94,16,И. Сомони,Новостройка,Без ремонта (коробка),Раздельный,Есть,Построено,Нет
807000,3,124,3,Другое,Новостройка,Без ремонта (коробка),Раздельный,Нет,На стадии строительства,Нет
808000,3,100,15,Другое,Новостройка,Без ремонта (коробка),Раздельный,Есть,Построено,Нет
808000,3,100,15,И. Сомони,Новостройка,Без ремонта (коробка),Раздельный,Есть,Построено,Нет
808000,2,86,7,Сино,Новостройка,Без ремонта (коробка),Раздельный,Есть,Построено,Есть
809100,3,145,18,Сино,Новостройка,Без ремонта (коробка),Раздельный,Есть,Построено,Нет
809100,3,116,12,Другое,Новостройка,Без ремонта (коробка),Раздельный,Нет,На стадии строительства,Нет
809100,2,62,2,Сино,Новостройка,Новый ремонт,Раздельный,Нет,Построено,Нет
810000,4,85,5,Сино,Вторичный рынок,С ремонтом,Раздельный,Есть,Построено,Есть
810000,2,57,15,Шохмансур,Новостройка,Новый ремонт,Раздельный,Есть,Построено,Нет
810000,2,91,7,Сино,Новостройка,Без ремонта (коробка),Раздельный,Есть,Построено,Нет
810000,3,111,3,Другое,Новостройка,С ремонтом,Раздельный,Нет,Построено,Есть
810000,2,57,15,Шохмансур,Новостройка,Новый ремонт,Совмещенный,Нет,Построено,Нет
810000,3,60,9,Сино,Новостройка,Новый ремонт,Раздельный,Есть,Построено,Есть
810000,4,80,4,Сино,Вторичный рынок,С ремонтом,Раздельный,Есть,Построено,Есть
810000,2,57,15,Шохмансур,Новостройка,Новый ремонт,Совмещенный,Есть,Построено,Нет
810000,4,82,4,Сино,Вторичный рынок,С ремонтом,Раздельный,Есть,Построено,Есть
810000,3,72,5,Фирдавси,Новостройка,С ремонтом,Раздельный,Есть,Построено,Нет
810000,2,92,3,Другое,Новостройка,Без ремонта (коробка),Раздельный,Нет,На стадии строительства,Нет
810000,4,81,4,Сино,Вторичный рынок,С ремонтом,Раздельный,Есть,Построено,Есть
810000,2,62,11,Сино,Новостройка,Новый ремонт,Совмещенный,Есть,Построено,Нет
810000,4,75,4,Сино,Вторичный рынок,С ремонтом,Раздельный,Есть,Построено,Есть
810000,2,62,11,Сино,Новостройка,Новый ремонт,Раздельный,Есть,Построено,Нет
810000,3,72,5,Фирдавси,Новостройка,С ремонтом,Совмещенный,Есть,Построено,Нет
810000,4,82,4,Сино,Вторичный рынок,Новый ремонт,Раздельный,Есть,Построено,Есть
810000,2,72,6,Сино,Новостройка,Новый ремонт,Раздельный,Есть,Построено,Нет
810000,4,108,7,Сино,Новостройка,Без ремонта (коробка),Раздельный,Есть,Построено,Нет
810000,2,70,12,Сино,Новостройка,Новый ремонт,Раздельный,Есть,Построено,Есть
810000,3,106,14,И. Сомони,Новостройка,Без ремонта (коробка),Раздельный,Есть,Построено,Нет
810000,2,55,15,Шохмансур,Новостройка,Новый ремонт,Совмещенный,Есть,Построено,Нет
810000,2,72,6,Сино,Новостройка,Новый ремонт,Раздельный,Есть,Построено,Есть
810000,2,50,8,И. Сомони,Вторичный рынок,С ремонтом,Раздельный,Есть,Построено,Есть
810000,3,93,12,Шохмансур,Новостройка,Без ремонта (коробка),Раздельный,Есть,На стадии строительства,Есть
810000,3,64,2,Сино,Вторичный рынок,С ремонтом,Совмещенный,Есть,Построено,Есть
810000,3,64,4,Фирдавси,Вторичный рынок,С ремонтом,Раздельный,Есть,Построено,Есть
810000,2,64,5,Сино,Новостройка,Новый ремонт,Раздельный,Есть,Построено,Нет
810000,4,80,5,Сино,Вторичный рынок,С ремонтом,Раздельный,Есть,Построено,Есть
810000,3,87,1,Сино,Новостройка,Новый ремонт,Раздельный,Есть,Построено,Есть
810000,4,80,3,Сино,Вторичный рынок,С ремонтом,Раздельный,Есть,Построено,Есть
810000,2,74,5,Сино,Новостройка,Новый ремонт,Раздельный,Есть,Построено,Нет
810000,2,70,4,Сино,Новостройка,Новый ремонт,Раздельный,Есть,Построено,Нет
810000,2,70,13,Шохмансур,Новостройка,Без ремонта (коробка),Раздельный,Есть,Построено,Есть
810000,3,55,1,Сино,Вторичный рынок,С ремонтом,Раздельный,Есть,Построено,Есть
810000,3,77,4,Фирдавси,Новостройка,С ремонтом,Совмещенный,Нет,Построено,Есть
810000,2,50,12,Другое,Новостройка,С ремонтом,Раздельный,Есть,Построено,Есть
810000,2,85,7,Сино,Новостройка,Без ремонта (коробка),Раздельный,Есть,Построено,Нет
811000,2,90,1,Другое,Новостройка,Без ремонта (коробка),Раздельный,Есть,Построено,Нет
811250,4,147,13,И. Сомони,Новостройка,Без ремонта (коробка),Раздельный,Нет,На стадии строительства,Нет
812000,2,70,17,И. Сомони,Новостройка,Новый ремонт,Раздельный,Есть,Построено,Нет
812000,1,74,15,Шохмансур,Новостройка,Без ремонта (коробка),Раздельный,Есть,Построено,Нет
812000,2,74,5,Другое,Новостройка,Без ремонта (коробка),Раздельный,Есть,На стадии строительства,Нет
812000,3,113,9,Шохмансур,Новостройка,Без ремонта (коробка),Раздельный,Есть,На стадии строительства,Нет
812600,2,96,8,Другое,Новостройка,Без ремонта (коробка),Совмещенный,Нет,На стадии строительства,Нет
813000,3,136,11,Другое,Новостройка,Без ремонта (коробка),Раздельный,Нет,На стадии строительства,Нет
814000,3,135,15,Другое,Новостройка,Без ремонта (коробка),Совмещенный,Нет,На стадии строительства,Нет
814000,4,85,4,Сино,Вторичный рынок,С ремонтом,Совмещенный,Есть,Построено,Есть
815000,2,63,5,Сино,Новостройка,С ремонтом,Раздельный,Есть,Построено,Есть
815000,2,78,15,Фирдавси,Новостройка,Новый ремонт,Раздельный,Есть,Построено,Есть
815000,4,96,9,Сино,Новостройка,Новый ремонт,Раздельный,Нет,Построено,Нет
815000,3,65,13,Шохмансур,Новостройка,Новый ремонт,Совмещенный,Есть,Построено,Нет
815000,2,55,12,Шохмансур,Новостройка,С ремонтом,Совмещенный,Есть,Построено,Есть
815000,3,65,13,Шохмансур,Новостройка,С ремонтом,Совмещенный,Есть,Построено,Нет
815000,3,70,4,Фирдавси,Вторичный рынок,С ремонтом,Раздельный,Есть,Построено,Есть
815000,2,60,9,Сино,Новостройка,Новый ремонт,Раздельный,Есть,Построено,Есть
815000,3,63,4,Сино,Вторичный рынок,С ремонтом,Раздельный,Есть,Построено,Есть
815000,2,66,7,Сино,Новостройка,Новый ремонт,Совмещенный,Есть,Построено,Нет
815000,2,63,5,Сино,Вторичный рынок,Новый ремонт,Раздельный,Есть,Построено,Нет
815000,3,82,12,Фирдавси,Новостройка,Без ремонта (коробка),Раздельный,Есть,Построено,Есть
816000,2,84,15,Другое,Новостройка,Без ремонта (коробка),Раздельный,Есть,Построено,Нет
816000,3,85,12,Фирдавси,Новостройка,Новый ремонт,Раздельный,Есть,Построено,Есть
818000,4,141,13,Сино,Новостройка,Без ремонта (коробка),Раздельный,Есть,На стадии строительства,Нет
818000,2,88,13,И. Сомони,Новостройка,Без ремонта (коробка),Раздельный,Есть,Построено,Есть
818000,2,88,13,И. Сомони,Новостройка,Без ремонта (коробка),Раздельный,Есть,Построено,Нет
818000,2,70,6,Другое,Новостройка,С ремонтом,Раздельный,Есть,Построено,Есть
818400,4,85,4,Сино,Вторичный рынок,С ремонтом,Совмещенный,Есть,Построено,Есть
819000,3,124,5,Сино,Новостройка,С ремонтом,Раздельный,Нет,Построено,Есть
819000,2,63,4,Шохмансур,Вторичный рынок,Новый ремонт,Совмещенный,Нет,Построено,Есть
819000,3,74,4,Сино,Вторичный рынок,Новый ремонт,Раздельный,Есть,Построено,Есть
819000,3,120,16,Фирдавси,Новостройка,Без ремонта (коробка),Раздельный,Есть,Построено,Нет
819188,3,132,3,Другое,Новостройка,Без ремонта (коробка),Раздельный,Нет,На стадии строительства,Нет
820000,2,65,5,Сино,Новостройка,Новый ремонт,Совмещенный,Нет,Построено,Нет
820000,3,106,14,И. Сомони,Вторичный рынок,Без ремонта (коробка),Раздельный,Есть,Построено,Нет
820000,3,85,4,Сино,Вторичный рынок,Новый ремонт,Раздельный,Есть,Построено,Есть
820000,3,110,4,Сино,Новостройка,Новый ремонт,Раздельный,Нет,Построено,Есть
820000,2,92,3,Другое,Новостройка,Без ремонта (коробка),Раздельный,Есть,Построено,Нет
820000,2,92,3,И. Сомони,Новостройка,Без ремонта (коробка),Раздельный,Есть,На стадии строительства,Нет
820000,2,72,2,Другое,Новостройка,Новый ремонт,Совмещенный,Есть,Построено,Нет
820000,2,55,15,Другое,Новостройка,С ремонтом,Совмещенный,Есть,Построено,Есть
820000,3,109,11,Фирдавси,Новостройка,Без ремонта (коробка),Раздельный,Есть,Построено,Нет
820000,4,85,4,Сино,Вторичный рынок,С ремонтом,Раздельный,Нет,Построено,Есть
820000,2,72,2,Сино,Новостройка,С ремонтом,Раздельный,Есть,Построено,Нет
820000,3,75,5,Сино,Новостройка,Новый ремонт,Раздельный,Есть,Построено,Есть
820000,3,80,3,Сино,Новостройка,Новый ремонт,Раздельный,Есть,Построено,Есть
820000,3,82,4,Сино,Вторичный рынок,С ремонтом,Раздельный,Есть,Построено,Есть
820000,2,55,12,Шохмансур,Новостройка,С ремонтом,Совмещенный,Есть,Построено,Есть
820000,2,63,15,Сино,Новостройка,Новый ремонт,Совмещенный,Есть,Построено,Нет
820000,3,117,10,Шохмансур,Новостройка,Без ремонта (коробка),Раздельный,Есть,Построено,Нет
820000,2,60,8,Шохмансур,Новостройка,Новый ремонт,Раздельный,Есть,Построено,Нет
820000,2,54,10,Сино,Новостройка,Новый ремонт,Раздельный,Есть,Построено,Нет
820000,2,70,12,Сино,Новостройка,С ремонтом,Совмещенный,Есть,Построено,Нет
820000,1,54,3,Шохмансур,Новостройка,С ремонтом,Совмещенный,Есть,Построено,Есть
820000,3,75,4,Фирдавси,Вторичный рынок,С ремонтом,Раздельный,Нет,Построено,Есть
820000,2,64,9,Сино,Новостройка,Новый ремонт,Раздельный,Есть,Построено,Есть
820000,3,88,2,Сино,Новостройка,Без ремонта (коробка),Раздельный,Есть,На стадии строительства,Нет
820000,2,76,1,Другое,Новостройка,Новый ремонт,Раздельный,Есть,Построено,Есть
820000,2,51,13,Шохмансур,Новостройка,Новый ремонт,Раздельный,Есть,Построено,Есть
820000,2,75,6,Сино,Новостройка,С ремонтом,Раздельный,Нет,Построено,Нет
820000,3,116,8,Шохмансур,Новостройка,Без ремонта (коробка),Раздельный,Есть,Построено,Нет
820000,2,70,17,Фирдавси,Новостройка,Новый ремонт,Раздельный,Есть,Построено,Нет
820000,3,99,9,Сино,Новостройка,Без ремонта (коробка),Раздельный,Есть,Построено,Нет
820000,2,70,12,Сино,Новостройка,Новый ремонт,Совмещенный,Есть,Построено,Нет
820000,3,109,11,Сино,Новостройка,Без ремонта (коробка),Раздельный,Есть,Построено,Нет
820000,2,79,10,Фирдавси,Новостройка,Новый ремонт,Раздельный,Есть,Построено,Есть
820000,2,74,12,Другое,Новостройка,Новый ремонт,Раздельный,Есть,Построено,Есть
820000,2,108,8,Фирдавси,Новостройка,Без ремонта (коробка),Раздельный,Есть,Построено,Нет
820000,2,63,4,Шохмансур,Вторичный рынок,Новый ремонт,Раздельный,Есть,Построено,Есть
820000,2,69,15,Сино,Новостройка,Новый ремонт,Раздельный,Есть,Построено,Есть
820000,3,75,5,Сино,Вторичный рынок,С ремонтом,Раздельный,Есть,Построено,Есть
820000,2,72,10,Фирдавси,Новостройка,Новый ремонт,Раздельный,Есть,Построено,Нет
820000,3,106,14,И. Сомони,Новостройка,Без ремонта (коробка),Раздельный,Есть,Построено,Нет
820000,2,58,9,И. Сомони,Новостройка,Новый ремонт,Раздельный,Есть,Построено,Нет
820000,2,84,9,Сино,Новостройка,Новый ремонт,Раздельный,Есть,Построено,Нет
820000,3,103,13,Сино,Новостройка,Без ремонта (коробка),Раздельный,Есть,Построено,Нет
820000,2,72,6,Фирдавси,Новостройка,Новый ремонт,Раздельный,Есть,Построено,Нет
820000,2,63,10,Шохмансур,Новостройка,Новый ремонт,Совмещенный,Есть,Построено,Нет
820000,2,75,8,Сино,Новостройка,С ремонтом,Совмещенный,Нет,Построено,Есть
820000,3,80,8,Сино,Вторичный рынок,С ремонтом,Раздельный,Есть,Построено,Есть
820000,2,82,10,Сино,Вторичный рынок,С ремонтом,Совмещенный,Есть,Построено,Есть
820000,3,112,10,Сино,Новостройка,Без ремонта (коробка),Раздельный,Есть,На стадии строительства,Нет
820000,2,70,12,Сино,Новостройка,С ремонтом,Раздельный,Есть,Построено,Есть
820000,2,84,9,Сино,Новостройка,С ремонтом,Совмещенный,Есть,Построено,Нет
820000,2,58,9,И. Сомони,Новостройка,Новый ремонт,Раздельный,Нет,Построено,Нет
820000,2,63,15,Сино,Новостройка,С ремонтом,Совмещенный,Есть,Построено,Есть
820000,2,75,5,И. Сомони,Новостройка,Без ремонта (коробка),Раздельный,Есть,Построено,Нет
820000,3,86,5,Другое,Новостройка,С ремонтом,Раздельный,Есть,Построено,Есть
820002,3,113,4,Шохмансур,Новостройка,Без ремонта (коробка),Раздельный,Есть,Построено,Нет
822000,3,92,7,Другое,Новостройка,Без ремонта (коробка),Раздельный,Нет,Построено,Нет
823000,3,113,12,Шохмансур,Новостройка,Без ремонта (коробка),Раздельный,Есть,На стадии строительства,Нет
824875,4,125,4,Другое,Новостройка,Без ремонта (коробка),Раздельный,Нет,Построено,Нет
825000,3,65,4,Фирдавси,Вторичный рынок,С ремонтом,Раздельный,Есть,Построено,Есть
825000,3,102,12,Сино,Новостройка,Без ремонта (коробка),Раздельный,Есть,Построено,Нет
825000,3,127,16,Другое,Новостройка,Без ремонта (коробка),Раздельный,Есть,Построено,Нет
825000,2,63,15,Сино,Новостройка,С ремонтом,Совмещенный,Есть,Построено,Есть
825000,3,63,7,Сино,Новостройка,Новый ремонт,Раздельный,Есть,Построено,Есть
825000,3,117,10,Шохмансур,Новостройка,Без ремонта (коробка),Раздельный,Есть,На стадии строительства,Нет
825000,2,63,5,Сино,Новостройка,С ремонтом,Раздельный,Есть,Построено,Нет
825000,2,83,4,Шохмансур,Новостройка,Без ремонта (коробка),Раздельный,Есть,Построено,Нет
825000,2,89,4,Шохмансур,Новостройка,Без ремонта (коробка),Раздельный,Есть,Построено,Нет
825000,3,110,3,Фирдавси,Новостройка,Без ремонта (коробка),Раздельный,Есть,Построено,Нет
825000,3,86,11,Фирдавси,Новостройка,Без ремонта (коробка),Раздельный,Есть,Построено,Есть
825000,3,63,7,Сино,Новостройка,Новый ремонт,Раздельный,Есть,Построено,Нет
825000,3,103,11,Сино,Новостройка,Без ремонта (коробка),Раздельный,Нет,Построено,Нет
825000,3,103,13,Сино,Новостройка,Без ремонта (коробка),Раздельный,Есть,Построено,Нет
825000,2,63,5,Сино,Новостройка,Новый ремонт,Раздельный,Есть,Построено,Нет
826500,2,65,10,Сино,Новостройка,Новый ремонт,Раздельный,Есть,Построено,Нет
827000,3,97,8,Сино,Новостройка,Без ремонта (коробка),Раздельный,Есть,На стадии строительства,Нет
827700,1,66,4,Другое,Новостройка,Без ремонта (коробка),Совмещенный,Есть,Построено,Нет
829000,3,50,9,И. Сомони,Новостройка,Новый ремонт,Совмещенный,Есть,Построено,Нет
829000,4,85,3,Сино,Вторичный рынок,С ремонтом,Раздельный,Есть,Построено,Есть
829000,2,64,9,Сино,Новостройка,С ремонтом,Раздельный,Есть,Построено,Есть
830000,2,64,7,Сино,Новостройка,С ремонтом,Раздельный,Есть,Построено,Нет
830000,3,65,4,Сино,Вторичный рынок,С ремонтом,Раздельный,Нет,Построено,Есть
830000,2,74,3,Другое,Вторичный рынок,Без ремонта (коробка),Раздельный,Нет,Построено,Есть
830000,3,117,9,Шохмансур,Новостройка,Без ремонта (коробка),Раздельный,Есть,На стадии строительства,Нет
830000,2,65,7,Сино,Новостройка,Новый ремонт,Раздельный,Есть,Построено,Нет
830000,2,88,13,Другое,Новостройка,Без ремонта (коробка),Раздельный,Есть,Построено,Есть
830000,4,70,3,Фирдавси,Вторичный рынок,С ремонтом,Раздельный,Есть,Построено,Есть
830000,4,92,2,Другое,Вторичный рынок,С ремонтом,Раздельный,Есть,Построено,Есть
830000,2,82,10,Сино,Новостройка,С ремонтом,Раздельный,Есть,Построено,Есть
830000,2,72,9,Сино,Новостройка,С ремонтом,Раздельный,Есть,Построено,Есть
830000,2,64,9,Сино,Новостройка,С ремонтом,Раздельный,Нет,Построено,Есть
830000,2,72,6,Сино,Новостройка,С ремонтом,Раздельный,Есть,Построено,Нет
830000,2,57,15,Шохмансур,Новостройка,Новый ремонт,Совмещенный,Есть,Построено,Нет
830000,3,66,3,Сино,Вторичный рынок,С ремонтом,Раздельный,Есть,Построено,Есть
830000,2,50,6,И. Сомони,Новостройка,Новый ремонт,Совмещенный,Есть,Построено,Нет
830000,3,68,8,Сино,Вторичный рынок,С ремонтом,Раздельный,Есть,Построено,Есть
830000,3,55,6,Фирдавси,Новостройка,Новый ремонт,Раздельный,Есть,Построено,Нет
830000,2,91,3,Другое,Новостройка,Без ремонта (коробка),Раздельный,Есть,На стадии строительства,Нет
830000,2,100,7,И. Сомони,Новостройка,Без ремонта (коробка),Раздельный,Нет,Построено,Есть
830000,3,64,2,Сино,Вторичный рынок,С ремонтом,Раздельный,Есть,Построено,Есть
830000,2,64,9,Сино,Новостройка,Новый ремонт,Раздельный,Есть,Построено,Есть
830000,3,94,16,И. Сомони,Новостройка,Без ремонта (коробка),Раздельный,Есть,Построено,Нет
830000,3,69,2,Сино,Новостройка,Новый ремонт,Раздельный,Есть,Построено,Нет
830000,2,96,10,Сино,Новостройка,Новый ремонт,Раздельный,Есть,Построено,Есть
830000,3,68,6,Фирдавси,Новостройка,С ремонтом,Раздельный,Нет,Построено,Есть
830000,3,50,6,И. Сомони,Новостройка,Новый ремонт,Совмещенный,Есть,Построено,Нет
830000,3,96,11,Сино,Новостройка,С ремонтом,Совмещенный,Нет,Построено,Есть
830000,3,117,12,Фирдавси,Новостройка,Без ремонта (коробка),Раздельный,Нет,На стадии строительства,Нет
830000,2,66,1,Сино,Новостройка,Новый ремонт,Раздельный,Есть,Построено,Нет
830000,4,135,12,Сино,Новостройка,Без ремонта (коробка),Раздельный,Есть,Построено,Нет
830000,2,63,9,Шохмансур,Новостройка,Новый ремонт,Раздельный,Есть,Построено,Нет
830000,2,70,6,Фирдавси,Новостройка,Новый ремонт,Раздельный,Нет,Построено,Есть
830000,4,81,2,Сино,Вторичный рынок,С ремонтом,Раздельный,Есть,Построено,Есть
830000,2,72,4,Сино,Новостройка,Новый ремонт,Раздельный,Нет,Построено,Нет
830000,2,83,4,Шохмансур,Новостройка,Новый ремонт,Раздельный,Есть,Построено,Нет
830000,2,83,13,Фирдавси,Новостройка,Новый ремонт,Раздельный,Есть,Построено,Нет
830000,3,96,10,Сино,Новостройка,Новый ремонт,Раздельный,Есть,Построено,Нет
830000,2,64,7,Сино,Новостройка,Новый ремонт,Совмещенный,Есть,Построено,Нет
830000,6,132,8,Другое,Новостройка,С ремонтом,Раздельный,Есть,Построено,Есть
830000,3,145,17,Сино,Новостройка,Без ремонта (коробка),Раздельный,Нет,Построено,Нет
830000,2,64,7,Другое,Новостройка,Новый ремонт,Раздельный,Есть,Построено,Нет
830000,3,70,14,Сино,Новостройка,Новый ремонт,Совмещенный,Есть,Построено,Есть
830000,3,66,3,Сино,Вторичный рынок,С ремонтом,Совмещенный,Есть,На стадии строительства,Есть
830000,2,64,9,Сино,Новостройка,С ремонтом,Раздельный,Есть,Построено,Есть
830000,4,135,12,Сино,Новостройка,Без ремонта (коробка),Совмещенный,Нет,Построено,Нет
830000,2,72,6,Сино,Новостройка,Новый ремонт,Раздельный,Есть,Построено,Нет
830000,3,111,3,Другое,Вторичный рынок,Новый ремонт,Раздельный,Нет,Построено,Есть
830000,2,70,6,Сино,Новостройка,Новый ремонт,Раздельный,Нет,Построено,Есть
830000,2,64,7,Сино,Новостройка,Новый ремонт,Раздельный,Есть,Построено,Нет
830000,3,58,5,Фирдавси,Новостройка,С ремонтом,Совмещенный,Есть,Построено,Есть
830000,3,120,5,Другое,Новостройка,Без ремонта (коробка),Раздельный,Нет,На стадии строительства,Нет
830000,2,74,3,Другое,Новостройка,Без ремонта (коробка),Раздельный,Нет,Построено,Есть
830000,2,69,10,Сино,Новостройка,С ремонтом,Раздельный,Есть,Построено,Есть
830000,2,72,20,Шохмансур,Новостройка,Новый ремонт,Раздельный,Есть,Построено,Нет
830000,3,70,3,Сино,Вторичный рынок,С ремонтом,Раздельный,Есть,Построено,Есть
830001,2,82,10,Сино,Вторичный рынок,С ремонтом,Совмещенный,Есть,Построено,Есть
830001,2,80,5,Сино,Новостройка,Новый ремонт,Раздельный,Есть,Построено,Есть
830700,2,77,4,Другое,Новостройка,Без ремонта (коробка),Раздельный,Есть,Построено,Нет
830786,2,77,5,И. Сомони,Новостройка,Без ремонта (коробка),Раздельный,Есть,Построено,Нет
835000,2,60,10,Фирдавси,Новостройка,С ремонтом,Раздельный,Есть,Построено,Нет
835000,3,80,5,Фирдавси,Новостройка,С ремонтом,Раздельный,Есть,Построено,Есть
835000,2,63,9,Шохмансур,Новостройка,Новый ремонт,Раздельный,Есть,Построено,Нет
835000,3,63,7,Сино,Новостройка,Новый ремонт,Раздельный,Есть,Построено,Нет
835000,3,63,7,Сино,Новостройка,Новый ремонт,Раздельный,Есть,Построено,Есть
835000,3,62,7,Сино,Новостройка,Новый ремонт,Раздельный,Есть,Построено,Нет
835000,2,72,6,Сино,Новостройка,Новый ремонт,Раздельный,Есть,Построено,Нет
835000,2,63,9,Шохмансур,Новостройка,Новый ремонт,Совмещенный,Есть,Построено,Нет
837000,2,58,15,И. Сомони,Новостройка,С ремонтом,Совмещенный,Есть,Построено,Есть
837000,2,60,12,Фирдавси,Новостройка,Новый ремонт,Совмещенный,Есть,Построено,Нет
837000,1,74,12,И. Сомони,Новостройка,Без ремонта (коробка),Совмещенный,Есть,Построено,Нет
839000,2,63,12,Шохмансур,Новостройка,С ремонтом,Совмещенный,Есть,Построено,Есть
839999,3,71,4,Сино,Новостройка,С ремонтом,Раздельный,Есть,Построено,Есть
840000,2,82,4,Шохмансур,Новостройка,Без ремонта (коробка),Раздельный,Есть,Построено,Есть
840000,2,55,6,Шохмансур,Новостройка,Без ремонта (коробка),Раздельный,Есть,Построено,Нет
840000,4,90,3,Сино,Вторичный рынок,Новый ремонт,Раздельный,Есть,Построено,Есть
840000,3,103,12,Другое,Новостройка,Без ремонта (коробка),Раздельный,Есть,Построено,Нет
840000,3,70,3,Фирдавси,Вторичный рынок,Новый ремонт,Раздельный,Есть,Построено,Есть
840000,3,109,11,Фирдавси,Новостройка,Без ремонта (коробка),Раздельный,Есть,Построено,Нет
840000,3,85,2,Сино,Новостройка,Новый ремонт,Раздельный,Есть,Построено,Нет
840000,2,83,4,Шохмансур,Новостройка,Без ремонта (коробка),Раздельный,Есть,Построено,Нет
840000,2,100,7,И. Сомони,Новостройка,Без ремонта (коробка),Раздельный,Есть,Построено,Есть
840000,2,80,3,Другое,Новостройка,С ремонтом,Раздельный,Есть,Построено,Нет
840000,3,100,17,Сино,Новостройка,С ремонтом,Совмещенный,Есть,Построено,Нет
840000,4,76,3,Сино,Вторичный рынок,С ремонтом,Раздельный,Есть,Построено,Есть
840000,3,117,10,Шохмансур,Новостройка,Без ремонта (коробка),Раздельный,Есть,Построено,Нет
840000,2,60,8,Сино,Новостройка,С ремонтом,Совмещенный,Есть,Построено,Есть
840000,3,117,9,Шохмансур,Новостройка,Без ремонта (коробка),Раздельный,Есть,Построено,Нет
840000,2,82,4,Шохмансур,Новостройка,Без ремонта (коробка),Раздельный,Есть,Построено,Нет
840000,3,109,11,Сино,Новостройка,Без ремонта (коробка),Раздельный,Есть,Построено,Нет
840000,3,83,13,Сино,Новостройка,С ремонтом,Раздельный,Есть,Построено,Есть
840000,2,75,5,Другое,Новостройка,С ремонтом,Совмещенный,Есть,Построено,Есть
840000,3,75,1,Фирдавси,Вторичный рынок,С ремонтом,Раздельный,Есть,Построено,Есть
840000,3,104,6,Сино,Новостройка,С ремонтом,Совмещенный,Есть,Построено,Есть
840000,3,109,16,Фирдавси,Новостройка,Без ремонта (коробка),Раздельный,Есть,Построено,Нет
840000,3,68,11,Сино,Новостройка,С ремонтом,Раздельный,Есть,Построено,Нет
840000,1,56,12,Шохмансур,Новостройка,Без ремонта (коробка),Раздельный,Есть,Построено,Есть
840000,2,82,4,Сино,Новостройка,Без ремонта (коробка),Раздельный,Есть,Построено,Нет
840000,3,117,10,Шохмансур,Новостройка,Без ремонта (коробка),Раздельный,Есть,На стадии строительства,Нет
840000,3,101,8,Фирдавси,Новостройка,Новый ремонт,Раздельный,Есть,Построено,Есть
840000,1,65,14,Сино,Новостройка,С ремонтом,Совмещенный,Есть,Построено,Нет
840000,2,100,17,Фирдавси,Новостройка,С ремонтом,Раздельный,Есть,Построено,Нет
840000,2,77,5,Сино,Новостройка,С ремонтом,Совмещенный,Есть,Построено,Есть
840000,2,82,10,Сино,Вторичный рынок,С ремонтом,Раздельный,Есть,Построено,Есть
840000,2,72,20,Шохмансур,Новостройка,Новый ремонт,Раздельный,Есть,Построено,Нет
840000,3,101,8,Фирдавси,Новостройка,Новый ремонт,Совмещенный,Есть,Построено,Есть
840000,3,85,2,Другое,Новостройка,Новый ремонт,Раздельный,Есть,Построено,Нет
840000,3,99,5,Другое,Новостройка,Новый ремонт,Раздельный,Есть,Построено,Есть
840000,3,101,8,Фирдавси,Новостройка,Новый ремонт,Раздельный,Нет,Построено,Есть
840000,2,112,13,Шохмансур,Новостройка,Без ремонта (коробка),Раздельный,Есть,На стадии строительства,Нет
840000,3,117,9,Шохмансур,Новостройка,Без ремонта (коробка),Раздельный,Есть,На стадии строительства,Нет
840000,3,63,7,Сино,Новостройка,Новый ремонт,Раздельный,Есть,Построено,Нет
840000,2,68,14,Сино,Новостройка,Новый ремонт,Раздельный,Есть,Построено,Есть
840000,2,101,2,Сино,Новостройка,Без ремонта (коробка),Раздельный,Есть,Построено,Нет
840000,2,82,4,Шохмансур,Новостройка,Без ремонта (коробка),Раздельный,Нет,Построено,Нет
840000,4,90,3,Сино,Вторичный рынок,С ремонтом,Раздельный,Есть,Построено,Есть
840000,2,56,12,Шохмансур,Новостройка,Без ремонта (коробка),Раздельный,Есть,Построено,Есть
840000,2,82,4,Шохмансур,Новостройка,Без ремонта (коробка),Совмещенный,Есть,Построено,Нет
840000,5,100,5,Сино,Вторичный рынок,С ремонтом,Раздельный,Есть,Построено,Есть
840000,2,50,4,Шохмансур,Новостройка,Новый ремонт,Раздельный,Есть,Построено,Нет
840001,3,86,5,Шохмансур,Новостройка,С ремонтом,Раздельный,Есть,Построено,Есть
841000,2,45,5,И. Сомони,Новостройка,Новый ремонт,Совмещенный,Есть,Построено,Нет
842000,2,67,12,Сино,Новостройка,Новый ремонт,Раздельный,Есть,Построено,Нет
844000,3,113,4,Шохмансур,Новостройка,Без ремонта (коробка),Раздельный,Есть,На стадии строительства,Нет
844000,1,56,12,Шохмансур,Новостройка,Без ремонта (коробка),Раздельный,Есть,Построено,Есть
844000,2,65,10,Сино,Новостройка,Новый ремонт,Раздельный,Есть,Построено,Нет
844560,3,108,7,Сино,Новостройка,Без ремонта (коробка),Раздельный,Есть,Построено,Нет
845000,3,112,5,Шохмансур,Новостройка,Без ремонта (коробка),Раздельный,Есть,Построено,Нет
845000,3,63,3,Сино,Вторичный рынок,Новый ремонт,Совмещенный,Есть,Построено,Есть
845000,2,61,9,Шохмансур,Новостройка,Новый ремонт,Совмещенный,Есть,Построено,Нет
845000,2,65,10,Другое,Новостройка,Новый ремонт,Раздельный,Нет,Построено,Нет
847000,2,93,12,Шохмансур,Новостройка,Без ремонта (коробка),Совмещенный,Нет,Построено,Нет
848000,3,108,15,Другое,Новостройка,С ремонтом,Раздельный,Есть,На стадии строительства,Нет
848000,1,77,5,Другое,Новостройка,Без ремонта (коробка),Раздельный,Есть,Построено,Нет
849000,2,64,9,И. Сомони,Новостройка,С ремонтом,Раздельный,Есть,Построено,Есть
849000,4,70,3,Сино,Вторичный рынок,С ремонтом,Раздельный,Есть,Построено,Есть
849000,4,97,1,Сино,Новостройка,С ремонтом,Раздельный,Есть,Построено,Есть
849000,2,62,12,Сино,Новостройка,Новый ремонт,Раздельный,Есть,Построено,Есть
849000,3,68,11,Сино,Новостройка,Новый ремонт,Раздельный,Есть,Построено,Нет
849000,2,75,20,Шохмансур,Новостройка,Новый ремонт,Совмещенный,Есть,Построено,Нет
849000,2,65,5,Сино,Новостройка,С ремонтом,Раздельный,Есть,Построено,Нет
849999,3,75,2,Сино,Вторичный рынок,С ремонтом,Раздельный,Нет,Построено,Есть
850000,3,76,4,Фирдавси,Новостройка,С ремонтом,Совмещенный,Нет,Построено,Есть
850000,3,83,13,Фирдавси,Новостройка,Новый ремонт,Раздельный,Есть,Построено,Нет
850000,2,61,4,Сино,Новостройка,Новый ремонт,Совмещенный,Есть,Построено,Есть
850000,2,74,3,Фирдавси,Новостройка,С ремонтом,Раздельный,Нет,Построено,Есть
850000,3,65,14,Шохмансур,Новостройка,С ремонтом,Совмещенный,Есть,Построено,Есть
850000,2,64,11,И. Сомони,Новостройка,С ремонтом,Совмещенный,Нет,Построено,Есть
850000,2,75,11,Другое,Новостройка,Новый ремонт,Раздельный,Есть,Построено,Есть
850000,4,70,3,Сино,Новостройка,С ремонтом,Раздельный,Есть,Построено,Есть
850000,2,64,14,Сино,Новостройка,С ремонтом,Раздельный,Есть,Построено,Нет
850000,3,72,7,Сино,Новостройка,С ремонтом,Раздельный,Нет,Построено,Есть
850000,2,60,15,Шохмансур,Новостройка,Новый ремонт,Раздельный,Есть,Построено,Есть
850000,4,70,3,Сино,Вторичный рынок,С ремонтом,Раздельный,Есть,Построено,Есть
850000,3,80,1,Другое,Вторичный рынок,Новый ремонт,Раздельный,Есть,Построено,Есть
850000,3,102,11,Фирдавси,Новостройка,С ремонтом,Раздельный,Есть,Построено,Есть
850000,2,96,10,Сино,Новостройка,Новый ремонт,Раздельный,Есть,Построено,Есть
850000,2,75,11,Шохмансур,Новостройка,С ремонтом,Раздельный,Есть,Построено,Есть
850000,2,60,13,Другое,Новостройка,Новый ремонт,Раздельный,Есть,Построено,Есть
850000,3,82,1,Сино,Вторичный рынок,С ремонтом,Раздельный,Есть,Построено,Есть
850000,3,85,5,Фирдавси,Вторичный рынок,С ремонтом,Раздельный,Есть,Построено,Есть
850000,3,136,13,Сино,Новостройка,Без ремонта (коробка),Раздельный,Нет,На стадии строительства,Нет
850000,3,106,16,Другое,Новостройка,Без ремонта (коробка),Раздельный,Есть,Построено,Нет
850000,2,66,2,Другое,Новостройка,Новый ремонт,Совмещенный,Есть,Построено,Есть
850000,3,109,4,Фирдавси,Новостройка,Без ремонта (коробка),Раздельный,Нет,Построено,Нет
850000,3,80,2,Фирдавси,Вторичный рынок,С ремонтом,Раздельный,Есть,Построено,Есть
850000,2,70,10,Фирдавси,Новостройка,Новый ремонт,Раздельный,Нет,Построено,Есть
850000,3,64,3,Сино,Вторичный рынок,С ремонтом,Раздельный,Есть,Построено,Есть
850000,2,60,7,Фирдавси,Новостройка,С ремонтом,Раздельный,Есть,Построено,Есть
850000,2,68,12,Фирдавси,Новостройка,Без ремонта (коробка),Раздельный,Есть,Построено,Нет
850000,3,76,4,Фирдавси,Вторичный рынок,Новый ремонт,Совмещенный,Есть,Построено,Есть
850000,3,81,15,Фирдавси,Новостройка,Без ремонта (коробка),Раздельный,Есть,Построено,Нет
850000,3,74,11,Сино,Новостройка,Новый ремонт,Раздельный,Нет,Построено,Нет
850000,2,72,9,Другое,Новостройка,Новый ремонт,Раздельный,Есть,Построено,Есть
850000,3,85,7,Сино,Вторичный рынок,С ремонтом,Раздельный,Есть,Построено,Есть
850000,2,75,13,И. Сомони,Новостройка,Без ремонта (коробка),Раздельный,Есть,Построено,Нет
850000,2,70,7,Другое,Новостройка,Без ремонта (коробка),Раздельный,Нет,На стадии строительства,Нет
850000,3,80,5,Сино,Новостройка,Новый ремонт,Раздельный,Нет,Построено,Есть
850000,2,96,6,Другое,Новостройка,Без ремонта (коробка),Раздельный,Есть,Построено,Нет
850000,2,50,7,И. Сомони,Вторичный рынок,С ремонтом,Совмещенный,Есть,Построено,Есть
850000,3,70,14,Сино,Новостройка,Новый ремонт,Раздельный,Есть,Построено,Есть
850000,4,85,2,Сино,Вторичный рынок,С ремонтом,Раздельный,Есть,Построено,Есть
850000,2,55,6,Шохмансур,Новостройка,Без ремонта (коробка),Раздельный,Нет,Построено,Нет
850000,3,80,10,Другое,Новостройка,Новый ремонт,Раздельный,Есть,Построено,Нет
850000,2,65,15,Сино,Новостройка,Новый ремонт,Раздельный,Есть,Построено,Нет
850000,2,74,5,Другое,Новостройка,Новый ремонт,Раздельный,Есть,Построено,Нет
850000,3,88,8,Сино,Новостройка,Без ремонта (коробка),Раздельный,Есть,Построено,Нет
850000,3,64,5,Сино,Новостройка,Новый ремонт,Раздельный,Есть,Построено,Есть
850000,2,55,6,Шохмансур,Новостройка,Без ремонта (коробка),Раздельный,Есть,Построено,Нет
850000,2,100,11,Шохмансур,Новостройка,Без ремонта (коробка),Раздельный,Есть,На стадии строительства,Нет
850000,2,91,10,И. Сомони,Новостройка,Без ремонта (коробка),Раздельный,Есть,На стадии строительства,Нет
850000,2,93,12,Шохмансур,Новостройка,Без ремонта (коробка),Совмещенный,Есть,Построено,Нет
850000,3,101,15,Сино,Новостройка,Новый ремонт,Раздельный,Есть,Построено,Нет
850000,3,75,8,Фирдавси,Новостройка,С ремонтом,Раздельный,Есть,Построено,Есть
850000,4,81,2,Другое,Вторичный рынок,С ремонтом,Раздельный,Нет,Построено,Есть
850000,4,70,1,Другое,Вторичный рынок,С ремонтом,Раздельный,Есть,Построено,Есть
850000,3,70,1,Другое,Вторичный рынок,С ремонтом,Раздельный,Есть,Построено,Есть
850000,2,63,7,Шохмансур,Новостройка,Новый ремонт,Раздельный,Есть,Построено,Есть
850000,2,73,17,Сино,Новостройка,Новый ремонт,Раздельный,Есть,Построено,Нет
850000,3,70,3,Сино,Вторичный рынок,С ремонтом,Совмещенный,Есть,Построено,Есть
850000,4,86,4,Сино,Вторичный рынок,С ремонтом,Раздельный,Есть,Построено,Есть
850000,2,55,4,Фирдавси,Новостройка,С ремонтом,Раздельный,Есть,Построено,Есть
850000,3,94,12,Фирдавси,Новостройка,Без ремонта (коробка),Раздельный,Есть,На стадии строительства,Нет
850000,3,84,4,Фирдавси,Новостройка,С ремонтом,Раздельный,Есть,Построено,Есть
850000,3,127,16,И. Сомони,Новостройка,Без ремонта (коробка),Раздельный,Есть,На стадии строительства,Нет
850000,3,70,1,Сино,Вторичный рынок,С ремонтом,Раздельный,Есть,Построено,Есть
850000,2,91,10,Другое,Новостройка,Без ремонта (коробка),Раздельный,Есть,На стадии строительства,Нет
850000,2,83,5,Фирдавси,Новостройка,С ремонтом,Раздельный,Есть,Построено,Есть
850000,3,99,8,Сино,Новостройка,Новый ремонт,Раздельный,Есть,Построено,Нет
850000,2,65,15,Сино,Новостройка,Новый ремонт,Раздельный,Есть,Построено,Есть
850000,2,70,3,Фирдавси,Новостройка,Новый ремонт,Раздельный,Нет,Построено,Нет
850000,3,101,5,Сино,Новостройка,Новый ремонт,Раздельный,Нет,Построено,Есть
850000,2,69,15,Сино,Новостройка,Новый ремонт,Раздельный,Есть,Построено,Нет
850000,2,75,11,Шохмансур,Новостройка,Новый ремонт,Раздельный,Есть,Построено,Есть
850000,2,60,12,Фирдавси,Новостройка,Новый ремонт,Раздельный,Есть,Построено,Нет
850000,2,60,12,Фирдавси,Новостройка,Новый ремонт,Совмещенный,Есть,Построено,Нет
850000,4,101,5,Сино,Новостройка,Новый ремонт,Раздельный,Есть,Построено,Есть
850000,3,72,1,Фирдавси,Вторичный рынок,Новый ремонт,Раздельный,Есть,Построено,Есть
850000,2,96,10,Сино,Новостройка,С ремонтом,Раздельный,Есть,Построено,Есть
850000,3,73,2,Сино,Вторичный рынок,С ремонтом,Совмещенный,Есть,Построено,Есть
850000,4,100,17,Другое,Новостройка,Новый ремонт,Раздельный,Есть,Построено,Есть
850000,3,101,8,Фирдавси,Новостройка,С ремонтом,Совмещенный,Есть,Построено,Нет
850000,2,81,9,Сино,Новостройка,Без ремонта (коробка),Раздельный,Есть,Построено,Нет
850000,3,73,2,Сино,Вторичный рынок,С ремонтом,Раздельный,Есть,Построено,Есть
850000,2,80,15,Сино,Новостройка,С ремонтом,Раздельный,Нет,Построено,Есть
850000,2,79,4,Сино,Новостройка,Новый ремонт,Раздельный,Есть,Построено,Есть
850000,2,72,20,Шохмансур,Новостройка,Новый ремонт,Совмещенный,Есть,Построено,Есть
850000,3,87,12,Фирдавси,Новостройка,Без ремонта (коробка),Раздельный,Есть,Построено,Есть
850000,3,65,14,Другое,Новостройка,Новый ремонт,Раздельный,Есть,Построено,Есть
850000,3,63,4,Сино,Новостройка,Новый ремонт,Раздельный,Есть,Построено,Нет
850000,3,70,15,Сино,Новостройка,Новый ремонт,Раздельный,Есть,Построено,Есть
850000,3,80,3,Сино,Вторичный рынок,С ремонтом,Раздельный,Есть,Построено,Есть
850000,2,65,2,Фирдавси,Новостройка,Без ремонта (коробка),Раздельный,Есть,На стадии строительства,Есть
850000,3,70,3,Сино,Вторичный рынок,С ремонтом,Раздельный,Есть,Построено,Есть
850000,2,60,7,Сино,Новостройка,Новый ремонт,Раздельный,Есть,Построено,Есть
850000,3,70,3,Сино,Вторичный рынок,Новый ремонт,Совмещенный,Есть,Построено,Есть
850000,3,87,8,Фирдавси,Новостройка,С ремонтом,Раздельный,Нет,Построено,Есть
850000,2,67,12,Сино,Новостройка,Новый ремонт,Раздельный,Есть,Построено,Нет
850000,3,63,4,Сино,Новостройка,С ремонтом,Раздельный,Нет,Построено,Нет
850000,2,55,5,Сино,Новостройка,С ремонтом,Совмещенный,Есть,Построено,Есть
850000,3,70,14,Другое,Новостройка,Новый ремонт,Совмещенный,Есть,Построено,Нет
850000,3,63,4,Сино,Новостройка,С ремонтом,Раздельный,Есть,На стадии строительства,Нет
850000,2,57,15,Другое,Новостройка,С ремонтом,Совмещенный,Нет,Построено,Нет
850000,2,60,10,Сино,Новостройка,С ремонтом,Совмещенный,Есть,Построено,Есть
851000,2,61,14,Шохмансур,Новостройка,С ремонтом,Совмещенный,Есть,Построено,Есть
852900,2,92,3,Шохмансур,Новостройка,Без ремонта (коробка),Раздельный,Есть,На стадии строительства,Нет
853740,3,108,12,И. Сомони,Новостройка,Без ремонта (коробка),Раздельный,Есть,На стадии строительства,Нет
853740,3,108,12,И. Сомони,Новостройка,Без ремонта (коробка),Раздельный,Есть,Построено,Нет
853760,2,58,5,И. Сомони,Новостройка,Новый ремонт,Совмещенный,Есть,Построено,Есть
854112,4,112,4,Сино,Новостройка,Без ремонта (коробка),Раздельный,Есть,На стадии строительства,Есть
855000,2,80,9,Сино,Новостройка,Новый ремонт,Совмещенный,Есть,Построено,Есть
855000,2,61,9,Другое,Новостройка,Новый ремонт,Совмещенный,Есть,Построено,Нет
855000,1,69,11,И. Сомони,Новостройка,Новый ремонт,Совмещенный,Есть,Построено,Нет
855000,2,50,14,Шохмансур,Новостройка,Новый ремонт,Совмещенный,Есть,Построено,Нет
855000,3,72,20,Шохмансур,Новостройка,С ремонтом,Раздельный,Есть,Построено,Нет
855000,3,71,2,Шохмансур,Новостройка,Новый ремонт,Раздельный,Есть,Построено,Есть
855000,3,138,16,Фирдавси,Новостройка,Без ремонта (коробка),Раздельный,Есть,Построено,Нет
855000,5,95,5,Сино,Вторичный рынок,С ремонтом,Раздельный,Есть,Построено,Есть
855000,3,79,3,Сино,Вторичный рынок,С ремонтом,Раздельный,Есть,Построено,Есть
855000,1,69,11,И. Сомони,Новостройка,Новый ремонт,Совмещенный,Есть,Построено,Есть
855000,3,108,3,Другое,Новостройка,С ремонтом,Раздельный,Нет,Построено,Есть
855000,3,100,8,Фирдавси,Новостройка,Без ремонта (коробка),Раздельный,Есть,Построено,Нет
855000,2,86,9,Сино,Новостройка,Новый ремонт,Совмещенный,Есть,Построено,Есть
855600,2,60,14,Другое,Новостройка,Новый ремонт,Раздельный,Есть,Построено,Есть
856000,2,82,5,Сино,Новостройка,С ремонтом,Раздельный,Есть,Построено,Есть
856000,2,93,5,Сино,Новостройка,Без ремонта (коробка),Раздельный,Есть,Построено,Нет
857000,2,68,3,Сино,Новостройка,Новый ремонт,Раздельный,Есть,Построено,Нет
858000,3,53,5,Другое,Вторичный рынок,Новый ремонт,Совмещенный,Есть,Построено,Есть
859000,3,130,10,И. Сомони,Новостройка,Новый ремонт,Раздельный,Нет,Построено,Есть
860000,2,74,10,Шохмансур,Новостройка,С ремонтом,Раздельный,Есть,Построено,Нет
860000,3,74,10,Сино,Новостройка,С ремонтом,Раздельный,Есть,Построено,Есть
860000,3,101,8,Шохмансур,Новостройка,Новый ремонт,Раздельный,Есть,Построено,Нет
860000,2,74,3,Другое,Новостройка,С ремонтом,Раздельный,Нет,Построено,Есть
860000,3,68,2,Сино,Новостройка,Новый ремонт,Раздельный,Есть,Построено,Нет
860000,2,88,13,И. Сомони,Новостройка,Без ремонта (коробка),Раздельный,Есть,Построено,Нет
860000,2,64,3,И. Сомони,Новостройка,Новый ремонт,Раздельный,Есть,Построено,Нет
860000,3,120,9,Фирдавси,Вторичный рынок,С ремонтом,Раздельный,Есть,Построено,Есть
860000,2,62,12,Сино,Новостройка,Новый ремонт,Раздельный,Есть,Построено,Есть
860000,2,70,10,Фирдавси,Вторичный рынок,С ремонтом,Раздельный,Нет,Построено,Есть
860000,4,85,5,Сино,Вторичный рынок,С ремонтом,Раздельный,Есть,Построено,Есть
860000,3,68,4,Сино,Вторичный рынок,Без ремонта (коробка),Раздельный,Есть,Построено,Есть
860000,3,75,8,Фирдавси,Вторичный рынок,Новый ремонт,Раздельный,Есть,Построено,Есть
860000,3,101,8,Фирдавси,Новостройка,С ремонтом,Раздельный,Есть,Построено,Нет
860000,3,78,10,И. Сомони,Новостройка,Без ремонта (коробка),Раздельный,Есть,Построено,Нет
860000,2,64,3,И. Сомони,Новостройка,Новый ремонт,Совмещенный,Есть,Построено,Нет
860000,2,64,3,Другое,Новостройка,Новый ремонт,Совмещенный,Есть,Построено,Нет
860000,2,83,4,Шохмансур,Новостройка,Без ремонта (коробка),Раздельный,Есть,Построено,Нет
860000,4,97,1,Сино,Новостройка,Новый ремонт,Раздельный,Нет,Построено,Есть
860000,2,50,14,Шохмансур,Новостройка,Новый ремонт,Раздельный,Есть,Построено,Есть
860000,2,88,13,Шохмансур,Новостройка,Без ремонта (коробка),Раздельный,Есть,Построено,Нет
860000,2,61,4,Сино,Новостройка,Новый ремонт,Совмещенный,Есть,Построено,Нет
860000,2,70,17,Фирдавси,Новостройка,Новый ремонт,Раздельный,Есть,Построено,Нет
860000,2,64,13,Фирдавси,Новостройка,Новый ремонт,Раздельный,Есть,Построено,Нет
860000,2,65,10,Сино,Новостройка,Новый ремонт,Раздельный,Есть,Построено,Нет
860000,2,89,13,И. Сомони,Новостройка,Без ремонта (коробка),Раздельный,Есть,Построено,Нет
860000,2,55,10,Шохмансур,Новостройка,Новый ремонт,Совмещенный,Есть,Построено,Нет
864000,1,54,8,Другое,Новостройка,Без ремонта (коробка),Совмещенный,Нет,На стадии строительства,Нет
865000,2,63,10,Сино,Новостройка,Новый ремонт,Совмещенный,Есть,Построено,Есть
865000,3,104,6,Сино,Новостройка,Без ремонта (коробка),Раздельный,Есть,Построено,Нет
865000,2,60,14,И. Сомони,Новостройка,Новый ремонт,Совмещенный,Есть,Построено,Нет
865000,2,60,14,Другое,Новостройка,Новый ремонт,Совмещенный,Есть,Построено,Нет
865000,2,94,16,Шохмансур,Новостройка,Без ремонта (коробка),Раздельный,Есть,Построено,Нет
865000,4,136,11,Сино,Новостройка,Без ремонта (коробка),Раздельный,Нет,На стадии строительства,Нет
865000,2,79,5,И. Сомони,Новостройка,С ремонтом,Раздельный,Есть,Построено,Есть
865000,2,66,14,Сино,Новостройка,Новый ремонт,Раздельный,Есть,Построено,Нет
865000,3,55,5,Другое,Вторичный рынок,С ремонтом,Совмещенный,Есть,Построено,Есть
865000,3,73,3,Сино,Вторичный рынок,Новый ремонт,Раздельный,Есть,Построено,Есть
865001,2,70,10,Фирдавси,Новостройка,С ремонтом,Раздельный,Есть,Построено,Есть
865400,3,116,13,Сино,Новостройка,Без ремонта (коробка),Раздельный,Есть,На стадии строительства,Нет
865555,3,104,6,Сино,Новостройка,Без ремонта (коробка),Раздельный,Есть,Построено,Нет
865555,3,80,8,Фирдавси,Вторичный рынок,Новый ремонт,Раздельный,Нет,Построено,Есть
866000,2,65,10,Сино,Новостройка,Новый ремонт,Раздельный,Есть,Построено,Нет
866000,3,104,6,Сино,Новостройка,Без ремонта (коробка),Раздельный,Есть,Построено,Нет
867000,3,127,14,Сино,Новостройка,Без ремонта (коробка),Раздельный,Есть,Построено,Нет
868686,3,90,2,Другое,Новостройка,Без ремонта (коробка),Раздельный,Нет,Построено,Нет
869000,2,82,5,Сино,Новостройка,С ремонтом,Раздельный,Есть,Построено,Есть
869000,3,64,5,Сино,Новостройка,Новый ремонт,Раздельный,Есть,Построено,Нет
870000,3,132,13,Другое,Новостройка,Без ремонта (коробка),Совмещенный,Есть,На стадии строительства,Нет
870000,2,72,4,Сино,Новостройка,С ремонтом,Раздельный,Есть,Построено,Нет
870000,3,90,15,Другое,Новостройка,Без ремонта (коробка),Раздельный,Есть,Построено,Нет
870000,2,67,12,Сино,Новостройка,Новый ремонт,Раздельный,Есть,Построено,Нет
870000,3,64,5,Сино,Новостройка,Новый ремонт,Раздельный,Есть,Построено,Нет
870000,3,114,3,Сино,Новостройка,Без ремонта (коробка),Раздельный,Есть,Построено,Нет
870000,2,66,8,Шохмансур,Новостройка,Новый ремонт,Раздельный,Есть,Построено,Нет
870000,2,82,5,Сино,Новостройка,Новый ремонт,Раздельный,Есть,Построено,Есть
870000,3,96,16,И. Сомони,Новостройка,Без ремонта (коробка),Раздельный,Есть,Построено,Нет
870000,3,100,14,Шохмансур,Новостройка,Без ремонта (коробка),Раздельный,Есть,Построено,Есть
870000,2,50,2,Сино,Вторичный рынок,Новый ремонт,Раздельный,Есть,Построено,Есть
870000,3,82,5,Сино,Вторичный рынок,С ремонтом,Раздельный,Есть,Построено,Есть
870000,3,115,3,Сино,Новостройка,Без ремонта (коробка),Раздельный,Есть,Построено,Нет
870000,2,85,7,Шохмансур,Новостройка,Без ремонта (коробка),Раздельный,Есть,Построено,Есть
870000,3,53,4,Сино,Вторичный рынок,С ремонтом,Совмещенный,Есть,Построено,Есть
870000,3,63,2,Фирдавси,Вторичный рынок,С ремонтом,Раздельный,Нет,Построено,Есть
870000,3,103,13,Сино,Новостройка,Без ремонта (коробка),Совмещенный,Есть,Построено,Нет
870000,2,64,14,Сино,Новостройка,С ремонтом,Раздельный,Нет,Построено,Нет
870000,3,82,5,Сино,Новостройка,Новый ремонт,Раздельный,Есть,Построено,Есть
870000,3,110,1,Сино,Новостройка,Без ремонта (коробка),Раздельный,Есть,На стадии строительства,Нет
870000,3,71,2,Шохмансур,Новостройка,Новый ремонт,Совмещенный,Есть,Построено,Нет
870000,2,96,16,Другое,Новостройка,Без ремонта (коробка),Раздельный,Нет,Построено,Нет
870000,3,103,13,Сино,Новостройка,Без ремонта (коробка),Совмещенный,Нет,На стадии строительства,Нет
870000,2,81,5,Сино,Новостройка,Новый ремонт,Раздельный,Есть,Построено,Нет
870000,2,81,5,И. Сомони,Новостройка,Без ремонта (коробка),Раздельный,Есть,На стадии строительства,Нет
870000,2,70,17,Фирдавси,Новостройка,Новый ремонт,Раздельный,Есть,Построено,Нет
870000,3,110,9,Сино,Новостройка,Без ремонта (коробка),Раздельный,Есть,На стадии строительства,Нет
870000,2,67,15,Сино,Новостройка,С ремонтом,Совмещенный,Есть,Построено,Нет
870000,2,65,11,Сино,Новостройка,Новый ремонт,Совмещенный,Есть,Построено,Нет
870000,2,65,11,Сино,Новостройка,Новый ремонт,Раздельный,Есть,Построено,Нет
870000,2,96,16,И. Сомони,Новостройка,Новый ремонт,Раздельный,Есть,Построено,Нет
870000,3,96,16,Сино,Новостройка,Без ремонта (коробка),Совмещенный,Есть,Построено,Нет
870000,3,71,2,Шохмансур,Новостройка,Новый ремонт,Совмещенный,Есть,Построено,Есть
870000,2,96,16,Другое,Новостройка,Без ремонта (коробка),Совмещенный,Есть,Построено,Нет
870000,4,108,12,Другое,Новостройка,Без ремонта (коробка),Раздельный,Есть,Построено,Нет
870000,4,104,7,Шохмансур,Новостройка,Без ремонта (коробка),Раздельный,Есть,Построено,Нет
870000,2,78,1,Сино,Новостройка,С ремонтом,Раздельный,Нет,Построено,Нет
870000,2,61,6,Сино,Новостройка,Новый ремонт,Раздельный,Есть,Построено,Нет
870000,3,71,4,Сино,Новостройка,С ремонтом,Раздельный,Есть,Построено,Нет
870000,2,85,7,Шохмансур,Новостройка,Без ремонта (коробка),Раздельный,Есть,Построено,Нет
870000,2,68,10,Сино,Новостройка,Новый ремонт,Раздельный,Есть,Построено,Нет
870000,2,70,4,Сино,Новостройка,Новый ремонт,Раздельный,Есть,Построено,Нет
870480,3,117,13,Сино,Новостройка,Без ремонта (коробка),Раздельный,Есть,На стадии строительства,Нет
871000,2,70,5,Сино,Новостройка,Новый ремонт,Раздельный,Есть,Построено,Есть
873000,3,126,20,Сино,Новостройка,Без ремонта (коробка),Раздельный,Есть,Построено,Нет
874000,1,107,6,Сино,Новостройка,Без ремонта (коробка),Раздельный,Есть,На стадии строительства,Нет
875000,3,106,13,Сино,Новостройка,Без ремонта (коробка),Раздельный,Есть,На стадии строительства,Нет
875000,3,108,15,Сино,Новостройка,Без ремонта (коробка),Раздельный,Есть,На стадии строительства,Нет
875000,2,69,10,Сино,Новостройка,Новый ремонт,Раздельный,Есть,Построено,Нет
875000,3,73,2,Сино,Вторичный рынок,С ремонтом,Раздельный,Есть,Построено,Есть
875000,2,69,11,Сино,Новостройка,С ремонтом,Раздельный,Есть,Построено,Нет
875000,3,74,3,Фирдавси,Новостройка,Новый ремонт,Раздельный,Нет,Построено,Нет
875000,2,63,9,Шохмансур,Новостройка,С ремонтом,Совмещенный,Есть,Построено,Нет
875000,2,70,7,Шохмансур,Новостройка,Без ремонта (коробка),Раздельный,Есть,Построено,Нет
875000,2,100,14,Шохмансур,Новостройка,Без ремонта (коробка),Раздельный,Есть,Построено,Есть
875000,2,82,5,И. Сомони,Новостройка,Без ремонта (коробка),Раздельный,Есть,На стадии строительства,Нет
875000,3,85,5,Фирдавси,Новостройка,С ремонтом,Раздельный,Есть,Построено,Есть
875000,2,69,11,Другое,Новостройка,Новый ремонт,Раздельный,Есть,Построено,Нет
875000,3,69,4,Шохмансур,Новостройка,Новый ремонт,Раздельный,Есть,Построено,Есть
875000,2,63,9,Шохмансур,Новостройка,Новый ремонт,Совмещенный,Есть,Построено,Нет
876000,3,115,8,Сино,Новостройка,Без ремонта (коробка),Раздельный,Есть,На стадии строительства,Нет
877000,3,115,8,Сино,Новостройка,Без ремонта (коробка),Раздельный,Есть,Построено,Нет
877000,2,82,12,И. Сомони,Новостройка,Без ремонта (коробка),Раздельный,Есть,На стадии строительства,Нет
878000,3,69,4,Шохмансур,Новостройка,Новый ремонт,Раздельный,Есть,Построено,Нет
878900,3,110,11,Сино,Новостройка,Без ремонта (коробка),Раздельный,Есть,Построено,Нет
879000,3,90,15,И. Сомони,Новостройка,Без ремонта (коробка),Раздельный,Есть,Построено,Нет
879000,3,60,3,Сино,Вторичный рынок,Новый ремонт,Совмещенный,Есть,Построено,Есть
880000,2,58,15,Другое,Новостройка,Новый ремонт,Совмещенный,Есть,Построено,Нет
880000,2,65,12,Шохмансур,Новостройка,Новый ремонт,Раздельный,Есть,Построено,Нет
880000,2,58,15,Шохмансур,Новостройка,Новый ремонт,Совмещенный,Есть,Построено,Есть
880000,3,73,3,Сино,Вторичный рынок,С ремонтом,Раздельный,Есть,Построено,Есть
880000,3,90,15,И. Сомони,Новостройка,Без ремонта (коробка),Раздельный,Есть,Построено,Нет
880000,2,93,9,И. Сомони,Новостройка,Без ремонта (коробка),Раздельный,Есть,Построено,Нет
880000,2,58,15,Сино,Новостройка,Новый ремонт,Совмещенный,Нет,Построено,Нет
880000,2,100,2,Сино,Новостройка,Без ремонта (коробка),Совмещенный,Есть,Построено,Нет
880000,4,80,5,Сино,Вторичный рынок,Новый ремонт,Раздельный,Есть,Построено,Есть
880000,3,75,8,Другое,Новостройка,С ремонтом,Раздельный,Есть,Построено,Есть
880000,2,75,8,Фирдавси,Новостройка,Новый ремонт,Раздельный,Есть,Построено,Есть
880000,3,86,15,Другое,Новостройка,Без ремонта (коробка),Раздельный,Нет,Построено,Нет
880000,2,58,15,И. Сомони,Новостройка,Новый ремонт,Совмещенный,Есть,Построено,Нет
880000,3,90,15,Другое,Новостройка,Без ремонта (коробка),Раздельный,Есть,Построено,Нет
880000,3,100,1,Сино,Новостройка,Новый ремонт,Совмещенный,Нет,Построено,Есть
880000,3,74,16,Сино,Новостройка,Новый ремонт,Раздельный,Есть,Построено,Нет
880000,3,90,3,Шохмансур,Вторичный рынок,С ремонтом,Раздельный,Есть,Построено,Есть
880000,3,90,15,Другое,Новостройка,Без ремонта (коробка),Раздельный,Нет,Построено,Нет
880000,3,75,13,Фирдавси,Новостройка,С ремонтом,Раздельный,Есть,Построено,Есть
880000,2,86,1,И. Сомони,Новостройка,С ремонтом,Раздельный,Есть,Построено,Нет
880000,2,74,5,Сино,Новостройка,Новый ремонт,Раздельный,Есть,Построено,Есть
880000,2,58,7,И. Сомони,Новостройка,Новый ремонт,Раздельный,Есть,Построено,Нет
880000,2,58,15,И. Сомони,Новостройка,Новый ремонт,Совмещенный,Нет,Построено,Нет
880000,2,62,14,Шохмансур,Новостройка,Новый ремонт,Раздельный,Есть,Построено,Есть
880000,2,80,14,Другое,Новостройка,С ремонтом,Раздельный,Есть,Построено,Есть
880000,2,61,14,Шохмансур,Новостройка,Новый ремонт,Совмещенный,Есть,Построено,Есть
880000,2,61,9,Шохмансур,Новостройка,С ремонтом,Совмещенный,Есть,Построено,Есть
880000,2,100,14,Шохмансур,Новостройка,Без ремонта (коробка),Раздельный,Есть,Построено,Есть
880000,3,85,2,Сино,Новостройка,Новый ремонт,Раздельный,Нет,Построено,Нет
880000,2,101,14,Сино,Новостройка,Новый ремонт,Раздельный,Есть,Построено,Нет
880000,3,122,14,Сино,Новостройка,Без ремонта (коробка),Раздельный,Есть,На стадии строительства,Нет
880000,3,80,10,И. Сомони,Новостройка,Новый ремонт,Совмещенный,Есть,Построено,Нет
880000,2,93,9,И. Сомони,Новостройка,Без ремонта (коробка),Раздельный,Нет,Построено,Нет
880000,2,58,15,И. Сомони,Новостройка,Новый ремонт,Раздельный,Есть,Построено,Нет
880000,2,64,6,Другое,Новостройка,Новый ремонт,Совмещенный,Есть,Построено,Есть
880000,2,100,2,Сино,Новостройка,Без ремонта (коробка),Раздельный,Есть,Построено,Нет
880000,2,104,9,Сино,Новостройка,Без ремонта (коробка),Раздельный,Есть,Построено,Нет
880000,1,51,14,И. Сомони,Новостройка,Новый ремонт,Раздельный,Есть,Построено,Есть
880000,3,75,8,Фирдавси,Новостройка,С ремонтом,Раздельный,Есть,Построено,Есть
880000,2,75,4,Другое,Новостройка,Новый ремонт,Раздельный,Есть,Построено,Нет
880000,2,100,2,Сино,Новостройка,Без ремонта (коробка),Раздельный,Нет,Построено,Нет
880000,3,85,2,Сино,Новостройка,С ремонтом,Раздельный,Нет,Построено,Есть
880000,2,65,12,Шохмансур,Новостройка,Новый ремонт,Раздельный,Нет,Построено,Нет
880000,3,90,15,И. Сомони,Новостройка,Новый ремонт,Раздельный,Есть,Построено,Нет
880000,2,58,7,И. Сомони,Новостройка,Новый ремонт,Совмещенный,Есть,Построено,Нет
880000,3,90,15,Другое,Новостройка,Без ремонта (коробка),Раздельный,Нет,Построено,Есть
880000,2,58,7,Другое,Новостройка,Новый ремонт,Совмещенный,Есть,Построено,Нет
880000,2,78,3,И. Сомони,Новостройка,Без ремонта (коробка),Раздельный,Есть,На стадии строительства,Нет
880000,3,110,5,Шохмансур,Новостройка,Без ремонта (коробка),Раздельный,Есть,Построено,Нет
880000,2,68,16,Сино,Новостройка,Новый ремонт,Раздельный,Есть,Построено,Есть
880000,2,74,5,Сино,Новостройка,Новый ремонт,Раздельный,Есть,Построено,Нет
881000,3,115,8,Сино,Новостройка,Без ремонта (коробка),Раздельный,Есть,На стадии строительства,Нет
882570,3,146,18,Сино,Новостройка,Без ремонта (коробка),Раздельный,Есть,Построено,Нет
883000,2,66,8,Другое,Новостройка,Новый ремонт,Совмещенный,Нет,Построено,Нет
883500,2,58,5,Другое,Вторичный рынок,С ремонтом,Совмещенный,Есть,Построено,Есть
883500,2,100,6,И. Сомони,Новостройка,Без ремонта (коробка),Раздельный,Есть,Построено,Нет
884000,3,100,12,Фирдавси,Новостройка,Новый ремонт,Раздельный,Есть,Построено,Нет
884000,3,105,1,Сино,Новостройка,Новый ремонт,Раздельный,Есть,Построено,Нет
885000,3,65,16,Другое,Новостройка,Новый ремонт,Совмещенный,Есть,Построено,Нет
885000,3,64,7,Сино,Новостройка,Новый ремонт,Совмещенный,Есть,Построено,Нет
885000,3,105,1,Другое,Новостройка,С ремонтом,Совмещенный,Нет,Построено,Нет
885000,4,134,14,Другое,Новостройка,С ремонтом,Раздельный,Нет,Построено,Нет
885000,2,81,12,Другое,Новостройка,Без ремонта (коробка),Раздельный,Есть,Построено,Нет
885000,2,68,11,Сино,Новостройка,Новый ремонт,Раздельный,Есть,Построено,Нет
885000,3,136,11,Другое,Новостройка,Без ремонта (коробка),Раздельный,Нет,На стадии строительства,Нет
885000,3,104,10,Сино,Новостройка,Без ремонта (коробка),Раздельный,Есть,На стадии строительства,Нет
885000,3,65,4,Сино,Вторичный рынок,Новый ремонт,Раздельный,Есть,Построено,Есть
885000,2,58,15,Другое,Новостройка,Новый ремонт,Совмещенный,Есть,Построено,Нет
885000,2,58,15,И. Сомони,Новостройка,Новый ремонт,Совмещенный,Есть,Построено,Нет
885000,3,84,2,Сино,Новостройка,Новый ремонт,Совмещенный,Есть,Построено,Есть
885000,3,58,2,Фирдавси,Вторичный рынок,С ремонтом,Раздельный,Есть,Построено,Есть
885000,2,58,15,Шохмансур,Новостройка,Новый ремонт,Совмещенный,Есть,Построено,Есть
885000,2,58,15,Другое,Новостройка,С ремонтом,Совмещенный,Есть,Построено,Нет
885000,3,112,10,И. Сомони,Новостройка,Без ремонта (коробка),Раздельный,Есть,Построено,Нет
885000,2,65,12,Шохмансур,Новостройка,Новый ремонт,Раздельный,Есть,Построено,Нет
885000,3,136,15,Другое,Новостройка,Без ремонта (коробка),Раздельный,Нет,На стадии строительства,Нет
886000,3,72,14,Сино,Новостройка,Новый ремонт,Совмещенный,Есть,Построено,Нет
886000,2,58,15,Шохмансур,Новостройка,Новый ремонт,Совмещенный,Есть,Построено,Есть
886000,3,122,12,Сино,Новостройка,Без ремонта (коробка),Раздельный,Есть,На стадии строительства,Нет
886000,3,72,14,Сино,Новостройка,Новый ремонт,Раздельный,Есть,Построено,Нет
886000,2,58,15,И. Сомони,Новостройка,Новый ремонт,Совмещенный,Есть,Построено,Есть
887000,2,70,2,Сино,Новостройка,Новый ремонт,Раздельный,Есть,Построено,Нет
887000,2,70,15,Сино,Новостройка,С ремонтом,Раздельный,Есть,Построено,Нет
887000,2,70,2,Сино,Новостройка,Новый ремонт,Совмещенный,Есть,Построено,Нет
887000,2,70,15,Сино,Новостройка,Новый ремонт,Раздельный,Нет,Построено,Нет
887000,2,70,15,Сино,Новостройка,Новый ремонт,Совмещенный,Есть,Построено,Нет
888000,2,58,15,И. Сомони,Новостройка,Новый ремонт,Раздельный,Есть,Построено,Нет
888000,2,58,15,И. Сомони,Новостройка,Новый ремонт,Совмещенный,Есть,Построено,Нет
888000,2,91,8,Сино,Новостройка,Без ремонта (коробка),Раздельный,Нет,Построено,Нет
888000,3,72,12,Сино,Новостройка,Новый ремонт,Раздельный,Есть,Построено,Есть
888000,2,58,15,Другое,Новостройка,Новый ремонт,Раздельный,Есть,Построено,Нет
889000,2,94,14,Шохмансур,Новостройка,Без ремонта (коробка),Раздельный,Есть,Построено,Нет
889000,4,87,2,Сино,Вторичный рынок,С ремонтом,Раздельный,Есть,Построено,Есть
890000,3,93,6,Шохмансур,Новостройка,Без ремонта (коробка),Раздельный,Есть,Построено,Нет
890000,4,105,2,Сино,Новостройка,Новый ремонт,Совмещенный,Есть,Построено,Нет
890000,2,61,7,И. Сомони,Новостройка,Новый ремонт,Раздельный,Есть,Построено,Нет
890000,3,76,2,Шохмансур,Новостройка,Новый ремонт,Раздельный,Есть,Построено,Нет
890000,2,90,10,Сино,Новостройка,Новый ремонт,Раздельный,Есть,Построено,Есть
890000,3,65,16,Шохмансур,Новостройка,С ремонтом,Совмещенный,Есть,Построено,Нет
890000,3,100,2,Сино,Новостройка,Без ремонта (коробка),Раздельный,Есть,Построено,Нет
890000,3,85,11,Сино,Новостройка,С ремонтом,Раздельный,Есть,Построено,Есть
890000,3,100,2,Сино,Новостройка,Без ремонта (коробка),Совмещенный,Есть,На стадии строительства,Нет
890000,3,69,4,Шохмансур,Новостройка,Новый ремонт,Раздельный,Есть,Построено,Нет
890000,3,107,12,Фирдавси,Новостройка,С ремонтом,Раздельный,Есть,Построено,Есть
890000,3,72,12,Сино,Новостройка,Новый ремонт,Раздельный,Есть,Построено,Нет
890000,3,78,10,Фирдавси,Новостройка,Новый ремонт,Совмещенный,Есть,Построено,Нет
890000,1,57,12,Шохмансур,Новостройка,Новый ремонт,Раздельный,Есть,Построено,Есть
890000,2,56,12,Шохмансур,Новостройка,Без ремонта (коробка),Раздельный,Есть,Построено,Нет
890000,2,101,14,Сино,Новостройка,Новый ремонт,Раздельный,Есть,Построено,Нет
890000,3,92,8,И. Сомони,Новостройка,Без ремонта (коробка),Совмещенный,Нет,Построено,Нет
890000,3,100,10,Шохмансур,Новостройка,Без ремонта (коробка),Раздельный,Нет,На стадии строительства,Нет
890000,2,57,12,Шохмансур,Новостройка,Новый ремонт,Раздельный,Есть,Построено,Есть
890000,2,89,8,Другое,Новостройка,Без ремонта (коробка),Раздельный,Нет,На стадии строительства,Нет
890000,3,122,13,Сино,Новостройка,Без ремонта (коробка),Раздельный,Есть,На стадии строительства,Нет
890000,2,64,14,Другое,Новостройка,Новый ремонт,Раздельный,Есть,Построено,Есть
890000,2,61,9,Сино,Новостройка,С ремонтом,Раздельный,Есть,Построено,Нет
890000,3,75,14,Шохмансур,Новостройка,С ремонтом,Раздельный,Есть,Построено,Есть
890000,3,100,10,Шохмансур,Новостройка,Без ремонта (коробка),Раздельный,Есть,На стадии строительства,Нет
890000,3,90,13,И. Сомони,Новостройка,Без ремонта (коробка),Раздельный,Есть,Построено,Нет
890000,2,110,8,Другое,Новостройка,Без ремонта (коробка),Раздельный,Нет,На стадии строительства,Нет
890000,2,75,12,Другое,Новостройка,С ремонтом,Совмещенный,Есть,Построено,Нет
890000,3,107,12,Фирдавси,Новостройка,С ремонтом,Совмещенный,Есть,Построено,Есть
890000,3,72,12,Сино,Новостройка,Новый ремонт,Раздельный,Есть,Построено,Есть
890000,2,96,16,Другое,Новостройка,Без ремонта (коробка),Раздельный,Нет,Построено,Нет
890000,2,61,9,Сино,Новостройка,Новый ремонт,Совмещенный,Есть,Построено,Нет
890000,2,64,14,Сино,Новостройка,Новый ремонт,Раздельный,Есть,Построено,Есть
890000,2,96,13,Другое,Новостройка,Без ремонта (коробка),Раздельный,Есть,Построено,Есть
890000,3,65,2,Сино,Вторичный рынок,С ремонтом,Совмещенный,Есть,Построено,Есть
890000,3,124,6,Сино,Новостройка,Новый ремонт,Раздельный,Нет,Построено,Есть
890000,2,58,15,Другое,Новостройка,Новый ремонт,Раздельный,Есть,Построено,Нет
890000,2,93,6,Шохмансур,Новостройка,Без ремонта (коробка),Раздельный,Есть,Построено,Нет
890000,4,92,7,Сино,Новостройка,С ремонтом,Раздельный,Есть,Построено,Нет
890000,2,81,7,Сино,Новостройка,Без ремонта (коробка),Совмещенный,Есть,Построено,Нет
890000,2,68,11,Сино,Новостройка,Новый ремонт,Раздельный,Есть,Построено,Нет
890000,2,69,11,Сино,Новостройка,Новый ремонт,Раздельный,Есть,Построено,Нет
890000,2,60,4,Сино,Новостройка,С ремонтом,Совмещенный,Есть,Построено,Нет
890000,3,112,10,И. Сомони,Новостройка,Без ремонта (коробка),Раздельный,Есть,Построено,Нет
890000,2,67,13,Шохмансур,Новостройка,Новый ремонт,Раздельный,Есть,Построено,Нет
890000,3,72,3,Сино,Вторичный рынок,С ремонтом,Совмещенный,Есть,Построено,Есть
890000,2,81,7,Сино,Новостройка,Без ремонта (коробка),Раздельный,Есть,Построено,Нет
890800,2,51,21,Другое,Новостройка,Новый ремонт,Совмещенный,Есть,Построено,Есть
890800,2,93,6,Шохмансур,Новостройка,Без ремонта (коробка),Раздельный,Есть,Построено,Нет
892000,2,80,2,Сино,Новостройка,Новый ремонт,Раздельный,Есть,Построено,Нет
892000,3,101,8,Фирдавси,Новостройка,Без ремонта (коробка),Раздельный,Есть,Построено,Нет
892000,2,68,12,Сино,Новостройка,Новый ремонт,Раздельный,Есть,Построено,Нет
892800,2,80,2,Сино,Новостройка,Новый ремонт,Раздельный,Есть,Построено,Нет
892800,3,75,14,Сино,Новостройка,Новый ремонт,Раздельный,Есть,Построено,Нет
895000,3,100,8,Сино,Новостройка,Новый ремонт,Раздельный,Есть,Построено,Есть
895000,2,90,7,И. Сомони,Новостройка,Новый ремонт,Раздельный,Есть,Построено,Нет
895000,3,100,8,Сино,Новостройка,Новый ремонт,Раздельный,Есть,Построено,Нет
895000,3,70,2,Сино,Новостройка,Новый ремонт,Совмещенный,Есть,Построено,Нет
895000,3,74,14,Сино,Новостройка,Новый ремонт,Раздельный,Есть,Построено,Нет
895000,1,67,13,Шохмансур,Новостройка,Новый ремонт,Раздельный,Есть,Построено,Нет
895000,2,62,11,Другое,Новостройка,Новый ремонт,Раздельный,Есть,Построено,Нет
895000,4,80,1,Сино,Вторичный рынок,С ремонтом,Раздельный,Есть,Построено,Есть
895000,3,122,17,Сино,Новостройка,Без ремонта (коробка),Раздельный,Есть,На стадии строительства,Нет
895000,3,122,17,Сино,Новостройка,Без ремонта (коробка),Раздельный,Есть,Построено,Нет
895000,2,62,11,Другое,Новостройка,Новый ремонт,Совмещенный,Есть,Построено,Нет
895000,2,80,5,Сино,Новостройка,Новый ремонт,Раздельный,Есть,Построено,Нет
895000,3,122,17,Сино,Новостройка,Без ремонта (коробка),Раздельный,Есть,Построено,Есть
895000,2,62,11,Шохмансур,Новостройка,Новый ремонт,Раздельный,Есть,Построено,Нет
895000,2,80,5,Сино,Новостройка,С ремонтом,Раздельный,Есть,Построено,Нет
895002,2,79,5,Другое,Новостройка,С ремонтом,Раздельный,Есть,Построено,Есть
897000,1,52,20,Другое,Новостройка,Новый ремонт,Совмещенный,Есть,Построено,Есть
897435,2,100,7,Другое,Новостройка,Без ремонта (коробка),Раздельный,Есть,Построено,Нет
898500,3,138,7,Другое,Новостройка,Без ремонта (коробка),Раздельный,Нет,На стадии строительства,Нет
898800,3,116,15,Другое,Новостройка,Без ремонта (коробка),Раздельный,Есть,Построено,Нет
899000,3,66,16,Сино,Новостройка,Новый ремонт,Раздельный,Есть,Построено,Есть
899000,3,186,10,Сино,Новостройка,Без ремонта (коробка),Раздельный,Нет,Построено,Есть
899000,3,75,14,Сино,Новостройка,Новый ремонт,Раздельный,Есть,Построено,Нет
899000,2,124,14,Шохмансур,Новостройка,Без ремонта (коробка),Раздельный,Есть,Построено,Нет
899000,2,85,1,И. Сомони,Новостройка,С ремонтом,Раздельный,Есть,Построено,Нет
899000,4,90,6,Сино,Вторичный рынок,С ремонтом,Раздельный,Нет,Построено,Есть
899000,3,89,8,Фирдавси,Вторичный рынок,С ремонтом,Раздельный,Есть,Построено,Есть
899000,5,100,2,Сино,Вторичный рынок,С ремонтом,Раздельный,Есть,Построено,Есть
899000,3,91,12,Сино,Новостройка,Новый ремонт,Раздельный,Есть,Построено,Есть
899000,2,100,11,Другое,Новостройка,Без ремонта (коробка),Раздельный,Есть,Построено,Нет
899000,3,72,4,Сино,Вторичный рынок,С ремонтом,Раздельный,Есть,Построено,Есть
899000,3,70,10,Сино,Новостройка,Новый ремонт,Раздельный,Есть,Построено,Есть
899000,2,70,10,Сино,Новостройка,Новый ремонт,Раздельный,Есть,Построено,Есть
899500,2,63,9,Сино,Новостройка,Новый ремонт,Раздельный,Есть,Построено,Нет
899900,2,124,14,Шохмансур,Новостройка,Без ремонта (коробка),Раздельный,Есть,Построено,Нет
899900,2,49,11,И. Сомони,Новостройка,Новый ремонт,Совмещенный,Есть,Построено,Есть
899999,3,103,3,Другое,Новостройка,С ремонтом,Раздельный,Есть,Построено,Есть
899999,2,77,8,Другое,Новостройка,Новый ремонт,Совмещенный,Есть,Построено,Нет
900000,2,72,8,Другое,Новостройка,С ремонтом,Раздельный,Есть,Построено,Есть
900000,3,100,5,Сино,Новостройка,Без ремонта (коробка),Раздельный,Есть,Построено,Нет
900000,2,130,5,Сино,Новостройка,Без ремонта (коробка),Раздельный,Есть,На стадии строительства,Есть
900000,3,78,7,Другое,Новостройка,Новый ремонт,Совмещенный,Есть,Построено,Нет
900000,5,116,9,Фирдавси,Вторичный рынок,Без ремонта (коробка),Раздельный,Есть,Построено,Есть
900000,2,69,8,Фирдавси,Новостройка,Новый ремонт,Раздельный,Есть,Построено,Нет
900000,4,85,1,Сино,Вторичный рынок,Новый ремонт,Раздельный,Есть,Построено,Есть
900000,2,78,6,И. Сомони,Новостройка,Без ремонта (коробка),Раздельный,Есть,Построено,Нет
900000,3,90,5,Шохмансур,Новостройка,Без ремонта (коробка),Раздельный,Нет,Построено,Нет
900000,2,75,5,Другое,Новостройка,Без ремонта (коробка),Раздельный,Есть,Построено,Нет
900000,4,110,11,Сино,Новостройка,Без ремонта (коробка),Раздельный,Есть,Построено,Нет
900000,2,76,3,Сино,Новостройка,С ремонтом,Раздельный,Есть,Построено,Нет
900000,4,80,3,Другое,Вторичный рынок,С ремонтом,Раздельный,Есть,Построено,Есть
900000,2,67,13,Шохмансур,Новостройка,Новый ремонт,Совмещенный,Есть,Построено,Нет
900000,2,60,12,И. Сомони,Новостройка,Новый ремонт,Раздельный,Есть,Построено,Есть
900000,4,85,1,Сино,Вторичный рынок,С ремонтом,Раздельный,Нет,Построено,Есть
900000,3,75,8,Фирдавси,Новостройка,С ремонтом,Раздельный,Есть,Построено,Есть
900000,2,101,14,Сино,Новостройка,С ремонтом,Совмещенный,Есть,Построено,Нет
900000,4,108,12,И. Сомони,Новостройка,Без ремонта (коробка),Раздельный,Есть,Построено,Нет
900000,5,99,2,Сино,Вторичный рынок,Новый ремонт,Совмещенный,Есть,Построено,Есть
900000,3,90,13,И. Сомони,Новостройка,Без ремонта (коробка),Совмещенный,Есть,Построено,Нет
900000,3,110,3,Другое,Новостройка,Без ремонта (коробка),Раздельный,Есть,Построено,Нет
900000,3,58,4,Шохмансур,Вторичный рынок,С ремонтом,Совмещенный,Есть,Построено,Есть
900000,3,78,8,Сино,Новостройка,Новый ремонт,Раздельный,Есть,Построено,Нет
900000,3,82,6,Шохмансур,Новостройка,Новый ремонт,Раздельный,Есть,Построено,Нет
900000,2,73,5,Сино,Новостройка,С ремонтом,Совмещенный,Есть,Построено,Есть
900000,4,90,2,Фирдавси,Вторичный рынок,С ремонтом,Раздельный,Нет,Построено,Есть
900000,3,101,8,Фирдавси,Новостройка,Без ремонта (коробка),Совмещенный,Есть,Построено,Нет
900000,3,58,5,Сино,Вторичный рынок,Новый ремонт,Совмещенный,Есть,Построено,Есть
900000,3,118,4,Шохмансур,Новостройка,Без ремонта (коробка),Совмещенный,Есть,На стадии строительства,Есть
900000,2,62,13,Другое,Новостройка,Новый ремонт,Совмещенный,Есть,Построено,Нет
900000,2,69,16,Шохмансур,Новостройка,Новый ремонт,Совмещенный,Есть,Построено,Есть
900000,2,62,12,Шохмансур,Новостройка,С ремонтом,Совмещенный,Есть,Построено,Есть
900000,2,69,8,Сино,Новостройка,Новый ремонт,Раздельный,Есть,Построено,Нет
900000,3,90,5,Шохмансур,Новостройка,Без ремонта (коробка),Раздельный,Нет,На стадии строительства,Нет
900000,2,59,6,Шохмансур,Новостройка,С ремонтом,Совмещенный,Есть,Построено,Есть
900000,2,70,3,Фирдавси,Новостройка,Новый ремонт,Раздельный,Есть,Построено,Есть
900000,3,90,5,Шохмансур,Новостройка,Без ремонта (коробка),Раздельный,Есть,Построено,Нет
900000,2,62,13,И. Сомони,Новостройка,Новый ремонт,Совмещенный,Есть,Построено,Нет
900000,3,74,6,Сино,Вторичный рынок,Новый ремонт,Раздельный,Есть,Построено,Есть
900000,2,81,5,И. Сомони,Новостройка,Без ремонта (коробка),Раздельный,Есть,Построено,Нет
900000,3,105,13,Другое,Новостройка,Без ремонта (коробка),Раздельный,Есть,Построено,Нет
900000,2,62,12,Шохмансур,Новостройка,Новый ремонт,Совмещенный,Есть,Построено,Есть
900000,2,70,6,Сино,Новостройка,Новый ремонт,Раздельный,Есть,Построено,Есть
900000,3,88,15,Сино,Новостройка,Без ремонта (коробка),Раздельный,Есть,Построено,Есть
900000,4,80,3,Сино,Вторичный рынок,С ремонтом,Раздельный,Есть,Построено,Есть
900000,3,80,5,Сино,Вторичный рынок,Новый ремонт,Раздельный,Есть,Построено,Есть
900000,4,109,12,Другое,Новостройка,Без ремонта (коробка),Раздельный,Есть,Построено,Нет
900000,2,62,12,Другое,Новостройка,Новый ремонт,Раздельный,Есть,Построено,Есть
900000,3,120,16,Сино,Новостройка,Без ремонта (коробка),Раздельный,Нет,Построено,Нет
900000,2,102,12,Шохмансур,Новостройка,Без ремонта (коробка),Раздельный,Есть,На стадии строительства,Нет
900000,6,270,2,Другое,Новостройка,С ремонтом,Раздельный,Нет,Построено,Есть
900000,3,82,6,Другое,Новостройка,Новый ремонт,Раздельный,Есть,Построено,Нет
900000,2,66,8,Шохмансур,Новостройка,Новый ремонт,Раздельный,Нет,Построено,Нет
900000,2,93,6,Другое,Новостройка,Без ремонта (коробка),Раздельный,Есть,Построено,Нет
900000,2,72,3,Сино,Новостройка,С ремонтом,Раздельный,Нет,Построено,Есть
900000,2,77,7,Другое,Новостройка,С ремонтом,Раздельный,Есть,Построено,Есть
900000,3,80,1,Сино,Вторичный рынок,С ремонтом,Раздельный,Есть,Построено,Есть
900000,2,75,14,Шохмансур,Новостройка,Новый ремонт,Раздельный,Есть,Построено,Есть
900000,2,100,14,Шохмансур,Новостройка,Без ремонта (коробка),Раздельный,Есть,Построено,Есть
900000,3,130,7,Другое,Новостройка,Без ремонта (коробка),Раздельный,Нет,Построено,Нет
900000,3,54,2,Сино,Вторичный рынок,Новый ремонт,Раздельный,Есть,Построено,Есть
900000,2,69,8,Другое,Новостройка,Новый ремонт,Раздельный,Есть,Построено,Нет
900000,3,77,8,Сино,Вторичный рынок,С ремонтом,Раздельный,Есть,Построено,Есть
900000,3,84,8,Шохмансур,Новостройка,С ремонтом,Раздельный,Есть,Построено,Нет
900000,3,112,10,Другое,Новостройка,Без ремонта (коробка),Раздельный,Есть,Построено,Нет
900000,2,70,2,Фирдавси,Новостройка,Новый ремонт,Раздельный,Есть,Построено,Нет
900000,2,64,14,Сино,Новостройка,Новый ремонт,Совмещенный,Есть,Построено,Есть
900000,5,100,2,Сино,Вторичный рынок,С ремонтом,Раздельный,Есть,Построено,Есть
900000,3,85,16,Сино,Новостройка,Новый ремонт,Раздельный,Есть,Построено,Нет
900000,2,62,16,Шохмансур,Новостройка,Новый ремонт,Совмещенный,Нет,Построено,Нет
900000,3,54,4,Сино,Вторичный рынок,С ремонтом,Раздельный,Есть,Построено,Есть
900000,2,75,2,Сино,Новостройка,С ремонтом,Раздельный,Нет,Построено,Есть
900001,2,75,14,Шохмансур,Новостройка,С ремонтом,Раздельный,Есть,Построено,Есть
900099,1,62,13,И. Сомони,Новостройка,Новый ремонт,Совмещенный,Есть,Построено,Нет
902000,2,102,10,Сино,Новостройка,Без ремонта (коробка),Раздельный,Нет,Построено,Нет
902000,3,121,12,Сино,Новостройка,Без ремонта (коробка),Совмещенный,Нет,На стадии строительства,Нет
902100,3,65,5,Другое,Вторичный рынок,С ремонтом,Совмещенный,Есть,Построено,Есть
903960,2,81,5,Другое,Новостройка,Без ремонта (коробка),Раздельный,Есть,На стадии строительства,Нет
905000,3,74,16,Сино,Новостройка,Новый ремонт,Раздельный,Есть,Построено,Нет
906700,2,71,8,Шохмансур,Новостройка,С ремонтом,Совмещенный,Есть,Построено,Есть
906750,2,71,8,Шохмансур,Вторичный рынок,Новый ремонт,Совмещенный,Есть,Построено,Есть
906750,2,65,16,Другое,Новостройка,Без ремонта (коробка),Раздельный,Есть,На стадии строительства,Нет
907000,1,65,16,И. Сомони,Новостройка,Новый ремонт,Совмещенный,Есть,Построено,Есть
907680,3,122,13,Фирдавси,Новостройка,Без ремонта (коробка),Раздельный,Есть,Построено,Нет
908000,3,122,3,Фирдавси,Новостройка,Без ремонта (коробка),Раздельный,Есть,Построено,Нет
909000,2,80,2,Сино,Новостройка,Новый ремонт,Раздельный,Есть,Построено,Нет
909999,2,69,6,Сино,Новостройка,Новый ремонт,Раздельный,Есть,Построено,Нет
910000,3,74,14,Сино,Новостройка,Новый ремонт,Раздельный,Есть,Построено,Нет
910000,2,78,8,Другое,Новостройка,Новый ремонт,Раздельный,Нет,Построено,Нет
910000,3,130,7,Другое,Новостройка,Без ремонта (коробка),Раздельный,Нет,На стадии строительства,Нет
910000,3,110,11,Сино,Новостройка,Без ремонта (коробка),Раздельный,Нет,Построено,Нет
910000,2,69,16,Шохмансур,Новостройка,Новый ремонт,Совмещенный,Есть,Построено,Есть
910000,2,83,12,Другое,Новостройка,Без ремонта (коробка),Раздельный,Есть,Построено,Есть
910000,2,69,16,Шохмансур,Новостройка,С ремонтом,Совмещенный,Есть,Построено,Есть
910000,3,60,4,Сино,Вторичный рынок,Новый ремонт,Раздельный,Есть,Построено,Есть
910000,4,80,1,Сино,Вторичный рынок,С ремонтом,Раздельный,Есть,Построено,Есть
910000,1,65,16,Шохмансур,Новостройка,Новый ремонт,Совмещенный,Есть,Построено,Нет
910000,3,116,15,И. Сомони,Новостройка,Без ремонта (коробка),Раздельный,Есть,На стадии строительства,Нет
910000,1,65,16,И. Сомони,Новостройка,Новый ремонт,Раздельный,Есть,Построено,Нет
910000,2,80,14,Сино,Новостройка,Новый ремонт,Раздельный,Есть,Построено,Есть
910000,2,90,13,Шохмансур,Новостройка,Без ремонта (коробка),Раздельный,Есть,Построено,Нет
910000,3,110,11,Сино,Новостройка,Без ремонта (коробка),Совмещенный,Есть,Построено,Нет
910000,2,78,8,Фирдавси,Новостройка,Новый ремонт,Раздельный,Есть,Построено,Нет
910000,3,116,15,Другое,Новостройка,Без ремонта (коробка),Раздельный,Есть,Построено,Нет
910000,2,112,11,Шохмансур,Новостройка,Без ремонта (коробка),Раздельный,Есть,Построено,Нет
910000,2,69,16,Шохмансур,Новостройка,Новый ремонт,Раздельный,Есть,Построено,Есть
910000,2,69,16,Другое,Новостройка,Новый ремонт,Совмещенный,Есть,Построено,Есть
910000,3,106,7,Сино,Новостройка,Без ремонта (коробка),Раздельный,Есть,На стадии строительства,Нет
910000,3,75,1,Шохмансур,Новостройка,Новый ремонт,Раздельный,Есть,Построено,Есть
911000,3,100,10,Шохмансур,Новостройка,Без ремонта (коробка),Раздельный,Есть,Построено,Нет
911111,2,76,13,Фирдавси,Новостройка,Новый ремонт,Раздельный,Есть,Построено,Нет
911400,3,100,10,Шохмансур,Новостройка,Без ремонта (коробка),Раздельный,Есть,Построено,Нет
911600,2,85,10,Другое,Новостройка,Новый ремонт,Раздельный,Есть,Построено,Нет
915000,3,109,8,Шохмансур,Новостройка,Без ремонта (коробка),Раздельный,Есть,Построено,Нет
915000,3,70,2,Фирдавси,Вторичный рынок,С ремонтом,Раздельный,Нет,Построено,Есть
915000,3,74,6,Сино,Новостройка,Новый ремонт,Совмещенный,Нет,Построено,Нет
915000,4,85,1,Сино,Вторичный рынок,С ремонтом,Совмещенный,Есть,Построено,Есть
915000,2,124,14,Шохмансур,Новостройка,Без ремонта (коробка),Раздельный,Есть,Построено,Нет
915000,2,78,13,И. Сомони,Новостройка,С ремонтом,Совмещенный,Нет,Построено,Есть
915000,3,102,13,Сино,Новостройка,Новый ремонт,Раздельный,Есть,Построено,Нет
915000,3,100,5,Сино,Новостройка,Без ремонта (коробка),Раздельный,Есть,Построено,Нет
915000,2,83,4,Шохмансур,Новостройка,Без ремонта (коробка),Раздельный,Есть,Построено,Нет
915120,3,120,16,Сино,Новостройка,Без ремонта (коробка),Раздельный,Есть,Построено,Нет
916000,3,75,16,Шохмансур,Новостройка,Новый ремонт,Совмещенный,Есть,Построено,Есть
917000,3,117,13,Сино,Новостройка,Без ремонта (коробка),Раздельный,Нет,На стадии строительства,Нет
918000,3,84,10,И. Сомони,Новостройка,Без ремонта (коробка),Раздельный,Есть,Построено,Нет
918000,2,83,12,И. Сомони,Новостройка,Без ремонта (коробка),Раздельный,Есть,Построено,Нет
919000,2,123,20,Сино,Новостройка,Без ремонта (коробка),Раздельный,Есть,Построено,Нет
920000,3,92,8,И. Сомони,Новостройка,Без ремонта (коробка),Раздельный,Есть,Построено,Есть
920000,2,78,4,Фирдавси,Новостройка,С ремонтом,Совмещенный,Есть,Построено,Есть
920000,2,90,3,Фирдавси,Новостройка,Новый ремонт,Раздельный,Есть,Построено,Нет
920000,3,80,14,Шохмансур,Новостройка,С ремонтом,Совмещенный,Есть,Построено,Есть
920000,2,76,13,Фирдавси,Новостройка,Новый ремонт,Раздельный,Есть,Построено,Нет
920000,2,72,7,Шохмансур,Новостройка,Новый ремонт,Раздельный,Есть,Построено,Нет
920000,2,83,7,Другое,Новостройка,Новый ремонт,Раздельный,Есть,Построено,Есть
920000,3,100,5,Сино,Новостройка,Без ремонта (коробка),Раздельный,Есть,Построено,Нет
920000,3,92,11,Сино,Новостройка,Без ремонта (коробка),Раздельный,Есть,Построено,Есть
920000,2,84,5,Фирдавси,Новостройка,Новый ремонт,Раздельный,Есть,Построено,Есть
920000,2,89,3,И. Сомони,Новостройка,Без ремонта (коробка),Раздельный,Есть,Построено,Нет
920000,3,75,1,Шохмансур,Вторичный рынок,Новый ремонт,Раздельный,Есть,Построено,Есть
920000,4,90,4,Сино,Вторичный рынок,С ремонтом,Раздельный,Есть,Построено,Есть
920000,2,69,8,Фирдавси,Новостройка,Новый ремонт,Раздельный,Есть,Построено,Нет
920000,3,78,16,Другое,Новостройка,С ремонтом,Раздельный,Есть,Построено,Есть
920000,2,68,13,Шохмансур,Новостройка,Новый ремонт,Раздельный,Есть,Построено,Нет
920000,2,65,9,Сино,Новостройка,Новый ремонт,Раздельный,Есть,Построено,Есть
920000,4,80,2,Сино,Вторичный рынок,С ремонтом,Раздельный,Есть,Построено,Есть
920000,2,70,2,Фирдавси,Новостройка,Новый ремонт,Раздельный,Есть,Построено,Нет
920000,2,81,12,Другое,Новостройка,Без ремонта (коробка),Раздельный,Есть,Построено,Нет
920000,2,86,16,Фирдавси,Новостройка,Новый ремонт,Раздельный,Есть,Построено,Нет
920000,2,81,12,И. Сомони,Новостройка,Без ремонта (коробка),Раздельный,Есть,Построено,Нет
920000,3,123,14,Сино,Новостройка,Без ремонта (коробка),Раздельный,Есть,Построено,Нет
920000,2,70,3,Фирдавси,Новостройка,Новый ремонт,Раздельный,Есть,Построено,Нет
920000,3,101,7,Шохмансур,Новостройка,Новый ремонт,Раздельный,Есть,Построено,Нет
920000,2,66,9,Сино,Новостройка,Новый ремонт,Раздельный,Есть,Построено,Нет
920000,2,83,8,Сино,Новостройка,Новый ремонт,Раздельный,Есть,Построено,Нет
920000,4,80,4,Сино,Вторичный рынок,С ремонтом,Раздельный,Есть,Построено,Есть
920000,2,70,3,Фирдавси,Новостройка,Новый ремонт,Раздельный,Есть,Построено,Есть
920000,3,91,8,Сино,Новостройка,Без ремонта (коробка),Раздельный,Есть,Построено,Нет
920000,2,65,16,И. Сомони,Новостройка,Новый ремонт,Раздельный,Есть,Построено,Нет
920000,1,57,6,Шохмансур,Новостройка,Новый ремонт,Совмещенный,Есть,Построено,Есть
920000,3,75,1,Шохмансур,Вторичный рынок,С ремонтом,Раздельный,Есть,Построено,Есть
920000,4,92,11,Сино,Новостройка,Без ремонта (коробка),Раздельный,Есть,Построено,Нет
920000,3,120,16,Сино,Новостройка,Без ремонта (коробка),Раздельный,Есть,Построено,Нет
920000,2,69,8,И. Сомони,Новостройка,Без ремонта (коробка),Раздельный,Есть,На стадии строительства,Нет
920000,3,96,10,Сино,Новостройка,С ремонтом,Раздельный,Нет,Построено,Есть
920000,3,152,2,Сино,Новостройка,Без ремонта (коробка),Раздельный,Нет,На стадии строительства,Нет
920000,2,80,14,Шохмансур,Новостройка,Новый ремонт,Раздельный,Есть,Построено,Есть
920000,3,101,13,Сино,Новостройка,С ремонтом,Совмещенный,Есть,Построено,Нет
920000,2,70,3,Фирдавси,Новостройка,С ремонтом,Совмещенный,Есть,Построено,Есть
920000,4,82,1,Фирдавси,Вторичный рынок,С ремонтом,Раздельный,Нет,Построено,Есть
920000,2,65,9,Сино,Новостройка,С ремонтом,Раздельный,Есть,Построено,Есть
920000,2,89,3,И. Сомони,Новостройка,Без ремонта (коробка),Совмещенный,Нет,Построено,Нет
920000,2,94,14,И. Сомони,Новостройка,Без ремонта (коробка),Раздельный,Есть,Построено,Есть
920000,3,67,13,Шохмансур,Новостройка,Новый ремонт,Совмещенный,Есть,Построено,Есть
920000,5,90,2,Сино,Вторичный рынок,С ремонтом,Раздельный,Есть,Построено,Есть
920000,3,67,13,Другое,Новостройка,Новый ремонт,Совмещенный,Есть,Построено,Есть
920000,2,80,8,Шохмансур,Новостройка,Без ремонта (коробка),Раздельный,Есть,Построено,Нет
920000,2,78,8,Фирдавси,Новостройка,Новый ремонт,Раздельный,Есть,Построено,Нет
923000,2,106,3,Другое,Новостройка,Новый ремонт,Совмещенный,Есть,Построено,Нет
924000,1,56,12,Шохмансур,Новостройка,Без ремонта (коробка),Совмещенный,Есть,Построено,Нет
925000,3,101,13,Сино,Новостройка,Новый ремонт,Раздельный,Есть,Построено,Есть
925000,3,114,8,Сино,Новостройка,Без ремонта (коробка),Раздельный,Есть,Построено,Нет
927000,3,110,8,Другое,Новостройка,Без ремонта (коробка),Раздельный,Есть,На стадии строительства,Нет
927000,3,112,14,Другое,Новостройка,Без ремонта (коробка),Раздельный,Есть,Построено,Нет
928000,2,66,6,Шохмансур,Новостройка,Новый ремонт,Совмещенный,Есть,Построено,Есть
928000,4,144,9,Другое,Новостройка,Без ремонта (коробка),Раздельный,Есть,Построено,Нет
929000,2,70,3,Фирдавси,Новостройка,Новый ремонт,Раздельный,Есть,Построено,Есть
929000,2,60,12,И. Сомони,Новостройка,Новый ремонт,Раздельный,Есть,Построено,Есть
929000,3,74,6,Сино,Новостройка,Новый ремонт,Совмещенный,Есть,Построено,Есть
929000,2,62,15,И. Сомони,Новостройка,Новый ремонт,Совмещенный,Есть,Построено,Нет
929000,3,74,6,Сино,Новостройка,Новый ремонт,Раздельный,Есть,Построено,Нет
930000,3,82,15,Фирдавси,Новостройка,С ремонтом,Совмещенный,Есть,Построено,Есть
930000,2,74,10,Сино,Новостройка,Новый ремонт,Раздельный,Есть,Построено,Есть
930000,3,72,7,Сино,Вторичный рынок,С ремонтом,Раздельный,Нет,Построено,Есть
930000,2,85,8,Сино,Новостройка,Новый ремонт,Раздельный,Есть,Построено,Нет
930000,3,85,7,Сино,Новостройка,Новый ремонт,Раздельный,Нет,Построено,Нет
930000,2,89,3,И. Сомони,Новостройка,Без ремонта (коробка),Раздельный,Есть,Построено,Нет
930000,2,62,14,И. Сомони,Новостройка,Новый ремонт,Совмещенный,Есть,Построено,Нет
930000,2,86,16,Фирдавси,Новостройка,Новый ремонт,Раздельный,Есть,Построено,Нет
930000,2,106,10,Сино,Новостройка,Новый ремонт,Раздельный,Есть,Построено,Нет
930000,2,60,12,И. Сомони,Новостройка,С ремонтом,Раздельный,Есть,Построено,Есть
930000,2,69,8,Фирдавси,Новостройка,Новый ремонт,Раздельный,Есть,Построено,Нет
930000,3,72,7,Сино,Новостройка,Новый ремонт,Раздельный,Нет,Построено,Есть
930000,2,60,4,Сино,Новостройка,С ремонтом,Совмещенный,Есть,Построено,Нет
930000,2,86,16,Фирдавси,Новостройка,Новый ремонт,Раздельный,Нет,Построено,Нет
930000,4,78,1,Сино,Вторичный рынок,С ремонтом,Раздельный,Есть,Построено,Есть
930000,2,62,15,И. Сомони,Новостройка,Новый ремонт,Раздельный,Есть,Построено,Нет
930000,3,72,7,Сино,Новостройка,С ремонтом,Раздельный,Нет,Построено,Есть
930000,2,62,14,И. Сомони,Новостройка,С ремонтом,Совмещенный,Есть,Построено,Нет
930000,3,73,2,Другое,Вторичный рынок,С ремонтом,Совмещенный,Есть,Построено,Есть
930000,2,89,3,Другое,Новостройка,Без ремонта (коробка),Раздельный,Нет,Построено,Нет
930000,3,68,5,Сино,Вторичный рынок,Новый ремонт,Раздельный,Есть,Построено,Есть
930000,2,75,15,Сино,Новостройка,Новый ремонт,Раздельный,Есть,Построено,Есть
930000,3,96,10,Сино,Новостройка,Новый ремонт,Раздельный,Есть,Построено,Нет
930000,3,75,1,Шохмансур,Новостройка,С ремонтом,Совмещенный,Есть,Построено,Есть
930000,2,62,14,Другое,Новостройка,Новый ремонт,Совмещенный,Есть,Построено,Нет
930000,3,67,13,Шохмансур,Новостройка,Новый ремонт,Совмещенный,Есть,Построено,Есть
930000,2,69,8,Другое,Новостройка,Новый ремонт,Раздельный,Есть,Построено,Нет
930000,2,76,14,Сино,Новостройка,Новый ремонт,Раздельный,Есть,Построено,Нет
930000,3,106,15,Шохмансур,Новостройка,Без ремонта (коробка),Раздельный,Есть,Построено,Есть
930000,4,90,3,Сино,Вторичный рынок,С ремонтом,Раздельный,Есть,Построено,Есть
930000,2,74,6,Сино,Новостройка,Новый ремонт,Раздельный,Есть,Построено,Нет
930000,3,73,2,Сино,Вторичный рынок,С ремонтом,Совмещенный,Есть,Построено,Есть
930000,2,85,7,Сино,Новостройка,Новый ремонт,Раздельный,Есть,Построено,Нет
930000,3,75,14,Сино,Новостройка,Новый ремонт,Раздельный,Есть,Построено,Нет
930000,4,83,3,Фирдавси,Вторичный рынок,С ремонтом,Раздельный,Нет,Построено,Есть
930000,2,62,15,И. Сомони,Новостройка,Новый ремонт,Совмещенный,Есть,Построено,Нет
930000,3,124,14,Шохмансур,Новостройка,Без ремонта (коробка),Совмещенный,Есть,На стадии строительства,Нет
930000,2,91,14,Сино,Новостройка,Новый ремонт,Совмещенный,Есть,Построено,Нет
930000,4,80,3,Фирдавси,Вторичный рынок,Новый ремонт,Раздельный,Есть,Построено,Есть
930000,3,99,14,И. Сомони,Новостройка,Без ремонта (коробка),Раздельный,Есть,Построено,Нет
930000,3,85,7,Сино,Новостройка,Новый ремонт,Раздельный,Есть,Построено,Нет
930000,3,73,2,Сино,Вторичный рынок,С ремонтом,Раздельный,Есть,Построено,Есть
930000,2,72,7,Шохмансур,Новостройка,С ремонтом,Раздельный,Есть,Построено,Нет
930000,2,115,6,Шохмансур,Новостройка,Без ремонта (коробка),Раздельный,Есть,Построено,Нет
930000,2,62,14,И. Сомони,Новостройка,Новый ремонт,Раздельный,Есть,Построено,Нет
930000,5,100,5,Сино,Вторичный рынок,С ремонтом,Раздельный,Есть,Построено,Есть
930002,2,70,3,Фирдавси,Новостройка,Новый ремонт,Раздельный,Есть,Построено,Есть
933000,2,88,3,И. Сомони,Новостройка,Без ремонта (коробка),Раздельный,Нет,Построено,Нет
934000,2,75,15,Сино,Новостройка,Новый ремонт,Совмещенный,Есть,Построено,Нет
934999,2,62,16,Шохмансур,Новостройка,Новый ремонт,Раздельный,Есть,Построено,Нет
935000,2,106,3,Другое,Новостройка,Новый ремонт,Совмещенный,Есть,Построено,Нет
935000,3,88,8,Сино,Новостройка,С ремонтом,Раздельный,Есть,Построено,Есть
935000,4,80,5,Сино,Вторичный рынок,Новый ремонт,Раздельный,Есть,Построено,Есть
935000,3,88,8,Сино,Новостройка,Новый ремонт,Раздельный,Есть,Построено,Есть
935000,2,62,16,Шохмансур,Новостройка,С ремонтом,Совмещенный,Есть,Построено,Нет
935000,2,91,14,Фирдавси,Новостройка,Новый ремонт,Совмещенный,Есть,Построено,Нет
935000,2,72,15,Сино,Новостройка,Новый ремонт,Совмещенный,Есть,Построено,Нет
935000,1,82,11,Другое,Новостройка,Без ремонта (коробка),Раздельный,Есть,Построено,Есть
935000,2,66,9,Сино,Новостройка,С ремонтом,Совмещенный,Есть,Построено,Нет
935000,3,114,10,Фирдавси,Новостройка,Без ремонта (коробка),Совмещенный,Есть,Построено,Нет
935000,3,114,10,Фирдавси,Новостройка,Без ремонта (коробка),Раздельный,Есть,Построено,Нет
935000,3,94,7,Сино,Новостройка,Новый ремонт,Раздельный,Нет,Построено,Есть
935000,2,66,9,Сино,Новостройка,Новый ремонт,Раздельный,Есть,Построено,Нет
935000,3,77,5,Другое,Новостройка,Новый ремонт,Раздельный,Есть,Построено,Нет
935000,3,100,5,Фирдавси,Новостройка,С ремонтом,Раздельный,Есть,Построено,Есть
935000,2,62,14,И. Сомони,Новостройка,Новый ремонт,Совмещенный,Нет,Построено,Нет
935000,2,78,3,Шохмансур,Новостройка,Новый ремонт,Раздельный,Есть,Построено,Нет
935000,3,112,4,Другое,Новостройка,Без ремонта (коробка),Раздельный,Есть,На стадии строительства,Нет
935000,2,62,16,Шохмансур,Новостройка,Новый ремонт,Совмещенный,Есть,Построено,Нет
935500,2,80,11,И. Сомони,Новостройка,Без ремонта (коробка),Раздельный,Есть,Построено,Нет
936000,2,84,6,Сино,Новостройка,Новый ремонт,Раздельный,Есть,Построено,Нет
937000,2,77,12,Шохмансур,Новостройка,Без ремонта (коробка),Совмещенный,Нет,Построено,Нет
937000,2,77,12,Другое,Новостройка,Без ремонта (коробка),Раздельный,Есть,Построено,Есть
938000,3,126,7,Сино,Новостройка,Без ремонта (коробка),Раздельный,Есть,На стадии строительства,Нет
938000,3,112,8,Другое,Новостройка,Без ремонта (коробка),Раздельный,Есть,На стадии строительства,Нет
939000,3,65,2,Сино,Вторичный рынок,Новый ремонт,Раздельный,Есть,Построено,Есть
939000,4,90,3,Сино,Вторичный рынок,С ремонтом,Раздельный,Есть,Построено,Есть
939000,3,81,11,Другое,Новостройка,Новый ремонт,Раздельный,Есть,Построено,Есть
939000,3,85,15,Сино,Новостройка,С ремонтом,Раздельный,Есть,Построено,Нет
939001,3,70,10,Сино,Новостройка,Новый ремонт,Раздельный,Есть,Построено,Есть
940000,2,74,6,Сино,Новостройка,Новый ремонт,Раздельный,Есть,Построено,Нет
940000,2,91,7,Другое,Новостройка,Без ремонта (коробка),Раздельный,Есть,Построено,Есть
940000,3,84,1,Сино,Вторичный рынок,С ремонтом,Раздельный,Есть,Построено,Есть
940000,3,80,9,Сино,Новостройка,С ремонтом,Раздельный,Есть,Построено,Есть
940000,2,66,9,Сино,Новостройка,Новый ремонт,Раздельный,Есть,Построено,Нет
940000,3,120,15,Шохмансур,Новостройка,Без ремонта (коробка),Раздельный,Нет,Построено,Нет
940000,5,100,5,Сино,Вторичный рынок,С ремонтом,Раздельный,Есть,Построено,Есть
940000,3,116,8,Другое,Новостройка,Без ремонта (коробка),Раздельный,Есть,На стадии строительства,Нет
940000,3,112,9,Сино,Новостройка,Без ремонта (коробка),Раздельный,Есть,На стадии строительства,Нет
940000,3,126,13,Другое,Новостройка,Без ремонта (коробка),Раздельный,Есть,Построено,Нет
940000,2,84,8,Сино,Новостройка,Новый ремонт,Раздельный,Есть,Построено,Нет
940000,3,65,5,И. Сомони,Вторичный рынок,С ремонтом,Раздельный,Есть,Построено,Есть
940000,4,80,2,Сино,Вторичный рынок,Новый ремонт,Совмещенный,Есть,Построено,Есть
940000,3,75,14,Сино,Новостройка,Новый ремонт,Раздельный,Есть,Построено,Есть
940000,3,120,15,Шохмансур,Новостройка,Без ремонта (коробка),Раздельный,Есть,Построено,Нет
940000,2,74,6,Сино,Новостройка,С ремонтом,Раздельный,Есть,Построено,Нет
940000,2,71,8,Шохмансур,Новостройка,Новый ремонт,Совмещенный,Есть,Построено,Есть
940000,2,90,14,Другое,Новостройка,Без ремонта (коробка),Раздельный,Есть,Построено,Есть
940000,4,96,4,Сино,Новостройка,Новый ремонт,Раздельный,Есть,Построено,Есть
940000,3,85,15,Сино,Новостройка,Новый ремонт,Раздельный,Есть,Построено,Нет
940000,2,101,14,Сино,Новостройка,Новый ремонт,Совмещенный,Есть,Построено,Нет
940000,3,107,12,Сино,Новостройка,Новый ремонт,Раздельный,Нет,Построено,Есть
940000,3,127,6,Сино,Новостройка,Без ремонта (коробка),Совмещенный,Есть,Построено,Нет
940000,3,85,15,Сино,Новостройка,С ремонтом,Раздельный,Есть,Построено,Нет
940000,2,66,9,Сино,Новостройка,Новый ремонт,Совмещенный,Есть,Построено,Нет
940000,3,81,11,Сино,Новостройка,Новый ремонт,Раздельный,Есть,Построено,Есть
940000,2,64,4,Шохмансур,Новостройка,Новый ремонт,Раздельный,Есть,Построено,Нет
940000,3,114,10,Сино,Новостройка,Без ремонта (коробка),Совмещенный,Есть,Построено,Нет
940000,3,73,2,Сино,Вторичный рынок,С ремонтом,Раздельный,Есть,Построено,Есть
940000,3,114,13,Фирдавси,Новостройка,Без ремонта (коробка),Раздельный,Есть,Построено,Нет
940000,2,86,7,Шохмансур,Новостройка,Новый ремонт,Совмещенный,Есть,Построено,Есть
940002,3,88,10,Сино,Вторичный рынок,С ремонтом,Раздельный,Есть,Построено,Есть
941000,2,123,20,Сино,Новостройка,Без ремонта (коробка),Раздельный,Есть,Построено,Нет
941000,3,126,20,Другое,Новостройка,Без ремонта (коробка),Раздельный,Есть,Построено,Нет
942000,3,112,14,Другое,Новостройка,Без ремонта (коробка),Раздельный,Есть,Построено,Нет
943000,3,109,10,Шохмансур,Новостройка,Без ремонта (коробка),Раздельный,Есть,Построено,Нет
945000,2,83,8,Сино,Новостройка,Новый ремонт,Раздельный,Есть,Построено,Нет
945000,3,127,6,Сино,Новостройка,Без ремонта (коробка),Раздельный,Есть,Построено,Нет
945000,2,91,14,Сино,Новостройка,Новый ремонт,Раздельный,Есть,Построено,Нет
945000,3,102,13,Сино,Новостройка,Новый ремонт,Раздельный,Есть,Построено,Нет
945000,3,110,12,Сино,Новостройка,С ремонтом,Раздельный,Нет,Построено,Есть
945000,2,122,20,Сино,Новостройка,Без ремонта (коробка),Раздельный,Есть,Построено,Нет
945000,3,85,11,Фирдавси,Новостройка,Новый ремонт,Совмещенный,Есть,Построено,Есть
945000,3,63,13,Шохмансур,Новостройка,С ремонтом,Совмещенный,Есть,Построено,Нет
945000,3,114,8,Сино,Новостройка,Без ремонта (коробка),Раздельный,Есть,Построено,Нет
945000,3,108,13,Другое,Новостройка,Без ремонта (коробка),Раздельный,Есть,Построено,Нет
945000,3,63,13,Шохмансур,Новостройка,Новый ремонт,Раздельный,Есть,Построено,Нет
945000,2,91,14,Сино,Новостройка,Новый ремонт,Совмещенный,Есть,Построено,Нет
945000,2,83,8,Сино,Новостройка,С ремонтом,Раздельный,Нет,Построено,Нет
945000,4,80,5,Сино,Вторичный рынок,Новый ремонт,Раздельный,Есть,Построено,Есть
946042,4,156,6,Другое,Новостройка,Без ремонта (коробка),Раздельный,Нет,На стадии строительства,Нет
948000,2,110,16,И. Сомони,Новостройка,Без ремонта (коробка),Раздельный,Есть,Построено,Нет
948000,2,97,9,Сино,Новостройка,С ремонтом,Раздельный,Есть,Построено,Нет
948000,3,120,5,Сино,Новостройка,Без ремонта (коробка),Раздельный,Есть,На стадии строительства,Нет
949000,2,69,5,Шохмансур,Новостройка,Новый ремонт,Совмещенный,Есть,Построено,Нет
949000,2,75,3,И. Сомони,Новостройка,Без ремонта (коробка),Раздельный,Есть,Построено,Нет
949000,3,88,10,Сино,Вторичный рынок,С ремонтом,Раздельный,Есть,Построено,Есть
949000,2,111,16,И. Сомони,Новостройка,Без ремонта (коробка),Раздельный,Есть,Построено,Нет
949999,3,120,15,Шохмансур,Новостройка,Без ремонта (коробка),Раздельный,Есть,Построено,Нет
950000,3,80,3,Сино,Вторичный рынок,С ремонтом,Раздельный,Есть,Построено,Есть
950000,2,59,6,Шохмансур,Новостройка,С ремонтом,Совмещенный,Есть,Построено,Есть
950000,2,120,5,Шохмансур,Новостройка,Без ремонта (коробка),Раздельный,Есть,На стадии строительства,Есть
950000,4,110,4,Сино,Новостройка,С ремонтом,Раздельный,Есть,Построено,Есть
950000,2,73,10,Шохмансур,Новостройка,Новый ремонт,Раздельный,Есть,Построено,Нет
950000,3,120,15,Шохмансур,Новостройка,Без ремонта (коробка),Раздельный,Есть,Построено,Нет
950000,3,74,6,Сино,Новостройка,С ремонтом,Совмещенный,Есть,Построено,Нет
950000,3,63,13,Сино,Новостройка,С ремонтом,Раздельный,Есть,Построено,Есть
950000,2,105,4,И. Сомони,Новостройка,Без ремонта (коробка),Раздельный,Есть,Построено,Нет
950000,2,73,10,Шохмансур,Новостройка,С ремонтом,Раздельный,Есть,Построено,Нет
950000,2,105,4,И. Сомони,Новостройка,Без ремонта (коробка),Совмещенный,Есть,На стадии строительства,Нет
950000,4,80,5,Сино,Вторичный рынок,Новый ремонт,Раздельный,Есть,Построено,Есть
950000,2,91,12,Сино,Новостройка,Без ремонта (коробка),Раздельный,Есть,Построено,Нет
950000,3,114,10,Сино,Новостройка,Без ремонта (коробка),Раздельный,Есть,Построено,Нет
950000,3,70,7,Фирдавси,Новостройка,С ремонтом,Раздельный,Есть,Построено,Есть
950000,2,105,4,И. Сомони,Новостройка,Без ремонта (коробка),Раздельный,Есть,На стадии строительства,Нет
950000,3,90,9,Фирдавси,Новостройка,С ремонтом,Раздельный,Нет,Построено,Есть
950000,3,95,3,Сино,Новостройка,Новый ремонт,Раздельный,Нет,Построено,Есть
950000,2,102,14,Сино,Новостройка,Новый ремонт,Раздельный,Есть,Построено,Нет
950000,2,97,8,Шохмансур,Новостройка,Без ремонта (коробка),Раздельный,Нет,Построено,Нет
950000,3,83,10,Сино,Новостройка,Новый ремонт,Раздельный,Есть,Построено,Есть
950000,3,70,2,Сино,Вторичный рынок,Новый ремонт,Раздельный,Есть,Построено,Есть
950000,3,103,7,Сино,Новостройка,Без ремонта (коробка),Раздельный,Есть,Построено,Нет
950000,2,62,15,Другое,Новостройка,Новый ремонт,Совмещенный,Есть,Построено,Нет
950000,3,123,16,Сино,Новостройка,Без ремонта (коробка),Раздельный,Есть,Построено,Нет
950000,5,107,1,Другое,Новостройка,Без ремонта (коробка),Раздельный,Нет,Построено,Нет
950000,4,78,4,Фирдавси,Вторичный рынок,С ремонтом,Раздельный,Есть,Построено,Есть
950000,3,74,9,Другое,Новостройка,Без ремонта (коробка),Раздельный,Есть,На стадии строительства,Нет
950000,3,58,2,Фирдавси,Вторичный рынок,С ремонтом,Раздельный,Есть,Построено,Есть
950000,3,74,9,Другое,Новостройка,Без ремонта (коробка),Раздельный,Есть,Построено,Нет
950000,2,74,6,Сино,Новостройка,Новый ремонт,Раздельный,Есть,Построено,Нет
950000,3,75,14,Сино,Новостройка,Новый ремонт,Раздельный,Есть,Построено,Есть
950000,3,63,13,Сино,Новостройка,Новый ремонт,Раздельный,Есть,Построено,Есть
950000,2,70,3,Фирдавси,Новостройка,С ремонтом,Совмещенный,Есть,Построено,Есть
950000,2,73,10,Шохмансур,Новостройка,Новый ремонт,Совмещенный,Есть,Построено,Нет
950000,3,86,1,И. Сомони,Новостройка,С ремонтом,Раздельный,Есть,Построено,Нет
950000,2,72,7,Фирдавси,Новостройка,Новый ремонт,Раздельный,Есть,Построено,Нет
950000,2,80,2,Другое,Новостройка,Новый ремонт,Совмещенный,Есть,Построено,Есть
950000,3,124,14,Шохмансур,Вторичный рынок,Без ремонта (коробка),Раздельный,Есть,На стадии строительства,Нет
950000,5,100,2,Сино,Вторичный рынок,С ремонтом,Совмещенный,Есть,Построено,Есть
950000,2,90,13,И. Сомони,Новостройка,Новый ремонт,Совмещенный,Есть,Построено,Есть
950000,3,93,5,Сино,Новостройка,Без ремонта (коробка),Раздельный,Есть,Построено,Нет
950000,2,58,6,Другое,Новостройка,С ремонтом,Совмещенный,Есть,Построено,Есть
950000,2,60,12,И. Сомони,Новостройка,С ремонтом,Раздельный,Есть,Построено,Есть
950000,3,86,9,Другое,Новостройка,Новый ремонт,Раздельный,Нет,Построено,Есть
950000,3,124,14,Шохмансур,Новостройка,Без ремонта (коробка),Совмещенный,Есть,На стадии строительства,Нет
950000,4,73,1,Фирдавси,Вторичный рынок,Без ремонта (коробка),Раздельный,Есть,Построено,Есть
950000,2,64,8,Шохмансур,Новостройка,Новый ремонт,Совмещенный,Есть,Построено,Нет
950000,3,104,7,Другое,Новостройка,Без ремонта (коробка),Раздельный,Есть,Построено,Нет
950000,3,87,10,Фирдавси,Новостройка,С ремонтом,Совмещенный,Нет,Построено,Есть
950000,3,58,2,Фирдавси,Вторичный рынок,С ремонтом,Совмещенный,Есть,Построено,Есть
950000,3,124,14,Шохмансур,Новостройка,Без ремонта (коробка),Раздельный,Есть,Построено,Нет
950000,3,74,6,Сино,Новостройка,Новый ремонт,Совмещенный,Есть,Построено,Нет
950000,3,100,5,Сино,Новостройка,Без ремонта (коробка),Раздельный,Есть,Построено,Нет
950000,4,74,4,Другое,Вторичный рынок,С ремонтом,Раздельный,Нет,Построено,Есть
950000,3,104,3,Сино,Новостройка,Новый ремонт,Раздельный,Есть,Построено,Есть
950000,3,81,11,Сино,Новостройка,С ремонтом,Раздельный,Есть,Построено,Есть
950000,4,71,3,Сино,Вторичный рынок,С ремонтом,Раздельный,Есть,Построено,Есть
950000,2,65,9,Сино,Новостройка,Новый ремонт,Раздельный,Есть,Построено,Нет
950000,3,104,5,Фирдавси,Вторичный рынок,Новый ремонт,Раздельный,Есть,Построено,Есть
950000,2,62,14,И. Сомони,Новостройка,Новый ремонт,Совмещенный,Есть,Построено,Нет
950000,3,91,12,И. Сомони,Новостройка,Без ремонта (коробка),Совмещенный,Есть,Построено,Нет
950000,2,73,10,Сино,Новостройка,С ремонтом,Совмещенный,Нет,Построено,Нет
950000,4,90,1,Сино,Вторичный рынок,Новый ремонт,Совмещенный,Есть,Построено,Есть
950000,2,67,19,И. Сомони,Новостройка,Новый ремонт,Раздельный,Есть,Построено,Нет
950000,2,74,3,Сино,Новостройка,Новый ремонт,Раздельный,Есть,Построено,Нет
950000,2,64,14,Сино,Новостройка,Новый ремонт,Раздельный,Есть,Построено,Нет
950000,3,123,15,Сино,Новостройка,Без ремонта (коробка),Раздельный,Есть,Построено,Нет
950000,4,114,12,Шохмансур,Новостройка,Без ремонта (коробка),Раздельный,Есть,Построено,Нет
950000,3,74,6,Сино,Новостройка,Новый ремонт,Раздельный,Есть,Построено,Нет
950000,3,107,12,Сино,Новостройка,С ремонтом,Раздельный,Нет,Построено,Есть
950000,3,83,10,Сино,Новостройка,С ремонтом,Раздельный,Есть,Построено,Есть
950000,2,73,5,И. Сомони,Новостройка,Новый ремонт,Раздельный,Есть,Построено,Есть
950000,3,105,9,Сино,Новостройка,Новый ремонт,Раздельный,Есть,Построено,Нет
950000,4,90,3,Фирдавси,Вторичный рынок,С ремонтом,Раздельный,Есть,Построено,Есть
950000,2,83,8,Сино,Новостройка,Новый ремонт,Раздельный,Есть,Построено,Нет
950000,2,101,13,Другое,Новостройка,Новый ремонт,Раздельный,Есть,Построено,Нет
950000,2,101,9,Сино,Новостройка,С ремонтом,Раздельный,Есть,Построено,Нет
950000,5,80,2,Сино,Вторичный рынок,С ремонтом,Раздельный,Есть,Построено,Есть
950000,2,83,8,Сино,Новостройка,Новый ремонт,Раздельный,Есть,Построено,Есть
950000,4,95,10,Фирдавси,Новостройка,Новый ремонт,Раздельный,Нет,Построено,Есть
950000,3,110,3,Сино,Новостройка,Без ремонта (коробка),Раздельный,Есть,Построено,Нет
950000,3,85,5,Другое,Новостройка,Новый ремонт,Раздельный,Есть,Построено,Есть
950000,2,74,2,Сино,Новостройка,С ремонтом,Раздельный,Есть,Построено,Есть
950000,2,61,14,Другое,Новостройка,Новый ремонт,Совмещенный,Есть,Построено,Нет
950000,3,74,9,И. Сомони,Новостройка,Без ремонта (коробка),Раздельный,Есть,На стадии строительства,Нет
950000,3,80,11,Фирдавси,Новостройка,Новый ремонт,Раздельный,Есть,Построено,Есть
950000,2,87,8,Шохмансур,Новостройка,Новый ремонт,Раздельный,Есть,Построено,Нет
950000,3,108,9,Шохмансур,Новостройка,Без ремонта (коробка),Раздельный,Нет,Построено,Нет
950000,2,70,3,Фирдавси,Новостройка,С ремонтом,Раздельный,Есть,Построено,Нет
950000,4,90,3,Фирдавси,Вторичный рынок,Новый ремонт,Раздельный,Есть,Построено,Есть
950000,3,70,7,Фирдавси,Новостройка,Новый ремонт,Раздельный,Есть,Построено,Нет
950000,2,70,3,Фирдавси,Новостройка,Новый ремонт,Раздельный,Есть,Построено,Есть
950000,3,90,1,Сино,Новостройка,Новый ремонт,Раздельный,Есть,Построено,Есть
950000,2,70,3,Фирдавси,Новостройка,С ремонтом,Раздельный,Есть,Построено,Есть
950000,2,70,11,Шохмансур,Новостройка,Новый ремонт,Совмещенный,Есть,Построено,Нет
950001,2,83,8,Сино,Новостройка,Новый ремонт,Раздельный,Нет,Построено,Нет
952000,3,133,6,Сино,Новостройка,Без ремонта (коробка),Раздельный,Есть,На стадии строительства,Нет
952000,4,115,5,Фирдавси,Новостройка,Без ремонта (коробка),Раздельный,Нет,На стадии строительства,Нет
953700,3,120,6,Сино,Новостройка,Без ремонта (коробка),Раздельный,Есть,Построено,Нет
955000,3,96,11,Сино,Вторичный рынок,Новый ремонт,Совмещенный,Есть,Построено,Есть
955000,3,127,13,И. Сомони,Новостройка,Без ремонта (коробка),Раздельный,Нет,На стадии строительства,Нет
955000,2,70,5,Шохмансур,Новостройка,Новый ремонт,Совмещенный,Есть,Построено,Есть
955000,2,70,5,Другое,Новостройка,Новый ремонт,Совмещенный,Есть,Построено,Нет
955000,3,85,11,Фирдавси,Новостройка,Новый ремонт,Совмещенный,Есть,Построено,Есть
955000,3,101,13,Сино,Новостройка,С ремонтом,Раздельный,Есть,Построено,Нет
955000,3,96,6,Сино,Новостройка,Новый ремонт,Раздельный,Есть,Построено,Есть
955000,3,80,10,Сино,Новостройка,Новый ремонт,Раздельный,Есть,Построено,Есть
955000,3,93,14,Другое,Новостройка,Без ремонта (коробка),Раздельный,Есть,Построено,Нет
955000,3,101,13,Сино,Новостройка,Новый ремонт,Раздельный,Есть,Построено,Нет
955000,3,83,15,Фирдавси,Новостройка,Новый ремонт,Совмещенный,Есть,Построено,Есть
955000,3,106,3,Другое,Новостройка,Новый ремонт,Совмещенный,Есть,Построено,Нет
955000,3,74,6,Сино,Новостройка,Новый ремонт,Совмещенный,Есть,Построено,Нет
955000,3,101,13,Другое,Новостройка,Новый ремонт,Раздельный,Есть,Построено,Нет
956000,2,105,7,И. Сомони,Новостройка,Без ремонта (коробка),Раздельный,Есть,Построено,Нет
956000,2,121,9,Другое,Новостройка,Без ремонта (коробка),Раздельный,Есть,На стадии строительства,Нет
956000,2,70,3,Фирдавси,Новостройка,Новый ремонт,Раздельный,Есть,Построено,Есть
958000,4,130,16,Шохмансур,Новостройка,Без ремонта (коробка),Раздельный,Есть,Построено,Есть
959000,3,83,9,Фирдавси,Новостройка,Новый ремонт,Совмещенный,Есть,Построено,Нет
960000,2,62,15,И. Сомони,Новостройка,Новый ремонт,Раздельный,Есть,Построено,Есть
960000,2,62,15,Другое,Новостройка,Новый ремонт,Совмещенный,Есть,Построено,Нет
960000,2,62,14,И. Сомони,Новостройка,Новый ремонт,Раздельный,Есть,Построено,Нет
960000,2,62,5,И. Сомони,Новостройка,Новый ремонт,Раздельный,Есть,Построено,Нет
960000,2,60,12,И. Сомони,Новостройка,Новый ремонт,Раздельный,Есть,Построено,Есть
960000,2,82,11,Другое,Новостройка,Новый ремонт,Раздельный,Есть,Построено,Есть
960000,2,63,5,Другое,Новостройка,С ремонтом,Раздельный,Есть,Построено,Нет
960000,2,62,15,И. Сомони,Новостройка,Новый ремонт,Раздельный,Есть,Построено,Нет
960000,2,74,10,Сино,Новостройка,С ремонтом,Раздельный,Есть,Построено,Нет
960000,2,115,7,Шохмансур,Новостройка,Без ремонта (коробка),Совмещенный,Есть,Построено,Нет
960000,2,62,6,И. Сомони,Новостройка,Новый ремонт,Раздельный,Есть,Построено,Нет
960000,4,105,7,Сино,Вторичный рынок,С ремонтом,Раздельный,Нет,Построено,Есть
960000,3,65,2,Шохмансур,Вторичный рынок,С ремонтом,Раздельный,Есть,Построено,Есть
960000,2,115,7,Шохмансур,Новостройка,Без ремонта (коробка),Раздельный,Есть,Построено,Нет
960000,2,60,9,И. Сомони,Новостройка,Новый ремонт,Раздельный,Есть,Построено,Нет
960000,2,55,7,Другое,Новостройка,Новый ремонт,Раздельный,Есть,Построено,Есть
960000,3,67,12,Сино,Новостройка,Новый ремонт,Раздельный,Нет,Построено,Есть
960000,2,74,10,Сино,Новостройка,Новый ремонт,Совмещенный,Есть,Построено,Нет
960000,3,82,2,Фирдавси,Новостройка,С ремонтом,Раздельный,Нет,Построено,Есть
960000,3,104,12,И. Сомони,Новостройка,Без ремонта (коробка),Раздельный,Есть,Построено,Нет
960000,3,121,14,Сино,Новостройка,Без ремонта (коробка),Раздельный,Есть,На стадии строительства,Нет
960000,3,116,14,И. Сомони,Новостройка,Без ремонта (коробка),Раздельный,Есть,Построено,Нет
960000,2,82,11,Шохмансур,Новостройка,Новый ремонт,Раздельный,Есть,Построено,Есть
960000,3,85,15,Сино,Новостройка,Новый ремонт,Раздельный,Есть,Построено,Есть
960000,3,115,8,Сино,Новостройка,Без ремонта (коробка),Раздельный,Есть,Построено,Нет
960000,3,83,9,Фирдавси,Новостройка,Новый ремонт,Раздельный,Есть,Построено,Нет
960000,2,100,2,Другое,Новостройка,Без ремонта (коробка),Раздельный,Нет,Построено,Есть
960000,2,91,7,Сино,Новостройка,Без ремонта (коробка),Раздельный,Есть,Построено,Нет
960000,2,82,11,Шохмансур,Новостройка,С ремонтом,Раздельный,Есть,Построено,Есть
960000,3,101,13,Сино,Новостройка,Новый ремонт,Совмещенный,Есть,Построено,Нет
960000,2,78,16,Шохмансур,Новостройка,С ремонтом,Совмещенный,Есть,Построено,Есть
960000,2,104,12,И. Сомони,Новостройка,Без ремонта (коробка),Раздельный,Есть,Построено,Есть
960000,3,120,11,Сино,Новостройка,Без ремонта (коробка),Раздельный,Есть,На стадии строительства,Нет
960000,2,74,10,Сино,Новостройка,Новый ремонт,Раздельный,Есть,Построено,Нет
960000,3,83,9,Фирдавси,Новостройка,Новый ремонт,Совмещенный,Есть,На стадии строительства,Нет
960001,4,85,1,Сино,Вторичный рынок,С ремонтом,Совмещенный,Есть,Построено,Есть
960500,2,80,2,Фирдавси,Вторичный рынок,Новый ремонт,Раздельный,Есть,Построено,Есть
960700,2,103,3,Шохмансур,Новостройка,Без ремонта (коробка),Раздельный,Есть,На стадии строительства,Нет
962550,2,115,7,Шохмансур,Новостройка,Без ремонта (коробка),Раздельный,Нет,Построено,Нет
965000,3,116,14,Другое,Новостройка,Без ремонта (коробка),Раздельный,Есть,Построено,Нет
965000,2,67,14,И. Сомони,Новостройка,Новый ремонт,Раздельный,Есть,Построено,Нет
965000,5,105,4,Сино,Вторичный рынок,С ремонтом,Раздельный,Есть,Построено,Есть
965000,3,74,6,Сино,Новостройка,Новый ремонт,Раздельный,Есть,Построено,Нет
965000,2,82,2,Фирдавси,Новостройка,С ремонтом,Раздельный,Нет,Построено,Есть
965000,2,115,7,Шохмансур,Новостройка,Без ремонта (коробка),Совмещенный,Есть,Построено,Нет
965000,3,86,14,Фирдавси,Новостройка,Новый ремонт,Раздельный,Есть,Построено,Есть
965000,2,62,6,И. Сомони,Новостройка,Новый ремонт,Раздельный,Есть,Построено,Нет
965000,2,100,10,Другое,Новостройка,Без ремонта (коробка),Раздельный,Есть,Построено,Нет
965000,2,62,13,И. Сомони,Новостройка,Новый ремонт,Совмещенный,Есть,Построено,Нет
965000,2,123,14,Сино,Новостройка,Без ремонта (коробка),Раздельный,Есть,Построено,Нет
965001,3,108,2,И. Сомони,Новостройка,Без ремонта (коробка),Раздельный,Есть,Построено,Нет
965036,3,106,2,Другое,Новостройка,Новый ремонт,Раздельный,Нет,Построено,Есть
966000,3,80,2,Фирдавси,Вторичный рынок,Новый ремонт,Раздельный,Есть,Построено,Есть
967000,3,73,3,Сино,Новостройка,Новый ремонт,Раздельный,Есть,Построено,Есть
967000,2,70,16,Шохмансур,Новостройка,Новый ремонт,Раздельный,Есть,Построено,Нет
967000,3,160,16,Сино,Новостройка,Без ремонта (коробка),Раздельный,Есть,На стадии строительства,Нет
967000,3,120,8,Фирдавси,Новостройка,Новый ремонт,Раздельный,Нет,Построено,Есть
969000,3,144,15,Другое,Новостройка,Без ремонта (коробка),Раздельный,Есть,Построено,Нет
969000,4,176,16,Фирдавси,Новостройка,Без ремонта (коробка),Раздельный,Есть,Построено,Нет
969000,3,72,3,Сино,Вторичный рынок,С ремонтом,Раздельный,Есть,Построено,Есть
969000,3,87,20,Сино,Новостройка,Новый ремонт,Раздельный,Есть,Построено,Нет
970000,2,83,7,Сино,Новостройка,Новый ремонт,Раздельный,Есть,Построено,Есть
970000,2,73,10,Шохмансур,Новостройка,Новый ремонт,Совмещенный,Есть,Построено,Нет
970000,2,71,2,Шохмансур,Новостройка,Новый ремонт,Раздельный,Есть,Построено,Нет
970000,3,150,10,Другое,Новостройка,Новый ремонт,Раздельный,Есть,Построено,Есть
970000,3,76,14,Сино,Новостройка,Новый ремонт,Раздельный,Есть,Построено,Есть
970000,1,61,6,Другое,Новостройка,Новый ремонт,Раздельный,Есть,Построено,Нет
970000,2,80,6,Сино,Новостройка,Новый ремонт,Раздельный,Есть,Построено,Есть
970000,3,80,7,Другое,Новостройка,Без ремонта (коробка),Совмещенный,Есть,Построено,Есть
970000,3,87,14,Сино,Новостройка,Новый ремонт,Раздельный,Есть,Построено,Нет
970000,3,85,5,Фирдавси,Новостройка,С ремонтом,Раздельный,Есть,Построено,Есть
970000,2,73,10,Шохмансур,Новостройка,С ремонтом,Совмещенный,Есть,Построено,Нет
970000,3,116,11,Сино,Новостройка,Без ремонта (коробка),Раздельный,Есть,Построено,Нет
970000,2,80,7,И. Сомони,Новостройка,Без ремонта (коробка),Раздельный,Есть,Построено,Есть
970000,3,70,2,Сино,Вторичный рынок,С ремонтом,Совмещенный,Есть,Построено,Есть
970000,3,130,10,Сино,Новостройка,Без ремонта (коробка),Раздельный,Есть,Построено,Нет
970000,3,86,14,Сино,Новостройка,Новый ремонт,Совмещенный,Есть,Построено,Нет
970000,3,126,20,Сино,Новостройка,Без ремонта (коробка),Раздельный,Есть,Построено,Нет
970000,3,70,2,Сино,Вторичный рынок,С ремонтом,Раздельный,Есть,Построено,Есть
970000,2,78,19,Шохмансур,Новостройка,С ремонтом,Совмещенный,Есть,Построено,Нет
970000,4,123,16,Сино,Новостройка,Без ремонта (коробка),Раздельный,Есть,Построено,Нет
970000,2,70,1,И. Сомони,Новостройка,Новый ремонт,Раздельный,Есть,Построено,Есть
970000,3,81,8,Сино,Новостройка,Новый ремонт,Раздельный,Есть,Построено,Есть
970000,2,70,16,Шохмансур,Новостройка,Новый ремонт,Раздельный,Есть,Построено,Нет
970000,2,80,7,И. Сомони,Новостройка,Без ремонта (коробка),Совмещенный,Есть,Построено,Есть
970000,3,86,14,Сино,Новостройка,С ремонтом,Совмещенный,Есть,Построено,Нет
970000,3,130,10,Сино,Новостройка,С ремонтом,Раздельный,Есть,Построено,Нет
970000,2,73,10,Шохмансур,Новостройка,С ремонтом,Раздельный,Есть,Построено,Нет
970000,2,74,2,Шохмансур,Новостройка,Новый ремонт,Раздельный,Есть,Построено,Нет
970000,4,90,9,Сино,Вторичный рынок,Новый ремонт,Раздельный,Есть,Построено,Есть
970000,3,80,5,Сино,Новостройка,Новый ремонт,Раздельный,Есть,Построено,Есть
970000,3,95,3,Сино,Новостройка,Без ремонта (коробка),Раздельный,Есть,Построено,Нет
970000,3,100,10,Сино,Новостройка,Новый ремонт,Раздельный,Есть,Построено,Есть
970000,3,78,10,Фирдавси,Новостройка,Новый ремонт,Раздельный,Нет,Построено,Нет
970000,2,75,2,Шохмансур,Новостройка,Новый ремонт,Раздельный,Есть,Построено,Нет
970000,2,80,15,Сино,Новостройка,С ремонтом,Раздельный,Есть,Построено,Есть
970000,3,107,15,Шохмансур,Новостройка,Без ремонта (коробка),Раздельный,Есть,Построено,Есть
970000,2,73,10,Шохмансур,Новостройка,Новый ремонт,Раздельный,Есть,Построено,Нет
970000,4,129,5,Шохмансур,Новостройка,Без ремонта (коробка),Раздельный,Есть,Построено,Нет
970000,3,72,7,Фирдавси,Новостройка,Новый ремонт,Раздельный,Есть,Построено,Нет
970000,3,72,10,Шохмансур,Новостройка,Новый ремонт,Раздельный,Есть,Построено,Нет
970000,3,134,6,Сино,Новостройка,Без ремонта (коробка),Раздельный,Есть,Построено,Нет
970000,2,80,7,И. Сомони,Новостройка,Без ремонта (коробка),Совмещенный,Есть,На стадии строительства,Есть
970000,3,86,14,Сино,Новостройка,Новый ремонт,Раздельный,Есть,Построено,Нет
970000,1,67,8,Сино,Новостройка,Новый ремонт,Раздельный,Есть,Построено,Есть
970000,3,82,2,Фирдавси,Новостройка,Новый ремонт,Раздельный,Нет,Построено,Есть
970000,3,67,1,Шохмансур,Новостройка,Новый ремонт,Раздельный,Есть,Построено,Нет
971000,2,87,1,Сино,Новостройка,Новый ремонт,Раздельный,Есть,Построено,Нет
971000,2,85,13,Сино,Новостройка,Новый ремонт,Совмещенный,Нет,Построено,Нет
972000,2,123,18,Сино,Новостройка,Без ремонта (коробка),Раздельный,Есть,На стадии строительства,Нет
973000,3,116,14,Другое,Новостройка,Без ремонта (коробка),Раздельный,Нет,Построено,Нет
974000,4,129,4,Шохмансур,Новостройка,Без ремонта (коробка),Раздельный,Есть,На стадии строительства,Нет
974800,5,95,3,Фирдавси,Вторичный рынок,С ремонтом,Раздельный,Есть,Построено,Есть
975000,3,75,7,Сино,Новостройка,С ремонтом,Раздельный,Есть,Построено,Есть
975000,3,70,2,Сино,Вторичный рынок,Новый ремонт,Раздельный,Есть,Построено,Есть
975000,2,70,3,И. Сомони,Новостройка,Новый ремонт,Раздельный,Есть,Построено,Есть
975000,2,117,1,Сино,Вторичный рынок,Без ремонта (коробка),Раздельный,Есть,Построено,Нет
975000,3,84,3,Сино,Новостройка,Новый ремонт,Раздельный,Нет,Построено,Есть
975000,2,62,11,Другое,Новостройка,Новый ремонт,Совмещенный,Есть,Построено,Нет
975000,3,60,2,Сино,Вторичный рынок,С ремонтом,Раздельный,Есть,Построено,Есть
975000,2,73,10,Другое,Новостройка,Новый ремонт,Совмещенный,Есть,Построено,Нет
975000,3,81,11,Сино,Новостройка,Новый ремонт,Раздельный,Нет,Построено,Есть
975000,3,70,2,Сино,Вторичный рынок,С ремонтом,Раздельный,Есть,Построено,Есть
975000,3,81,11,Сино,Новостройка,С ремонтом,Раздельный,Нет,Построено,Есть
975000,3,81,11,Сино,Новостройка,Новый ремонт,Раздельный,Есть,Построено,Есть
975001,2,73,10,Шохмансур,Новостройка,Новый ремонт,Раздельный,Есть,Построено,Нет
976000,3,91,12,Другое,Новостройка,Без ремонта (коробка),Совмещенный,Есть,Построено,Нет
976000,2,62,6,И. Сомони,Новостройка,Новый ремонт,Раздельный,Есть,Построено,Нет
976000,2,124,14,Шохмансур,Новостройка,Без ремонта (коробка),Раздельный,Есть,Построено,Нет
976500,2,123,16,Сино,Новостройка,Без ремонта (коробка),Раздельный,Есть,На стадии строительства,Нет
976500,2,123,17,Сино,Новостройка,Без ремонта (коробка),Раздельный,Есть,На стадии строительства,Нет
977000,3,91,12,Другое,Новостройка,Без ремонта (коробка),Совмещенный,Есть,Построено,Нет
977000,3,72,10,Шохмансур,Новостройка,Новый ремонт,Раздельный,Есть,Построено,Нет
977000,2,91,12,Сино,Новостройка,Новый ремонт,Раздельный,Есть,Построено,Есть
977500,3,123,20,Сино,Новостройка,Без ремонта (коробка),Раздельный,Есть,Построено,Нет
978000,2,60,11,И. Сомони,Новостройка,Новый ремонт,Раздельный,Есть,Построено,Нет
979000,3,130,7,Другое,Новостройка,Без ремонта (коробка),Раздельный,Есть,Построено,Нет
979000,2,61,6,И. Сомони,Новостройка,Новый ремонт,Совмещенный,Есть,Построено,Есть
979000,2,80,4,Фирдавси,Новостройка,С ремонтом,Совмещенный,Есть,Построено,Есть
979000,2,62,6,Другое,Новостройка,Новый ремонт,Раздельный,Есть,Построено,Нет
979000,2,65,11,И. Сомони,Новостройка,Новый ремонт,Совмещенный,Есть,Построено,Есть
979000,1,61,6,И. Сомони,Новостройка,Новый ремонт,Раздельный,Есть,Построено,Нет
979000,4,106,1,Сино,Новостройка,Новый ремонт,Совмещенный,Есть,Построено,Есть
979000,1,61,6,Другое,Новостройка,Новый ремонт,Раздельный,Есть,Построено,Нет
979290,3,111,9,Сино,Новостройка,Без ремонта (коробка),Раздельный,Есть,Построено,Нет
980000,2,84,2,Сино,Новостройка,Новый ремонт,Раздельный,Есть,Построено,Нет
980000,1,80,7,И. Сомони,Новостройка,Без ремонта (коробка),Совмещенный,Есть,Построено,Есть
980000,2,74,2,Шохмансур,Новостройка,Новый ремонт,Раздельный,Есть,Построено,Нет
980000,4,120,12,Сино,Новостройка,Без ремонта (коробка),Раздельный,Нет,Построено,Нет
980000,3,85,15,Сино,Новостройка,Новый ремонт,Раздельный,Есть,Построено,Нет
980000,3,110,3,Фирдавси,Новостройка,Без ремонта (коробка),Раздельный,Есть,Построено,Нет
980000,4,100,6,Фирдавси,Вторичный рынок,С ремонтом,Раздельный,Нет,Построено,Есть
980000,3,68,7,Сино,Вторичный рынок,С ремонтом,Совмещенный,Есть,Построено,Есть
980000,3,85,2,Фирдавси,Новостройка,Новый ремонт,Раздельный,Есть,Построено,Есть
980000,3,116,14,И. Сомони,Новостройка,Без ремонта (коробка),Раздельный,Есть,Построено,Нет
980000,2,65,11,И. Сомони,Новостройка,Новый ремонт,Совмещенный,Есть,Построено,Есть
980000,1,64,9,И. Сомони,Новостройка,Новый ремонт,Раздельный,Есть,Построено,Нет
980000,2,56,11,И. Сомони,Новостройка,Новый ремонт,Раздельный,Есть,Построено,Есть
980000,2,65,11,И. Сомони,Новостройка,Новый ремонт,Раздельный,Есть,Построено,Есть
980000,2,80,2,Фирдавси,Вторичный рынок,С ремонтом,Совмещенный,Есть,Построено,Есть
980000,3,73,7,Сино,Вторичный рынок,С ремонтом,Раздельный,Есть,Построено,Есть
980000,2,62,6,И. Сомони,Новостройка,Новый ремонт,Раздельный,Есть,Построено,Нет
980000,3,104,12,И. Сомони,Новостройка,Без ремонта (коробка),Раздельный,Есть,Построено,Нет
980000,4,76,3,Фирдавси,Вторичный рынок,Новый ремонт,Раздельный,Есть,Построено,Есть
980000,3,72,10,Шохмансур,Новостройка,Новый ремонт,Раздельный,Есть,Построено,Нет
980000,2,100,14,Другое,Новостройка,Новый ремонт,Раздельный,Есть,Построено,Есть
980000,3,76,16,И. Сомони,Новостройка,Новый ремонт,Совмещенный,Есть,Построено,Нет
980000,3,91,7,Другое,Новостройка,Без ремонта (коробка),Раздельный,Есть,Построено,Нет
980000,2,105,13,Сино,Новостройка,Без ремонта (коробка),Раздельный,Есть,Построено,Нет
980000,3,110,3,Другое,Новостройка,Без ремонта (коробка),Раздельный,Есть,Построено,Нет
980000,3,104,12,Другое,Новостройка,Без ремонта (коробка),Раздельный,Есть,Построено,Есть
980000,3,101,13,Сино,Новостройка,Новый ремонт,Раздельный,Есть,Построено,Нет
980000,4,76,3,Фирдавси,Вторичный рынок,С ремонтом,Раздельный,Есть,Построено,Есть
980000,2,65,11,Другое,Новостройка,С ремонтом,Совмещенный,Есть,Построено,Есть
980000,3,90,8,Сино,Вторичный рынок,С ремонтом,Раздельный,Есть,Построено,Есть
980000,1,64,9,Другое,Новостройка,Новый ремонт,Раздельный,Есть,Построено,Нет
980000,2,80,7,Сино,Новостройка,Новый ремонт,Раздельный,Есть,Построено,Есть
980000,3,86,11,Фирдавси,Новостройка,Новый ремонт,Раздельный,Есть,Построено,Нет
980000,3,75,14,Сино,Новостройка,Новый ремонт,Раздельный,Есть,Построено,Есть
980000,3,76,16,И. Сомони,Новостройка,Новый ремонт,Раздельный,Есть,Построено,Нет
980000,2,81,7,Другое,Новостройка,С ремонтом,Раздельный,Есть,Построено,Есть
980000,3,100,6,Фирдавси,Вторичный рынок,С ремонтом,Раздельный,Есть,Построено,Есть
980000,2,83,1,Другое,Новостройка,Новый ремонт,Совмещенный,Есть,Построено,Есть
980000,1,86,11,Другое,Новостройка,Без ремонта (коробка),Раздельный,Есть,На стадии строительства,Есть
980000,3,104,16,Шохмансур,Новостройка,Без ремонта (коробка),Совмещенный,Есть,Построено,Нет
980000,4,96,4,Фирдавси,Вторичный рынок,С ремонтом,Раздельный,Есть,Построено,Есть
980000,2,64,9,И. Сомони,Новостройка,Новый ремонт,Раздельный,Есть,Построено,Нет
980000,2,66,2,И. Сомони,Новостройка,С ремонтом,Раздельный,Есть,Построено,Есть
980000,2,84,8,Сино,Новостройка,Новый ремонт,Раздельный,Есть,Построено,Нет
980000,2,62,15,И. Сомони,Новостройка,Новый ремонт,Совмещенный,Есть,Построено,Нет
980000,3,80,1,Сино,Вторичный рынок,С ремонтом,Раздельный,Есть,Построено,Есть
980000,2,122,15,Сино,Новостройка,Без ремонта (коробка),Раздельный,Есть,На стадии строительства,Нет
980000,3,68,10,Сино,Новостройка,Новый ремонт,Совмещенный,Есть,Построено,Нет
980000,2,81,7,Другое,Новостройка,Новый ремонт,Раздельный,Есть,Построено,Есть
980000,1,80,6,И. Сомони,Новостройка,Без ремонта (коробка),Совмещенный,Есть,Построено,Нет
980000,2,84,7,И. Сомони,Новостройка,Без ремонта (коробка),Раздельный,Нет,Построено,Нет
980000,3,95,3,Сино,Новостройка,Новый ремонт,Раздельный,Есть,Построено,Есть
980000,3,104,12,Другое,Новостройка,Без ремонта (коробка),Совмещенный,Есть,Построено,Нет
980000,1,80,7,Другое,Новостройка,Без ремонта (коробка),Совмещенный,Есть,Построено,Есть
980000,4,84,4,Сино,Вторичный рынок,С ремонтом,Раздельный,Есть,Построено,Есть
980000,3,86,11,Фирдавси,Новостройка,С ремонтом,Раздельный,Есть,Построено,Нет
980000,2,65,11,Другое,Новостройка,Новый ремонт,Совмещенный,Есть,Построено,Есть
980000,3,80,1,Сино,Новостройка,С ремонтом,Раздельный,Есть,Построено,Есть
980000,3,68,3,И. Сомони,Вторичный рынок,С ремонтом,Совмещенный,Есть,Построено,Есть
982000,5,120,2,Сино,Вторичный рынок,С ремонтом,Раздельный,Есть,Построено,Есть
982000,3,132,10,Другое,Новостройка,Без ремонта (коробка),Раздельный,Нет,Построено,Нет
982000,3,76,16,И. Сомони,Новостройка,Новый ремонт,Совмещенный,Есть,Построено,Нет
984999,3,120,6,Шохмансур,Новостройка,Без ремонта (коробка),Раздельный,Есть,На стадии строительства,Нет
985000,2,62,6,Другое,Новостройка,Новый ремонт,Раздельный,Есть,Построено,Нет
985000,3,94,2,Сино,Новостройка,С ремонтом,Раздельный,Нет,Построено,Нет
985000,2,85,9,Сино,Новостройка,С ремонтом,Совмещенный,Нет,Построено,Нет
985000,2,118,6,И. Сомони,Новостройка,Без ремонта (коробка),Раздельный,Есть,Построено,Нет
985000,4,80,2,Сино,Вторичный рынок,Новый ремонт,Совмещенный,Есть,Построено,Есть
985000,2,98,15,Сино,Новостройка,Без ремонта (коробка),Раздельный,Есть,Построено,Нет
985000,3,99,13,Другое,Новостройка,Без ремонта (коробка),Раздельный,Есть,Построено,Нет
985000,3,72,10,Шохмансур,Новостройка,Новый ремонт,Раздельный,Есть,Построено,Нет
985000,3,124,5,Шохмансур,Новостройка,Без ремонта (коробка),Раздельный,Есть,Построено,Нет
985000,2,85,5,Сино,Новостройка,Новый ремонт,Раздельный,Есть,Построено,Есть
985000,2,62,6,И. Сомони,Новостройка,Новый ремонт,Раздельный,Есть,Построено,Нет
985000,2,64,9,Другое,Новостройка,Новый ремонт,Раздельный,Есть,Построено,Есть
985000,3,88,3,Сино,Новостройка,Новый ремонт,Раздельный,Есть,Построено,Есть
985000,2,98,16,Сино,Новостройка,Без ремонта (коробка),Раздельный,Есть,Построено,Нет
985000,3,120,6,Шохмансур,Новостройка,Без ремонта (коробка),Раздельный,Есть,На стадии строительства,Есть
985001,3,80,9,Сино,Новостройка,Новый ремонт,Раздельный,Есть,Построено,Нет
985800,2,62,6,И. Сомони,Новостройка,Новый ремонт,Раздельный,Есть,Построено,Нет
985800,3,101,9,Шохмансур,Новостройка,Без ремонта (коробка),Раздельный,Есть,Построено,Нет
985800,2,62,6,Другое,Новостройка,Новый ремонт,Раздельный,Есть,Построено,Нет
985800,3,101,9,Шохмансур,Новостройка,Без ремонта (коробка),Раздельный,Нет,Построено,Нет
986000,3,101,9,Шохмансур,Новостройка,Без ремонта (коробка),Совмещенный,Есть,Построено,Нет
987000,4,120,11,Сино,Новостройка,Без ремонта (коробка),Раздельный,Есть,На стадии строительства,Нет
987000,3,72,11,Шохмансур,Новостройка,Новый ремонт,Совмещенный,Есть,Построено,Есть
988000,3,106,4,Другое,Новостройка,Без ремонта (коробка),Раздельный,Есть,Построено,Есть
988900,2,124,14,Шохмансур,Новостройка,Без ремонта (коробка),Совмещенный,Нет,На стадии строительства,Нет
989000,2,89,14,Шохмансур,Новостройка,Без ремонта (коробка),Раздельный,Есть,Построено,Есть
989000,2,91,4,Другое,Новостройка,Без ремонта (коробка),Раздельный,Есть,Построено,Нет
990000,2,51,10,Шохмансур,Новостройка,С ремонтом,Раздельный,Есть,Построено,Есть
990000,3,125,8,Фирдавси,Новостройка,Без ремонта (коробка),Раздельный,Есть,Построено,Нет
990000,3,128,9,Сино,Новостройка,Без ремонта (коробка),Раздельный,Есть,Построено,Нет
990000,3,118,4,Шохмансур,Новостройка,Без ремонта (коробка),Раздельный,Есть,Построено,Есть
990000,5,100,4,Сино,Вторичный рынок,С ремонтом,Раздельный,Есть,Построено,Есть
990000,3,80,8,Шохмансур,Новостройка,Новый ремонт,Раздельный,Есть,Построено,Нет
990000,3,80,3,Сино,Новостройка,С ремонтом,Раздельный,Есть,Построено,Есть
990000,3,112,8,Шохмансур,Новостройка,Без ремонта (коробка),Раздельный,Нет,Построено,Нет
990000,4,90,1,Фирдавси,Вторичный рынок,С ремонтом,Совмещенный,Нет,Построено,Есть
990000,3,118,4,Шохмансур,Новостройка,Без ремонта (коробка),Раздельный,Есть,Построено,Нет
990000,3,112,3,И. Сомони,Новостройка,Без ремонта (коробка),Раздельный,Есть,Построено,Нет
990000,2,71,10,И. Сомони,Новостройка,Новый ремонт,Раздельный,Есть,Построено,Нет
990000,2,100,5,И. Сомони,Новостройка,Без ремонта (коробка),Раздельный,Нет,Построено,Нет
990000,3,75,9,Шохмансур,Новостройка,Новый ремонт,Раздельный,Есть,Построено,Нет
990000,2,71,12,Другое,Новостройка,Новый ремонт,Раздельный,Есть,Построено,Нет
990000,2,70,10,Другое,Новостройка,Новый ремонт,Раздельный,Есть,Построено,Нет
990000,3,85,9,Сино,Новостройка,Без ремонта (коробка),Раздельный,Есть,Построено,Нет
990000,3,105,7,Фирдавси,Новостройка,С ремонтом,Раздельный,Есть,Построено,Есть
990000,2,75,16,И. Сомони,Новостройка,Новый ремонт,Совмещенный,Есть,Построено,Нет
990000,3,76,2,Сино,Новостройка,Новый ремонт,Раздельный,Нет,Построено,Есть
990000,2,88,3,И. Сомони,Новостройка,Без ремонта (коробка),Раздельный,Есть,Построено,Нет
990000,3,100,4,Сино,Вторичный рынок,С ремонтом,Раздельный,Есть,Построено,Есть
990000,5,120,3,Другое,Вторичный рынок,Новый ремонт,Раздельный,Есть,Построено,Есть
990000,2,104,12,И. Сомони,Новостройка,Без ремонта (коробка),Раздельный,Есть,Построено,Нет
990000,2,83,7,Сино,Новостройка,Новый ремонт,Раздельный,Есть,Построено,Есть
990000,3,81,11,Сино,Новостройка,Новый ремонт,Раздельный,Нет,Построено,Есть
990000,3,68,14,Сино,Новостройка,Новый ремонт,Раздельный,Есть,Построено,Нет
990000,4,85,3,Сино,Вторичный рынок,С ремонтом,Раздельный,Есть,Построено,Есть
990000,2,89,14,И. Сомони,Новостройка,Без ремонта (коробка),Раздельный,Есть,Построено,Есть
990000,3,68,14,Сино,Новостройка,Новый ремонт,Раздельный,Нет,Построено,Нет
990000,2,87,1,Сино,Новостройка,Новый ремонт,Раздельный,Есть,Построено,Нет
990000,3,80,10,Сино,Новостройка,Новый ремонт,Раздельный,Есть,Построено,Нет
990000,3,104,12,И. Сомони,Новостройка,Без ремонта (коробка),Раздельный,Есть,Построено,Нет
990000,3,84,16,Сино,Новостройка,Новый ремонт,Раздельный,Есть,Построено,Нет
990000,2,66,1,Другое,Вторичный рынок,С ремонтом,Совмещенный,Есть,Построено,Есть
990000,3,81,11,Сино,Новостройка,Новый ремонт,Раздельный,Есть,Построено,Есть
990000,2,70,10,И. Сомони,Новостройка,Новый ремонт,Раздельный,Есть,Построено,Нет
990000,2,89,4,Фирдавси,Новостройка,Новый ремонт,Раздельный,Есть,Построено,Нет
990000,2,71,12,Другое,Новостройка,С ремонтом,Раздельный,Есть,Построено,Есть
990000,2,70,10,И. Сомони,Новостройка,Новый ремонт,Раздельный,Нет,Построено,Нет
990000,2,91,4,И. Сомони,Новостройка,Без ремонта (коробка),Совмещенный,Есть,Построено,Нет
992000,3,116,14,И. Сомони,Новостройка,Без ремонта (коробка),Раздельный,Есть,Построено,Нет
993000,3,91,14,И. Сомони,Новостройка,Без ремонта (коробка),Раздельный,Есть,Построено,Нет
995000,3,103,9,Шохмансур,Новостройка,Без ремонта (коробка),Раздельный,Есть,Построено,Есть
995000,3,94,2,Сино,Новостройка,С ремонтом,Раздельный,Нет,Построено,Нет
995000,3,91,14,И. Сомони,Новостройка,Без ремонта (коробка),Раздельный,Есть,Построено,Нет
995000,4,80,2,Сино,Вторичный рынок,Новый ремонт,Совмещенный,Есть,Построено,Есть
995000,3,94,2,Сино,Новостройка,С ремонтом,Совмещенный,Есть,Построено,Нет
995000,4,120,11,Сино,Новостройка,Без ремонта (коробка),Раздельный,Есть,Построено,Нет
995000,2,86,1,Другое,Новостройка,Новый ремонт,Раздельный,Есть,Построено,Есть
995000,4,81,4,Сино,Вторичный рынок,Новый ремонт,Раздельный,Есть,Построено,Есть
995000,3,118,14,Сино,Новостройка,Без ремонта (коробка),Раздельный,Есть,Построено,Нет
995000,3,91,14,И. Сомони,Новостройка,Без ремонта (коробка),Раздельный,Есть,На стадии строительства,Нет
995000,3,90,7,Сино,Новостройка,Новый ремонт,Раздельный,Нет,Построено,Нет
995000,3,85,12,Сино,Новостройка,Новый ремонт,Раздельный,Есть,Построено,Нет
995000,2,67,15,Шохмансур,Новостройка,Новый ремонт,Раздельный,Есть,Построено,Есть
995000,2,84,1,Другое,Новостройка,Новый ремонт,Раздельный,Есть,Построено,Есть
995000,3,84,1,Другое,Новостройка,Новый ремонт,Раздельный,Есть,Построено,Есть
996000,3,120,5,Сино,Новостройка,Без ремонта (коробка),Раздельный,Есть,Построено,Нет
997500,4,129,5,Шохмансур,Новостройка,Без ремонта (коробка),Раздельный,Нет,На стадии строительства,Нет
997501,4,129,5,Шохмансур,Новостройка,Без ремонта (коробка),Раздельный,Нет,Построено,Нет
998000,3,91,4,Другое,Новостройка,Без ремонта (коробка),Раздельный,Есть,Построено,Нет
998000,2,86,16,Сино,Новостройка,Новый ремонт,Раздельный,Есть,Построено,Есть
998000,2,91,4,И. Сомони,Новостройка,Без ремонта (коробка),Раздельный,Нет,Построено,Нет
998000,3,82,5,Сино,Новостройка,С ремонтом,Раздельный,Есть,Построено,Есть
998000,4,108,2,И. Сомони,Новостройка,С ремонтом,Раздельный,Есть,Построено,Нет
999000,2,65,10,Шохмансур,Новостройка,Новый ремонт,Раздельный,Есть,Построено,Нет
999000,3,108,2,Другое,Новостройка,С ремонтом,Раздельный,Есть,Построено,Нет
999000,3,108,2,И. Сомони,Новостройка,Без ремонта (коробка),Раздельный,Есть,Построено,Нет
999000,2,122,14,Сино,Новостройка,Без ремонта (коробка),Раздельный,Есть,Построено,Нет
999000,3,73,2,Сино,Новостройка,С ремонтом,Раздельный,Есть,Построено,Есть
999000,3,75,14,Сино,Новостройка,Новый ремонт,Раздельный,Есть,Построено,Есть
999000,2,58,5,Шохмансур,Новостройка,Новый ремонт,Раздельный,Есть,Построено,Есть
999000,3,74,11,И. Сомони,Новостройка,Новый ремонт,Совмещенный,Есть,Построено,Нет
999000,2,87,14,И. Сомони,Новостройка,Новый ремонт,Раздельный,Есть,Построено,Есть
999000,2,86,16,Сино,Новостройка,С ремонтом,Раздельный,Есть,Построено,Есть
999000,2,86,16,Сино,Новостройка,Новый ремонт,Раздельный,Есть,Построено,Есть
999000,3,73,3,Сино,Новостройка,С ремонтом,Раздельный,Есть,Построено,Есть
999000,4,70,3,Фирдавси,Вторичный рынок,С ремонтом,Совмещенный,Есть,На стадии строительства,Есть
999720,2,123,20,Другое,Новостройка,Без ремонта (коробка),Раздельный,Нет,Построено,Нет
999900,3,80,11,Сино,Новостройка,Новый ремонт,Совмещенный,Есть,Построено,Нет
999999,4,85,3,Сино,Новостройка,С ремонтом,Раздельный,Есть,Построено,Есть
999999,3,80,11,Сино,Новостройка,Новый ремонт,Раздельный,Есть,Построено,Нет
999999,6,6,3,Другое,Новостройка,Без ремонта (коробка),Раздельный,Нет,Построено,Есть
999999,2,66,7,Шохмансур,Новостройка,Новый ремонт,Раздельный,Есть,Построено,Нет
999999,4,99,4,Сино,Вторичный рынок,Новый ремонт,Совмещенный,Есть,На стадии строительства,Есть
1000000,3,101,15,Сино,Новостройка,Новый ремонт,Раздельный,Есть,Построено,Нет
1000000,4,90,4,Другое,Вторичный рынок,Новый ремонт,Раздельный,Нет,Построено,Есть
1000000,3,81,11,Сино,Новостройка,Новый ремонт,Раздельный,Нет,Построено,Есть
1000000,3,116,4,Другое,Новостройка,Без ремонта (коробка),Раздельный,Нет,На стадии строительства,Нет
1000000,3,97,13,И. Сомони,Новостройка,Без ремонта (коробка),Раздельный,Есть,Построено,Нет
1000000,3,101,4,Шохмансур,Новостройка,Без ремонта (коробка),Раздельный,Есть,Построено,Нет
1000000,3,105,7,Фирдавси,Новостройка,С ремонтом,Раздельный,Есть,Построено,Нет
1000000,2,100,11,Сино,Новостройка,Новый ремонт,Совмещенный,Нет,Построено,Есть
1000000,2,110,16,И. Сомони,Новостройка,Без ремонта (коробка),Раздельный,Есть,Построено,Нет
1000000,2,90,13,И. Сомони,Новостройка,С ремонтом,Раздельный,Есть,Построено,Нет
1000000,2,87,4,Фирдавси,Новостройка,Новый ремонт,Раздельный,Есть,Построено,Есть
1000000,2,90,13,И. Сомони,Новостройка,С ремонтом,Совмещенный,Есть,Построено,Нет
1000000,3,63,3,Сино,Вторичный рынок,Новый ремонт,Раздельный,Есть,Построено,Есть
1000000,2,62,14,Другое,Новостройка,Новый ремонт,Совмещенный,Есть,Построено,Нет
1000000,5,102,4,Фирдавси,Вторичный рынок,С ремонтом,Раздельный,Есть,Построено,Есть
1000000,3,195,10,Сино,Новостройка,Без ремонта (коробка),Раздельный,Нет,Построено,Нет
1000000,4,80,3,Сино,Вторичный рынок,С ремонтом,Совмещенный,Есть,Построено,Есть
1000000,3,104,17,Другое,Новостройка,Без ремонта (коробка),Раздельный,Есть,На стадии строительства,Нет
1000000,3,100,10,Сино,Новостройка,С ремонтом,Раздельный,Нет,Построено,Есть
1000000,2,68,5,Фирдавси,Новостройка,Новый ремонт,Раздельный,Нет,Построено,Есть
1000000,4,100,3,Сино,Вторичный рынок,С ремонтом,Раздельный,Есть,Построено,Есть
1000000,2,78,16,Шохмансур,Новостройка,Новый ремонт,Совмещенный,Есть,Построено,Есть
1000000,2,82,9,Сино,Новостройка,Новый ремонт,Раздельный,Есть,Построено,Нет
1000000,3,124,1,Шохмансур,Новостройка,С ремонтом,Совмещенный,Есть,Построено,Есть
1000000,2,65,11,И. Сомони,Новостройка,Новый ремонт,Совмещенный,Есть,Построено,Есть
1000000,4,82,2,Сино,Новостройка,Новый ремонт,Совмещенный,Есть,Построено,Есть
1000000,2,62,6,Другое,Новостройка,Новый ремонт,Раздельный,Есть,Построено,Нет
1000000,2,84,3,Другое,Новостройка,С ремонтом,Раздельный,Есть,Построено,Есть
1000000,3,86,1,Сино,Новостройка,С ремонтом,Раздельный,Есть,Построено,Нет
1000000,2,78,16,Шохмансур,Новостройка,Новый ремонт,Раздельный,Есть,Построено,Есть
1000000,3,104,12,И. Сомони,Новостройка,Без ремонта (коробка),Раздельный,Есть,Построено,Есть
1000000,2,90,13,Другое,Новостройка,С ремонтом,Совмещенный,Есть,Построено,Нет
1000000,3,75,8,Шохмансур,Новостройка,С ремонтом,Раздельный,Есть,Построено,Нет
1000000,3,125,15,Сино,Новостройка,Без ремонта (коробка),Раздельный,Есть,Построено,Нет
1000000,2,75,4,Фирдавси,Новостройка,С ремонтом,Раздельный,Есть,Построено,Нет
1000000,2,96,14,Шохмансур,Новостройка,Без ремонта (коробка),Раздельный,Есть,На стадии строительства,Есть
1000000,2,72,20,Шохмансур,Новостройка,Новый ремонт,Совмещенный,Есть,Построено,Есть
1000000,2,62,7,Другое,Новостройка,Новый ремонт,Совмещенный,Есть,Построено,Есть
1000000,2,86,16,И. Сомони,Новостройка,С ремонтом,Совмещенный,Есть,Построено,Есть
1000000,2,60,14,И. Сомони,Новостройка,Новый ремонт,Совмещенный,Есть,Построено,Нет
1000000,4,85,2,Фирдавси,Вторичный рынок,С ремонтом,Раздельный,Нет,Построено,Есть
1000000,3,114,3,Другое,Новостройка,Без ремонта (коробка),Раздельный,Нет,На стадии строительства,Нет
1000000,4,127,6,И. Сомони,Новостройка,Без ремонта (коробка),Раздельный,Есть,Построено,Нет
1000000,4,87,4,Фирдавси,Вторичный рынок,С ремонтом,Раздельный,Нет,Построено,Есть
1000000,2,78,4,Шохмансур,Новостройка,С ремонтом,Раздельный,Есть,Построено,Нет
1000000,4,90,6,Шохмансур,Новостройка,С ремонтом,Раздельный,Есть,Построено,Есть
1000000,3,126,9,Сино,Новостройка,Без ремонта (коробка),Раздельный,Есть,Построено,Нет
1000001,3,83,2,Фирдавси,Новостройка,Новый ремонт,Раздельный,Нет,Построено,Нет
1000001,2,66,7,Шохмансур,Новостройка,Новый ремонт,Раздельный,Есть,Построено,Нет
1000050,3,100,5,Фирдавси,Новостройка,С ремонтом,Совмещенный,Есть,Построено,Есть
1000108,2,75,6,Сино,Новостройка,С ремонтом,Совмещенный,Есть,Построено,Есть
1001380,3,126,20,Сино,Новостройка,Без ремонта (коробка),Раздельный,Есть,Построено,Нет
1005000,1,79,11,Другое,Новостройка,Без ремонта (коробка),Совмещенный,Есть,Построено,Нет
1005000,2,114,7,Другое,Новостройка,Без ремонта (коробка),Раздельный,Есть,На стадии строительства,Нет
1005000,2,68,2,Шохмансур,Новостройка,Новый ремонт,Раздельный,Есть,Построено,Есть
1007640,3,79,2,Сино,Новостройка,Новый ремонт,Раздельный,Есть,Построено,Есть
1008000,5,90,3,Сино,Вторичный рынок,С ремонтом,Раздельный,Есть,Построено,Есть
1008700,3,108,16,Шохмансур,Новостройка,Без ремонта (коробка),Раздельный,Нет,На стадии строительства,Нет
1010000,3,83,2,Шохмансур,Новостройка,Новый ремонт,Раздельный,Есть,Построено,Нет
1010000,2,125,18,Другое,Новостройка,Без ремонта (коробка),Раздельный,Нет,Построено,Нет
1010000,3,128,13,Сино,Новостройка,Без ремонта (коробка),Раздельный,Есть,На стадии строительства,Нет
1010000,5,90,4,Фирдавси,Вторичный рынок,С ремонтом,Раздельный,Есть,Построено,Есть
1010000,3,94,8,Шохмансур,Новостройка,Без ремонта (коробка),Раздельный,Есть,Построено,Есть
1010000,3,127,14,Сино,Новостройка,Без ремонта (коробка),Раздельный,Есть,На стадии строительства,Нет
1010000,3,94,8,Шохмансур,Новостройка,Без ремонта (коробка),Раздельный,Есть,Построено,Нет
1010000,3,83,2,Другое,Новостройка,Новый ремонт,Раздельный,Есть,Построено,Нет
1010000,2,70,10,И. Сомони,Новостройка,Новый ремонт,Совмещенный,Нет,Построено,Нет
1010000,3,94,8,Другое,Новостройка,Без ремонта (коробка),Раздельный,Есть,Построено,Есть
1010000,2,75,19,Шохмансур,Новостройка,С ремонтом,Совмещенный,Есть,Построено,Есть
1010000,3,83,2,Шохмансур,Новостройка,Новый ремонт,Раздельный,Нет,Построено,Нет
1010000,4,130,6,Сино,Новостройка,Без ремонта (коробка),Раздельный,Есть,Построено,Нет
1010002,2,78,13,Другое,Новостройка,Без ремонта (коробка),Раздельный,Нет,На стадии строительства,Нет
1013000,3,73,11,Другое,Новостройка,Новый ремонт,Совмещенный,Нет,Построено,Нет
1013000,3,73,11,Другое,Новостройка,Новый ремонт,Совмещенный,Есть,Построено,Нет
1013000,3,73,11,И. Сомони,Новостройка,Новый ремонт,Совмещенный,Есть,Построено,Нет
1014000,2,115,7,Другое,Новостройка,Без ремонта (коробка),Раздельный,Есть,На стадии строительства,Нет
1014000,2,70,3,Другое,Новостройка,Новый ремонт,Раздельный,Есть,Построено,Есть
1015000,5,169,15,Шохмансур,Новостройка,Без ремонта (коробка),Раздельный,Есть,Построено,Нет
1015000,3,91,12,И. Сомони,Новостройка,Без ремонта (коробка),Раздельный,Нет,На стадии строительства,Нет
1015000,4,80,4,Фирдавси,Вторичный рынок,С ремонтом,Раздельный,Нет,Построено,Есть
1015000,3,90,5,Фирдавси,Вторичный рынок,Новый ремонт,Раздельный,Есть,Построено,Есть
1015000,2,77,17,И. Сомони,Новостройка,Новый ремонт,Раздельный,Есть,Построено,Нет
1015872,5,100,4,Сино,Вторичный рынок,С ремонтом,Раздельный,Есть,Построено,Есть
1016000,3,118,14,Шохмансур,Новостройка,Без ремонта (коробка),Раздельный,Есть,Построено,Нет
1016000,2,115,4,Другое,Новостройка,Без ремонта (коробка),Раздельный,Есть,Построено,Нет
1016000,2,115,4,Шохмансур,Новостройка,Без ремонта (коробка),Раздельный,Есть,Построено,Нет
1018600,4,74,1,Сино,Вторичный рынок,Новый ремонт,Раздельный,Есть,Построено,Есть
1019000,2,87,8,Шохмансур,Новостройка,Новый ремонт,Совмещенный,Нет,Построено,Нет
1019000,2,78,11,И. Сомони,Новостройка,Новый ремонт,Раздельный,Есть,Построено,Нет
1020000,2,104,12,И. Сомони,Новостройка,Без ремонта (коробка),Раздельный,Нет,Построено,Нет
1020000,2,100,10,Фирдавси,Новостройка,Новый ремонт,Раздельный,Нет,Построено,Нет
1020000,3,122,17,Другое,Новостройка,Без ремонта (коробка),Раздельный,Есть,Построено,Нет
1020000,3,80,2,Фирдавси,Новостройка,С ремонтом,Раздельный,Есть,Построено,Нет
1020000,3,80,2,Фирдавси,Новостройка,Новый ремонт,Раздельный,Есть,Построено,Нет
1020000,3,74,8,Сино,Новостройка,Новый ремонт,Совмещенный,Есть,Построено,Нет
1020000,3,111,10,Сино,Новостройка,Новый ремонт,Раздельный,Есть,На стадии строительства,Нет
1020000,3,79,12,Сино,Новостройка,Новый ремонт,Раздельный,Есть,Построено,Есть
1020000,3,67,13,Другое,Новостройка,Новый ремонт,Совмещенный,Есть,Построено,Есть
1020000,3,92,8,Сино,Новостройка,Без ремонта (коробка),Совмещенный,Есть,Построено,Нет
1020000,3,78,3,Сино,Новостройка,Новый ремонт,Раздельный,Есть,Построено,Нет
1020000,2,88,15,Шохмансур,Новостройка,С ремонтом,Раздельный,Есть,Построено,Есть
1020000,3,75,11,И. Сомони,Новостройка,Новый ремонт,Совмещенный,Есть,Построено,Нет
1020000,3,81,3,Сино,Новостройка,Новый ремонт,Совмещенный,Есть,Построено,Нет
1020000,3,105,7,Фирдавси,Новостройка,Новый ремонт,Раздельный,Есть,Построено,Есть
1020000,3,76,3,Сино,Новостройка,Новый ремонт,Раздельный,Есть,Построено,Нет
1020000,2,94,9,И. Сомони,Новостройка,Без ремонта (коробка),Раздельный,Нет,Построено,Нет
1020000,2,87,14,Другое,Новостройка,С ремонтом,Раздельный,Есть,Построено,Есть
1022000,2,123,15,Сино,Новостройка,Без ремонта (коробка),Раздельный,Есть,На стадии строительства,Нет
1022000,4,132,7,И. Сомони,Новостройка,Без ремонта (коробка),Раздельный,Есть,На стадии строительства,Нет
1023000,2,110,13,Шохмансур,Новостройка,Без ремонта (коробка),Совмещенный,Есть,На стадии строительства,Нет
1023000,3,92,8,Другое,Новостройка,Без ремонта (коробка),Раздельный,Есть,Построено,Нет
1023000,2,100,7,И. Сомони,Новостройка,Без ремонта (коробка),Раздельный,Есть,Построено,Нет
1023000,2,98,12,И. Сомони,Новостройка,Новый ремонт,Совмещенный,Нет,Построено,Есть
1023000,3,85,12,Сино,Новостройка,Новый ремонт,Совмещенный,Есть,Построено,Нет
1023000,2,74,4,Шохмансур,Новостройка,Новый ремонт,Совмещенный,Есть,Построено,Есть
1023000,3,92,8,Сино,Новостройка,Без ремонта (коробка),Раздельный,Есть,Построено,Нет
1023000,2,58,6,Шохмансур,Новостройка,Новый ремонт,Совмещенный,Есть,Построено,Есть
1023000,3,79,2,Сино,Новостройка,Новый ремонт,Раздельный,Есть,Построено,Есть
1024000,2,97,14,Другое,Новостройка,Без ремонта (коробка),Раздельный,Нет,На стадии строительства,Нет
1025000,3,125,13,Сино,Новостройка,Без ремонта (коробка),Раздельный,Нет,На стадии строительства,Нет
1025000,2,78,8,Сино,Новостройка,С ремонтом,Совмещенный,Есть,Построено,Есть
1025000,3,125,13,Сино,Новостройка,Без ремонта (коробка),Раздельный,Есть,Построено,Нет
1025000,3,74,8,Сино,Новостройка,Новый ремонт,Раздельный,Есть,Построено,Нет
1025000,3,85,2,Фирдавси,Новостройка,Новый ремонт,Раздельный,Есть,Построено,Есть
1025000,3,80,2,Фирдавси,Новостройка,С ремонтом,Совмещенный,Есть,Построено,Нет
1025000,4,100,3,Другое,Вторичный рынок,С ремонтом,Раздельный,Нет,Построено,Есть
1025200,3,85,9,Сино,Новостройка,С ремонтом,Совмещенный,Нет,Построено,Нет
1027000,2,62,7,И. Сомони,Новостройка,Новый ремонт,Совмещенный,Есть,Построено,Нет
1027650,2,65,8,Сино,Новостройка,Новый ремонт,Совмещенный,Есть,Построено,Есть
1028000,4,70,3,Фирдавси,Вторичный рынок,С ремонтом,Раздельный,Есть,Построено,Есть
1028500,3,88,5,Фирдавси,Новостройка,С ремонтом,Раздельный,Нет,Построено,Нет
1029000,3,80,14,Сино,Новостройка,Новый ремонт,Раздельный,Есть,Построено,Есть
1030000,3,125,17,Сино,Новостройка,Без ремонта (коробка),Раздельный,Есть,Построено,Нет
1030000,2,70,15,Другое,Новостройка,Новый ремонт,Совмещенный,Есть,Построено,Нет
1030000,3,131,11,Фирдавси,Новостройка,Без ремонта (коробка),Раздельный,Есть,Построено,Нет
1030000,3,78,6,Шохмансур,Новостройка,Новый ремонт,Совмещенный,Есть,Построено,Нет
1030000,2,85,10,Фирдавси,Новостройка,Новый ремонт,Раздельный,Есть,Построено,Есть
1030000,3,83,10,Шохмансур,Вторичный рынок,С ремонтом,Раздельный,Есть,Построено,Есть
1030000,3,72,11,Шохмансур,Новостройка,Новый ремонт,Совмещенный,Нет,Построено,Есть
1030000,3,92,13,Сино,Новостройка,Новый ремонт,Раздельный,Есть,Построено,Нет
1030000,2,78,11,И. Сомони,Новостройка,Новый ремонт,Раздельный,Есть,Построено,Нет
1030000,3,72,11,Шохмансур,Новостройка,Новый ремонт,Раздельный,Есть,Построено,Есть
1030000,2,62,7,И. Сомони,Новостройка,Новый ремонт,Совмещенный,Есть,Построено,Нет
1030000,3,74,3,Сино,Новостройка,Новый ремонт,Раздельный,Есть,Построено,Нет
1030000,3,80,10,Сино,Новостройка,Новый ремонт,Раздельный,Есть,Построено,Есть
1030000,2,85,5,Фирдавси,Новостройка,С ремонтом,Совмещенный,Есть,Построено,Нет
1030000,3,123,15,Сино,Новостройка,Без ремонта (коробка),Раздельный,Есть,На стадии строительства,Нет
1030000,3,134,12,Шохмансур,Новостройка,Без ремонта (коробка),Раздельный,Есть,Построено,Нет
1030000,3,84,13,Шохмансур,Новостройка,Новый ремонт,Совмещенный,Есть,Построено,Нет
1030000,3,72,11,Шохмансур,Новостройка,Новый ремонт,Совмещенный,Есть,Построено,Есть
1030000,3,98,14,Шохмансур,Новостройка,Новый ремонт,Раздельный,Есть,Построено,Нет
1030000,2,70,15,И. Сомони,Новостройка,Новый ремонт,Совмещенный,Есть,Построено,Нет
1030000,3,91,7,Шохмансур,Новостройка,Без ремонта (коробка),Раздельный,Есть,Построено,Нет
1030000,3,91,6,Шохмансур,Новостройка,Без ремонта (коробка),Раздельный,Есть,Построено,Нет
1030000,3,84,12,Сино,Новостройка,Новый ремонт,Раздельный,Есть,Построено,Нет
1030000,3,98,14,Шохмансур,Новостройка,Новый ремонт,Совмещенный,Есть,Построено,Нет
1030000,3,98,8,Фирдавси,Новостройка,Новый ремонт,Раздельный,Есть,Построено,Есть
1030001,3,132,8,Шохмансур,Новостройка,Без ремонта (коробка),Раздельный,Есть,Построено,Нет
1033000,3,84,12,Сино,Новостройка,Новый ремонт,Раздельный,Есть,Построено,Нет
1034000,5,90,4,Сино,Вторичный рынок,С ремонтом,Раздельный,Есть,Построено,Есть
1034000,3,95,16,Фирдавси,Новостройка,Новый ремонт,Раздельный,Есть,Построено,Есть
1034999,2,86,10,Шохмансур,Новостройка,Новый ремонт,Раздельный,Есть,Построено,Нет
1035000,3,79,8,Фирдавси,Новостройка,Новый ремонт,Раздельный,Есть,Построено,Есть
1035000,3,90,11,Сино,Новостройка,С ремонтом,Раздельный,Нет,Построено,Нет
1035000,2,64,6,Шохмансур,Новостройка,Новый ремонт,Совмещенный,Есть,Построено,Есть
1035000,3,90,11,Сино,Новостройка,С ремонтом,Раздельный,Есть,Построено,Нет
1035000,3,95,16,Фирдавси,Новостройка,Новый ремонт,Раздельный,Есть,Построено,Есть
1035830,2,66,5,Сино,Новостройка,Новый ремонт,Совмещенный,Есть,Построено,Есть
1037000,3,93,3,Фирдавси,Новостройка,Без ремонта (коробка),Раздельный,Нет,Построено,Нет
1037300,3,102,10,И. Сомони,Новостройка,Без ремонта (коробка),Раздельный,Есть,Построено,Нет
1038000,2,72,10,Шохмансур,Новостройка,Новый ремонт,Совмещенный,Есть,Построено,Нет
1038000,2,72,10,Шохмансур,Новостройка,Новый ремонт,Раздельный,Есть,Построено,Есть
1038500,4,90,3,Сино,Вторичный рынок,С ремонтом,Раздельный,Есть,Построено,Есть
1039000,2,75,15,Другое,Новостройка,Новый ремонт,Раздельный,Есть,Построено,Есть
1039000,3,66,3,Сино,Вторичный рынок,С ремонтом,Раздельный,Есть,Построено,Есть
1039000,3,66,3,Сино,Вторичный рынок,Новый ремонт,Раздельный,Есть,Построено,Есть
1039001,2,75,3,Другое,Новостройка,Новый ремонт,Раздельный,Есть,Построено,Нет
1040000,2,72,10,Шохмансур,Новостройка,С ремонтом,Раздельный,Есть,Построено,Нет
1040000,2,80,12,Фирдавси,Новостройка,С ремонтом,Раздельный,Есть,Построено,Нет
1040000,3,150,10,Сино,Новостройка,Новый ремонт,Совмещенный,Есть,Построено,Есть
1040000,3,62,7,Другое,Новостройка,Новый ремонт,Раздельный,Есть,Построено,Нет
1040000,3,126,5,Другое,Новостройка,Без ремонта (коробка),Раздельный,Есть,На стадии строительства,Нет
1040000,3,90,12,Фирдавси,Новостройка,Новый ремонт,Совмещенный,Есть,Построено,Есть
1040000,2,72,10,Шохмансур,Новостройка,Новый ремонт,Раздельный,Есть,Построено,Нет
1040000,2,71,12,И. Сомони,Новостройка,С ремонтом,Раздельный,Есть,Построено,Есть
1040000,2,102,15,Другое,Новостройка,Без ремонта (коробка),Раздельный,Есть,Построено,Есть
1040000,2,71,12,И. Сомони,Новостройка,Новый ремонт,Раздельный,Есть,Построено,Есть
1040000,2,64,6,Шохмансур,Новостройка,С ремонтом,Совмещенный,Есть,Построено,Есть
1040000,3,131,11,Сино,Новостройка,Без ремонта (коробка),Раздельный,Есть,Построено,Нет
1041000,2,78,13,Другое,Новостройка,Новый ремонт,Раздельный,Есть,Построено,Нет
1041600,3,110,3,Другое,Новостройка,Новый ремонт,Раздельный,Есть,Построено,Есть
1041600,2,76,14,И. Сомони,Новостройка,Новый ремонт,Совмещенный,Есть,Построено,Нет
1041600,2,76,15,И. Сомони,Новостройка,Новый ремонт,Раздельный,Есть,Построено,Нет
1042000,2,80,2,Сино,Новостройка,Новый ремонт,Раздельный,Есть,Построено,Есть
1042000,2,75,6,Другое,Новостройка,Новый ремонт,Раздельный,Есть,Построено,Есть
1045000,2,74,4,Шохмансур,Новостройка,Новый ремонт,Раздельный,Есть,Построено,Нет
1045000,2,111,16,И. Сомони,Новостройка,Без ремонта (коробка),Совмещенный,Есть,Построено,Нет
1045000,2,74,4,Сино,Новостройка,Новый ремонт,Совмещенный,Есть,Построено,Нет
1045000,3,80,14,И. Сомони,Новостройка,С ремонтом,Раздельный,Нет,Построено,Нет
1045000,3,123,13,Сино,Новостройка,Без ремонта (коробка),Совмещенный,Есть,Построено,Нет
1045000,3,123,13,Сино,Новостройка,Без ремонта (коробка),Раздельный,Есть,Построено,Нет
1045000,4,123,13,Сино,Новостройка,Без ремонта (коробка),Раздельный,Есть,Построено,Нет
1048000,3,100,3,Шохмансур,Новостройка,Без ремонта (коробка),Раздельный,Есть,Построено,Нет
1048001,3,79,11,Сино,Новостройка,С ремонтом,Раздельный,Есть,Построено,Нет
1049000,2,74,14,И. Сомони,Новостройка,Новый ремонт,Раздельный,Есть,Построено,Нет
1049000,3,94,5,Другое,Новостройка,Без ремонта (коробка),Раздельный,Есть,Построено,Нет
1049000,3,108,3,И. Сомони,Новостройка,Без ремонта (коробка),Раздельный,Есть,Построено,Нет
1050000,3,110,6,Сино,Новостройка,Новый ремонт,Раздельный,Есть,Построено,Есть
1050000,2,68,2,Шохмансур,Новостройка,Новый ремонт,Раздельный,Есть,Построено,Есть
1050000,3,95,12,И. Сомони,Новостройка,С ремонтом,Раздельный,Есть,Построено,Нет
1050000,4,110,6,Сино,Вторичный рынок,С ремонтом,Раздельный,Есть,Построено,Есть
1050000,3,123,13,Другое,Новостройка,Без ремонта (коробка),Раздельный,Есть,Построено,Нет
1050000,3,86,1,Сино,Новостройка,С ремонтом,Раздельный,Есть,Построено,Нет
1050000,4,98,3,Сино,Вторичный рынок,С ремонтом,Раздельный,Есть,Построено,Есть
1050000,2,75,10,Шохмансур,Новостройка,Новый ремонт,Раздельный,Есть,Построено,Есть
1050000,4,64,1,Другое,Вторичный рынок,Новый ремонт,Раздельный,Есть,Построено,Есть
1050000,3,122,16,И. Сомони,Новостройка,Без ремонта (коробка),Раздельный,Есть,Построено,Есть
1050000,4,100,6,Сино,Вторичный рынок,С ремонтом,Раздельный,Есть,Построено,Есть
1050000,2,74,14,И. Сомони,Новостройка,Новый ремонт,Раздельный,Есть,Построено,Нет
1050000,3,150,10,Сино,Новостройка,С ремонтом,Совмещенный,Есть,Построено,Есть
1050000,2,100,11,Сино,Новостройка,Новый ремонт,Совмещенный,Нет,Построено,Есть
1050000,3,101,11,И. Сомони,Новостройка,Без ремонта (коробка),Раздельный,Есть,Построено,Нет
1050000,2,105,13,Шохмансур,Новостройка,С ремонтом,Совмещенный,Нет,Построено,Есть
1050000,3,82,11,Сино,Новостройка,Новый ремонт,Раздельный,Есть,Построено,Есть
1050000,2,122,16,И. Сомони,Новостройка,Без ремонта (коробка),Раздельный,Есть,Построено,Есть
1050000,5,102,4,Фирдавси,Вторичный рынок,С ремонтом,Раздельный,Есть,Построено,Есть
1050000,2,75,6,Сино,Новостройка,С ремонтом,Раздельный,Есть,Построено,Есть
1050000,2,75,10,Шохмансур,Новостройка,Новый ремонт,Раздельный,Есть,Построено,Нет
1050000,2,75,6,Другое,Новостройка,Новый ремонт,Раздельный,Есть,Построено,Есть
1050000,3,80,14,Сино,Новостройка,Новый ремонт,Раздельный,Есть,Построено,Есть
1050000,2,80,12,Фирдавси,Новостройка,Новый ремонт,Раздельный,Есть,Построено,Нет
1050000,3,123,16,И. Сомони,Новостройка,Без ремонта (коробка),Раздельный,Есть,Построено,Нет
1050000,2,80,12,Фирдавси,Новостройка,Новый ремонт,Совмещенный,Есть,Построено,Нет
1050000,3,100,3,И. Сомони,Новостройка,Без ремонта (коробка),Раздельный,Есть,На стадии строительства,Нет
1050000,3,95,12,Шохмансур,Новостройка,С ремонтом,Раздельный,Есть,Построено,Нет
1050000,2,107,13,Сино,Новостройка,Новый ремонт,Раздельный,Есть,Построено,Нет
1050000,2,75,3,Шохмансур,Новостройка,Новый ремонт,Совмещенный,Есть,Построено,Нет
1050000,3,78,6,И. Сомони,Новостройка,С ремонтом,Раздельный,Нет,Построено,Есть
1050000,1,52,20,Шохмансур,Новостройка,С ремонтом,Раздельный,Есть,Построено,Нет
1050000,2,83,2,Фирдавси,Новостройка,С ремонтом,Раздельный,Есть,Построено,Нет
1050000,3,124,1,Шохмансур,Новостройка,С ремонтом,Совмещенный,Есть,Построено,Есть
1050000,3,72,10,Шохмансур,Новостройка,Новый ремонт,Раздельный,Есть,Построено,Нет
1050000,2,83,2,Сино,Новостройка,Новый ремонт,Раздельный,Есть,Построено,Нет
1050000,3,95,9,Сино,Новостройка,С ремонтом,Раздельный,Есть,Построено,Есть
1050000,3,85,5,Сино,Новостройка,Новый ремонт,Раздельный,Есть,Построено,Нет
1050000,3,100,3,Шохмансур,Новостройка,Новый ремонт,Раздельный,Есть,Построено,Нет
1050000,3,91,12,Другое,Новостройка,Без ремонта (коробка),Совмещенный,Есть,На стадии строительства,Есть
1050000,3,76,11,Фирдавси,Новостройка,Новый ремонт,Раздельный,Есть,Построено,Есть
1050000,2,109,14,Другое,Новостройка,Без ремонта (коробка),Раздельный,Есть,Построено,Есть
1050000,3,96,10,Сино,Новостройка,Новый ремонт,Раздельный,Нет,Построено,Есть
1050000,2,91,6,Другое,Новостройка,Без ремонта (коробка),Раздельный,Есть,Построено,Нет
1050000,2,58,5,Шохмансур,Новостройка,Новый ремонт,Совмещенный,Есть,Построено,Есть
1050000,3,86,3,Сино,Новостройка,Новый ремонт,Раздельный,Есть,Построено,Нет
1050000,3,94,14,Сино,Новостройка,Новый ремонт,Раздельный,Есть,Построено,Есть
1050000,3,117,4,Шохмансур,Новостройка,Без ремонта (коробка),Раздельный,Есть,Построено,Нет
1050000,2,70,10,И. Сомони,Новостройка,Новый ремонт,Раздельный,Есть,Построено,Нет
1050000,3,150,10,Сино,Новостройка,С ремонтом,Раздельный,Есть,Построено,Есть
1050000,3,116,3,Шохмансур,Новостройка,Новый ремонт,Раздельный,Нет,Построено,Есть
1050000,2,107,13,Сино,Новостройка,Новый ремонт,Раздельный,Нет,Построено,Нет
1050000,2,70,15,И. Сомони,Новостройка,Новый ремонт,Раздельный,Есть,Построено,Нет
1050000,2,75,6,Сино,Новостройка,Новый ремонт,Раздельный,Есть,Построено,Есть
1050000,2,58,5,Шохмансур,Новостройка,Новый ремонт,Раздельный,Есть,Построено,Есть
1050000,3,82,11,Шохмансур,Новостройка,С ремонтом,Раздельный,Есть,Построено,Есть
1050000,3,126,17,Другое,Новостройка,Без ремонта (коробка),Раздельный,Есть,Построено,Нет
1050000,3,85,9,Сино,Вторичный рынок,С ремонтом,Раздельный,Есть,На стадии строительства,Есть
1050000,2,75,4,И. Сомони,Новостройка,С ремонтом,Совмещенный,Есть,Построено,Есть
1050001,2,90,13,Другое,Новостройка,Новый ремонт,Раздельный,Есть,Построено,Есть
1051000,3,123,14,Сино,Новостройка,Без ремонта (коробка),Раздельный,Есть,Построено,Нет
1051000,3,130,7,Сино,Новостройка,Без ремонта (коробка),Раздельный,Есть,Построено,Нет
1051000,2,80,12,Фирдавси,Новостройка,Новый ремонт,Раздельный,Есть,Построено,Нет
1052250,2,80,15,Другое,Новостройка,Новый ремонт,Совмещенный,Есть,Построено,Нет
1053000,4,120,1,Сино,Вторичный рынок,С ремонтом,Раздельный,Есть,Построено,Есть
1053000,2,60,11,И. Сомони,Новостройка,Новый ремонт,Совмещенный,Есть,Построено,Есть
1055000,2,94,9,И. Сомони,Новостройка,Без ремонта (коробка),Раздельный,Есть,Построено,Нет
1055000,3,120,10,Шохмансур,Новостройка,Без ремонта (коробка),Раздельный,Есть,На стадии строительства,Нет
1055000,3,82,11,Шохмансур,Новостройка,Новый ремонт,Раздельный,Есть,Построено,Есть
1055000,2,120,2,Шохмансур,Новостройка,Без ремонта (коробка),Раздельный,Нет,Построено,Нет
1058000,2,70,15,И. Сомони,Новостройка,Новый ремонт,Совмещенный,Есть,Построено,Есть
1058000,2,111,16,И. Сомони,Новостройка,Без ремонта (коробка),Раздельный,Есть,Построено,Есть
1059000,3,90,12,Фирдавси,Новостройка,Новый ремонт,Совмещенный,Есть,Построено,Есть
1060000,2,101,14,Другое,Новостройка,Без ремонта (коробка),Раздельный,Есть,Построено,Есть
1060000,3,111,16,И. Сомони,Новостройка,Без ремонта (коробка),Раздельный,Нет,Построено,Нет
1060000,3,110,7,И. Сомони,Новостройка,Без ремонта (коробка),Раздельный,Есть,Построено,Есть
1060000,2,70,15,И. Сомони,Новостройка,Новый ремонт,Совмещенный,Есть,Построено,Есть
1060000,4,100,4,Сино,Вторичный рынок,С ремонтом,Раздельный,Есть,Построено,Есть
1060000,2,72,10,Шохмансур,Новостройка,Новый ремонт,Раздельный,Есть,Построено,Есть
1060000,2,70,15,Другое,Новостройка,Новый ремонт,Раздельный,Есть,Построено,Есть
1060000,2,70,15,И. Сомони,Новостройка,Новый ремонт,Раздельный,Есть,Построено,Есть
1060000,3,80,14,И. Сомони,Новостройка,С ремонтом,Раздельный,Есть,Построено,Нет
1060000,3,94,5,И. Сомони,Новостройка,Без ремонта (коробка),Раздельный,Есть,Построено,Нет
1060000,2,72,10,Шохмансур,Новостройка,Новый ремонт,Раздельный,Есть,Построено,Нет
1060000,3,103,15,И. Сомони,Новостройка,Без ремонта (коробка),Раздельный,Есть,Построено,Нет
1060000,3,101,14,Сино,Новостройка,Новый ремонт,Раздельный,Есть,Построено,Есть
1060000,3,101,11,Шохмансур,Новостройка,Без ремонта (коробка),Раздельный,Есть,Построено,Есть
1060000,2,111,12,И. Сомони,Новостройка,Без ремонта (коробка),Раздельный,Есть,Построено,Нет
1060000,3,99,9,И. Сомони,Новостройка,Без ремонта (коробка),Раздельный,Есть,Построено,Нет
1060000,3,120,10,И. Сомони,Новостройка,Без ремонта (коробка),Раздельный,Есть,Построено,Нет
1060000,3,103,14,Сино,Новостройка,Новый ремонт,Раздельный,Есть,Построено,Нет
1060000,2,101,11,Шохмансур,Новостройка,Без ремонта (коробка),Раздельный,Есть,Построено,Есть
1060000,2,70,15,Другое,Новостройка,Новый ремонт,Совмещенный,Есть,Построено,Нет
1060000,3,101,14,Сино,Новостройка,С ремонтом,Раздельный,Есть,Построено,Нет
1060000,2,75,8,Другое,Новостройка,С ремонтом,Совмещенный,Есть,Построено,Нет
1060000,3,101,14,Сино,Новостройка,Новый ремонт,Раздельный,Есть,Построено,Нет
1060000,2,70,15,И. Сомони,Новостройка,Новый ремонт,Совмещенный,Есть,Построено,Нет
1060000,2,75,8,И. Сомони,Новостройка,Новый ремонт,Совмещенный,Есть,Построено,Нет
1060000,3,100,14,Сино,Новостройка,Новый ремонт,Раздельный,Есть,Построено,Нет
1060000,3,120,15,Шохмансур,Новостройка,Без ремонта (коробка),Раздельный,Есть,На стадии строительства,Нет
1060200,2,74,14,Другое,Новостройка,Новый ремонт,Раздельный,Есть,Построено,Нет
1061077,3,100,14,Шохмансур,Новостройка,Без ремонта (коробка),Раздельный,Есть,Построено,Есть
1065000,3,132,10,И. Сомони,Новостройка,Без ремонта (коробка),Раздельный,Есть,Построено,Нет
1065000,3,126,14,Сино,Новостройка,Без ремонта (коробка),Раздельный,Есть,Построено,Нет
1065001,3,85,15,Сино,Новостройка,Новый ремонт,Раздельный,Есть,Построено,Нет
1068000,3,100,16,И. Сомони,Новостройка,Без ремонта (коробка),Раздельный,Есть,Построено,Нет
1069000,2,76,13,И. Сомони,Новостройка,Новый ремонт,Раздельный,Есть,Построено,Нет
1069000,2,76,13,Другое,Новостройка,Новый ремонт,Совмещенный,Есть,Построено,Нет
1069000,2,76,13,Шохмансур,Новостройка,Новый ремонт,Раздельный,Есть,Построено,Нет
1069000,2,70,15,И. Сомони,Новостройка,Новый ремонт,Раздельный,Есть,Построено,Есть
1069000,2,76,13,И. Сомони,Новостройка,Новый ремонт,Совмещенный,Есть,Построено,Нет
1069000,2,76,13,Другое,Новостройка,Новый ремонт,Раздельный,Есть,Построено,Нет
1069000,3,105,12,Сино,Новостройка,Без ремонта (коробка),Раздельный,Есть,Построено,Нет
1069500,2,76,13,Шохмансур,Новостройка,Новый ремонт,Раздельный,Есть,Построено,Нет
1069500,2,70,15,И. Сомони,Новостройка,Новый ремонт,Совмещенный,Есть,Построено,Есть
1069500,2,70,15,Другое,Новостройка,Новый ремонт,Раздельный,Есть,Построено,Есть
1069500,3,92,9,Сино,Новостройка,Новый ремонт,Раздельный,Есть,Построено,Нет
1069500,2,76,13,И. Сомони,Новостройка,Новый ремонт,Совмещенный,Есть,Построено,Нет
1069500,2,70,15,Другое,Новостройка,Новый ремонт,Раздельный,Есть,Построено,Нет
1069500,2,70,15,Другое,Новостройка,Новый ремонт,Совмещенный,Есть,Построено,Есть
1070000,3,105,13,Шохмансур,Новостройка,С ремонтом,Совмещенный,Есть,Построено,Есть
1070000,3,117,17,Сино,Новостройка,Без ремонта (коробка),Раздельный,Есть,Построено,Нет
1070000,5,100,2,Сино,Вторичный рынок,С ремонтом,Раздельный,Есть,Построено,Есть
1070000,3,92,8,Шохмансур,Новостройка,Новый ремонт,Раздельный,Есть,Построено,Есть
1070000,2,76,7,Сино,Новостройка,Новый ремонт,Совмещенный,Есть,Построено,Есть
1070000,3,105,12,Сино,Новостройка,Без ремонта (коробка),Раздельный,Нет,Построено,Нет
1070000,3,75,7,И. Сомони,Новостройка,С ремонтом,Совмещенный,Есть,Построено,Нет
1070000,2,92,9,Фирдавси,Новостройка,Новый ремонт,Раздельный,Есть,Построено,Нет
1070000,3,105,12,Сино,Новостройка,Новый ремонт,Раздельный,Есть,На стадии строительства,Нет
1070000,2,77,6,Сино,Новостройка,Новый ремонт,Раздельный,Нет,Построено,Есть
1070000,2,76,13,Другое,Новостройка,Новый ремонт,Совмещенный,Есть,Построено,Нет
1070000,3,120,7,Сино,Новостройка,Без ремонта (коробка),Раздельный,Есть,Построено,Нет
1070000,2,80,7,Сино,Новостройка,Новый ремонт,Раздельный,Есть,Построено,Есть
1070000,3,100,3,Шохмансур,Новостройка,Без ремонта (коробка),Раздельный,Есть,Построено,Нет
1070000,2,76,13,И. Сомони,Новостройка,Новый ремонт,Совмещенный,Есть,Построено,Нет
1070000,3,92,13,Сино,Новостройка,С ремонтом,Раздельный,Нет,Построено,Нет
1070000,3,91,8,Шохмансур,Новостройка,Новый ремонт,Раздельный,Есть,Построено,Есть
1070000,4,74,3,Другое,Вторичный рынок,С ремонтом,Совмещенный,Есть,Построено,Есть
1070500,3,100,16,Сино,Новостройка,Новый ремонт,Раздельный,Есть,Построено,Нет
1072000,3,92,9,Фирдавси,Новостройка,Новый ремонт,Раздельный,Есть,Построено,Нет
1072000,3,105,12,Сино,Новостройка,Без ремонта (коробка),Раздельный,Нет,Построено,Нет
1073500,3,113,12,Сино,Новостройка,Без ремонта (коробка),Раздельный,Есть,На стадии строительства,Нет
1074000,3,115,15,Другое,Новостройка,Без ремонта (коробка),Раздельный,Есть,Построено,Нет
1074100,3,115,16,Шохмансур,Новостройка,Без ремонта (коробка),Раздельный,Нет,На стадии строительства,Нет
1074150,2,70,10,И. Сомони,Новостройка,Новый ремонт,Раздельный,Есть,Построено,Нет
1074150,2,70,10,Другое,Новостройка,Новый ремонт,Раздельный,Есть,Построено,Нет
1075000,2,76,7,Сино,Новостройка,Новый ремонт,Раздельный,Есть,Построено,Есть
1075000,3,98,14,Шохмансур,Новостройка,Новый ремонт,Раздельный,Есть,Построено,Нет
1075000,3,154,8,Сино,Новостройка,Без ремонта (коробка),Раздельный,Нет,Построено,Есть
1075000,3,91,8,Шохмансур,Новостройка,Новый ремонт,Раздельный,Есть,Построено,Есть
1075250,5,104,2,Сино,Вторичный рынок,С ремонтом,Совмещенный,Есть,Построено,Есть
1076000,2,78,9,Другое,Новостройка,Новый ремонт,Раздельный,Есть,Построено,Нет
1076000,3,100,16,Другое,Новостройка,Без ремонта (коробка),Раздельный,Есть,Построено,Есть
1077000,3,122,18,Сино,Новостройка,Без ремонта (коробка),Раздельный,Есть,На стадии строительства,Нет
1077000,2,72,10,Шохмансур,Новостройка,Новый ремонт,Раздельный,Есть,Построено,Нет
1079900,3,137,6,Фирдавси,Новостройка,Без ремонта (коробка),Раздельный,Есть,Построено,Нет
1080000,3,96,11,Сино,Новостройка,Новый ремонт,Совмещенный,Нет,Построено,Нет
1080000,2,72,10,Шохмансур,Новостройка,Новый ремонт,Совмещенный,Есть,Построено,Нет
1080000,4,155,6,Шохмансур,Новостройка,Без ремонта (коробка),Раздельный,Есть,На стадии строительства,Нет
1080000,3,107,4,И. Сомони,Новостройка,Новый ремонт,Раздельный,Нет,Построено,Есть
1080000,3,107,5,Шохмансур,Новостройка,С ремонтом,Раздельный,Есть,Построено,Нет
1080000,2,70,15,Другое,Новостройка,Новый ремонт,Совмещенный,Есть,Построено,Есть
1080000,2,70,15,И. Сомони,Новостройка,С ремонтом,Совмещенный,Есть,Построено,Есть
1080000,3,80,11,Шохмансур,Новостройка,Новый ремонт,Раздельный,Есть,Построено,Есть
1080000,5,100,3,И. Сомони,Вторичный рынок,Новый ремонт,Раздельный,Есть,Построено,Есть
1080000,2,70,15,И. Сомони,Новостройка,Новый ремонт,Раздельный,Есть,Построено,Есть
1080000,3,103,6,Другое,Новостройка,Без ремонта (коробка),Раздельный,Есть,Построено,Нет
1080000,3,77,1,Фирдавси,Вторичный рынок,С ремонтом,Раздельный,Есть,Построено,Есть
1080000,3,93,12,Сино,Новостройка,Новый ремонт,Совмещенный,Есть,Построено,Нет
1080000,3,107,4,И. Сомони,Новостройка,С ремонтом,Раздельный,Нет,Построено,Есть
1080000,3,80,14,Шохмансур,Новостройка,Новый ремонт,Раздельный,Нет,Построено,Нет
1080000,3,115,14,И. Сомони,Новостройка,Без ремонта (коробка),Раздельный,Есть,Построено,Нет
1080000,3,89,10,Сино,Новостройка,Новый ремонт,Раздельный,Есть,Построено,Нет
1080000,3,93,12,Сино,Новостройка,Новый ремонт,Раздельный,Есть,Построено,Нет
1080000,3,107,4,Другое,Новостройка,С ремонтом,Раздельный,Нет,Построено,Есть
1080000,3,80,14,Шохмансур,Новостройка,Новый ремонт,Совмещенный,Есть,Построено,Нет
1080000,3,80,14,Сино,Новостройка,Новый ремонт,Совмещенный,Есть,Построено,Нет
1080500,2,101,18,Шохмансур,Новостройка,Без ремонта (коробка),Раздельный,Есть,Построено,Есть
1085000,3,107,14,Сино,Новостройка,Без ремонта (коробка),Раздельный,Есть,Построено,Нет
1085000,3,137,3,И. Сомони,Новостройка,Без ремонта (коробка),Раздельный,Есть,Построено,Нет
1085000,3,145,12,Другое,Новостройка,Без ремонта (коробка),Раздельный,Нет,На стадии строительства,Нет
1085000,2,83,6,Сино,Новостройка,Новый ремонт,Раздельный,Есть,Построено,Нет
1085380,3,106,12,Сино,Новостройка,Без ремонта (коробка),Раздельный,Есть,На стадии строительства,Нет
1088000,3,90,11,Фирдавси,Новостройка,Новый ремонт,Совмещенный,Есть,Построено,Нет
1088000,4,100,4,Сино,Вторичный рынок,С ремонтом,Раздельный,Есть,Построено,Есть
1088000,2,101,16,Шохмансур,Новостройка,С ремонтом,Раздельный,Есть,Построено,Есть
1088000,3,95,12,Другое,Новостройка,С ремонтом,Раздельный,Есть,Построено,Есть
1089000,2,76,14,Другое,Новостройка,Новый ремонт,Совмещенный,Есть,Построено,Есть
1090000,3,92,13,Другое,Новостройка,Новый ремонт,Раздельный,Есть,Построено,Есть
1090000,3,93,10,Сино,Новостройка,Новый ремонт,Раздельный,Есть,Построено,Нет
1090000,2,95,9,Сино,Новостройка,Без ремонта (коробка),Совмещенный,Есть,Построено,Есть
1090000,3,102,14,И. Сомони,Новостройка,Без ремонта (коробка),Раздельный,Есть,Построено,Нет
1090000,3,93,10,Фирдавси,Новостройка,Новый ремонт,Раздельный,Есть,Построено,Нет
1090000,2,66,11,Другое,Новостройка,Новый ремонт,Раздельный,Есть,Построено,Есть
1090000,3,82,12,Другое,Новостройка,Новый ремонт,Раздельный,Есть,Построено,Есть
1090000,3,107,13,Сино,Новостройка,Без ремонта (коробка),Раздельный,Есть,Построено,Нет
1090000,3,163,15,Другое,Новостройка,Без ремонта (коробка),Раздельный,Есть,На стадии строительства,Нет
1090000,3,93,10,Сино,Новостройка,С ремонтом,Раздельный,Есть,Построено,Нет
1090000,3,92,9,Сино,Новостройка,Новый ремонт,Раздельный,Есть,Построено,Нет
1090000,2,80,2,Сино,Новостройка,Новый ремонт,Раздельный,Есть,Построено,Есть
1090000,4,113,6,Сино,Новостройка,С ремонтом,Раздельный,Есть,Построено,Нет
1091500,3,123,8,Другое,Новостройка,Без ремонта (коробка),Раздельный,Есть,Построено,Есть
1092500,3,115,14,Шохмансур,Новостройка,Без ремонта (коробка),Раздельный,Есть,Построено,Нет
1093000,3,125,15,Сино,Новостройка,Без ремонта (коробка),Раздельный,Есть,Построено,Нет
1093000,3,93,11,И. Сомони,Новостройка,Новый ремонт,Раздельный,Есть,Построено,Есть
1093000,2,93,7,И. Сомони,Новостройка,Новый ремонт,Раздельный,Есть,Построено,Есть
1095000,2,84,12,Фирдавси,Новостройка,Новый ремонт,Раздельный,Есть,Построено,Нет
1095000,3,92,9,Фирдавси,Новостройка,С ремонтом,Раздельный,Есть,Построено,Нет
1095000,3,95,12,И. Сомони,Новостройка,Новый ремонт,Раздельный,Есть,Построено,Нет
1095000,3,98,11,Шохмансур,Новостройка,Новый ремонт,Раздельный,Есть,Построено,Есть
1095000,3,92,11,Сино,Новостройка,Новый ремонт,Раздельный,Есть,Построено,Нет
1097000,2,76,14,И. Сомони,Новостройка,Новый ремонт,Совмещенный,Есть,Построено,Нет
1097000,3,86,7,Другое,Новостройка,Новый ремонт,Раздельный,Есть,Построено,Есть
1098000,3,86,7,И. Сомони,Новостройка,С ремонтом,Раздельный,Есть,Построено,Есть
1098000,3,98,9,И. Сомони,Новостройка,Без ремонта (коробка),Раздельный,Есть,Построено,Нет
1098000,3,98,9,Другое,Новостройка,Без ремонта (коробка),Раздельный,Есть,Построено,Нет
1098000,3,98,9,И. Сомони,Новостройка,Без ремонта (коробка),Раздельный,Есть,На стадии строительства,Нет
1099000,2,95,2,Сино,Новостройка,Новый ремонт,Раздельный,Есть,Построено,Нет
1099000,3,123,7,Сино,Новостройка,Без ремонта (коробка),Раздельный,Есть,На стадии строительства,Нет
1099000,3,92,5,Фирдавси,Вторичный рынок,С ремонтом,Раздельный,Есть,Построено,Есть
1099000,3,82,11,Шохмансур,Новостройка,С ремонтом,Раздельный,Есть,Построено,Есть
1099257,2,83,15,Шохмансур,Новостройка,Новый ремонт,Раздельный,Есть,Построено,Есть
1099999,2,76,15,Другое,Новостройка,Новый ремонт,Раздельный,Есть,Построено,Есть
1100000,2,84,5,Другое,Новостройка,Новый ремонт,Раздельный,Есть,Построено,Есть
1100000,2,76,11,Другое,Новостройка,Новый ремонт,Совмещенный,Есть,Построено,Нет
1100000,2,68,14,И. Сомони,Новостройка,Новый ремонт,Совмещенный,Есть,Построено,Есть
1100000,2,74,8,Другое,Новостройка,С ремонтом,Раздельный,Есть,Построено,Нет
1100000,2,100,5,Фирдавси,Новостройка,С ремонтом,Совмещенный,Есть,Построено,Есть
1100000,3,103,7,Шохмансур,Новостройка,Новый ремонт,Раздельный,Есть,Построено,Есть
1100000,4,95,14,Фирдавси,Новостройка,Новый ремонт,Раздельный,Есть,Построено,Есть
1100000,2,95,2,Сино,Новостройка,Новый ремонт,Раздельный,Есть,Построено,Нет
1100000,2,99,9,И. Сомони,Новостройка,Без ремонта (коробка),Раздельный,Есть,Построено,Нет
1100000,3,88,9,Фирдавси,Вторичный рынок,Новый ремонт,Раздельный,Есть,Построено,Есть
1100000,3,117,7,И. Сомони,Новостройка,Без ремонта (коробка),Раздельный,Есть,Построено,Нет
1100000,4,120,11,Фирдавси,Вторичный рынок,С ремонтом,Раздельный,Есть,Построено,Есть
1100000,2,95,9,Сино,Новостройка,Без ремонта (коробка),Раздельный,Есть,Построено,Есть
1100000,2,69,3,Другое,Новостройка,С ремонтом,Совмещенный,Есть,Построено,Нет
1100000,3,107,4,И. Сомони,Новостройка,С ремонтом,Раздельный,Есть,Построено,Есть
1100000,3,80,12,И. Сомони,Новостройка,Новый ремонт,Раздельный,Есть,Построено,Нет
1100000,3,88,12,Сино,Новостройка,Новый ремонт,Раздельный,Есть,Построено,Нет
1100000,5,100,4,Сино,Вторичный рынок,С ремонтом,Раздельный,Есть,Построено,Есть
1100000,2,110,4,Сино,Новостройка,С ремонтом,Раздельный,Есть,Построено,Есть
1100000,3,107,4,Другое,Новостройка,Новый ремонт,Раздельный,Нет,Построено,Есть
1100000,3,124,13,Сино,Новостройка,Без ремонта (коробка),Раздельный,Есть,Построено,Нет
1100000,3,80,12,Шохмансур,Новостройка,Новый ремонт,Раздельный,Есть,Построено,Нет
1100000,2,82,11,Шохмансур,Новостройка,Новый ремонт,Раздельный,Есть,Построено,Есть
1100000,3,100,2,Сино,Новостройка,Новый ремонт,Совмещенный,Есть,Построено,Есть
1100000,3,95,12,Шохмансур,Новостройка,С ремонтом,Раздельный,Есть,Построено,Нет
1100000,3,107,4,Другое,Новостройка,С ремонтом,Раздельный,Есть,Построено,Есть
1100000,3,86,7,Шохмансур,Новостройка,С ремонтом,Раздельный,Есть,Построено,Есть
1100000,2,82,5,Шохмансур,Новостройка,Новый ремонт,Совмещенный,Есть,Построено,Есть
1100000,3,107,13,Сино,Новостройка,Без ремонта (коробка),Раздельный,Есть,Построено,Нет
1100000,3,99,9,Другое,Новостройка,Без ремонта (коробка),Раздельный,Есть,Построено,Нет
1100000,3,132,10,И. Сомони,Новостройка,Без ремонта (коробка),Раздельный,Есть,Построено,Нет
1100000,3,103,7,Шохмансур,Новостройка,С ремонтом,Раздельный,Есть,Построено,Есть
1100000,3,120,10,И. Сомони,Новостройка,Без ремонта (коробка),Раздельный,Есть,Построено,Нет
1100000,3,82,11,Шохмансур,Новостройка,Новый ремонт,Раздельный,Есть,Построено,Есть
1100000,3,108,2,Сино,Новостройка,Новый ремонт,Раздельный,Есть,Построено,Есть
1100000,4,100,9,Сино,Новостройка,Без ремонта (коробка),Раздельный,Есть,Построено,Нет
1100000,2,75,15,Шохмансур,Новостройка,Новый ремонт,Раздельный,Есть,Построено,Нет
1100000,2,130,6,Шохмансур,Новостройка,Без ремонта (коробка),Раздельный,Есть,Построено,Нет
1100000,2,69,3,И. Сомони,Новостройка,Новый ремонт,Раздельный,Есть,Построено,Нет
1100000,3,83,7,Фирдавси,Новостройка,Новый ремонт,Раздельный,Есть,Построено,Есть
1100000,3,111,15,И. Сомони,Новостройка,Без ремонта (коробка),Раздельный,Есть,Построено,Нет
1100000,3,82,11,И. Сомони,Новостройка,Новый ремонт,Совмещенный,Есть,Построено,Есть
1100000,4,124,5,Шохмансур,Новостройка,Без ремонта (коробка),Раздельный,Есть,Построено,Нет
1100000,2,83,12,Шохмансур,Новостройка,Новый ремонт,Раздельный,Есть,Построено,Нет
1100000,3,112,4,Другое,Новостройка,Новый ремонт,Раздельный,Есть,Построено,Есть
1100000,3,80,7,И. Сомони,Новостройка,Новый ремонт,Раздельный,Есть,Построено,Есть
1100000,3,107,4,Сино,Новостройка,Новый ремонт,Раздельный,Нет,Построено,Есть
1100000,3,104,4,И. Сомони,Новостройка,Новый ремонт,Раздельный,Есть,Построено,Есть
1100000,2,74,8,И. Сомони,Новостройка,Новый ремонт,Раздельный,Есть,Построено,Нет
1100000,3,107,4,И. Сомони,Новостройка,С ремонтом,Совмещенный,Нет,Построено,Есть
1100000,3,107,4,Другое,Новостройка,С ремонтом,Раздельный,Нет,Построено,Есть
1100000,3,87,13,Шохмансур,Новостройка,Без ремонта (коробка),Раздельный,Есть,Построено,Нет
1100000,3,108,2,Сино,Новостройка,Новый ремонт,Раздельный,Есть,Построено,Нет
1100000,3,125,10,Шохмансур,Новостройка,Без ремонта (коробка),Раздельный,Есть,Построено,Нет
1100000,5,87,4,Сино,Вторичный рынок,Новый ремонт,Раздельный,Есть,Построено,Есть
1100000,4,157,17,И. Сомони,Новостройка,Без ремонта (коробка),Раздельный,Есть,Построено,Нет
1100000,3,100,15,Сино,Новостройка,Новый ремонт,Раздельный,Есть,Построено,Нет
1100000,3,76,2,Сино,Вторичный рынок,С ремонтом,Раздельный,Есть,Построено,Есть
1100000,3,115,14,Шохмансур,Новостройка,Без ремонта (коробка),Раздельный,Есть,Построено,Нет
1100000,3,92,8,Шохмансур,Новостройка,Новый ремонт,Раздельный,Есть,Построено,Есть
1100000,2,115,14,Шохмансур,Новостройка,Без ремонта (коробка),Раздельный,Есть,Построено,Нет
1100000,3,85,13,Шохмансур,Новостройка,Новый ремонт,Совмещенный,Есть,Построено,Нет
1100000,3,70,1,Фирдавси,Вторичный рынок,С ремонтом,Раздельный,Есть,Построено,Есть
1100000,3,107,4,И. Сомони,Новостройка,Новый ремонт,Раздельный,Нет,Построено,Есть
1100000,3,108,13,Сино,Новостройка,Новый ремонт,Раздельный,Есть,Построено,Нет
1100000,3,147,10,Фирдавси,Новостройка,Без ремонта (коробка),Раздельный,Есть,Построено,Нет
1100000,3,80,7,Другое,Новостройка,Новый ремонт,Раздельный,Есть,Построено,Есть
1100000,3,100,10,Сино,Новостройка,С ремонтом,Раздельный,Нет,Построено,Есть
1100000,3,107,4,И. Сомони,Новостройка,С ремонтом,Совмещенный,Есть,Построено,Есть
1100000,2,117,4,Шохмансур,Новостройка,Без ремонта (коробка),Раздельный,Есть,Построено,Нет
1100000,3,99,8,И. Сомони,Новостройка,Без ремонта (коробка),Раздельный,Есть,Построено,Нет
1100000,3,80,12,Другое,Новостройка,Новый ремонт,Раздельный,Есть,Построено,Нет
1100000,2,81,12,Другое,Новостройка,Без ремонта (коробка),Раздельный,Есть,На стадии строительства,Нет
1100000,2,82,5,Шохмансур,Новостройка,С ремонтом,Совмещенный,Есть,Построено,Есть
1100000,2,74,8,И. Сомони,Новостройка,Новый ремонт,Раздельный,Есть,Построено,Есть
1100000,3,93,10,Сино,Новостройка,С ремонтом,Раздельный,Есть,Построено,Есть
1100000,3,82,5,Сино,Новостройка,С ремонтом,Раздельный,Есть,Построено,Есть
1100000,2,82,5,Шохмансур,Новостройка,С ремонтом,Раздельный,Есть,Построено,Есть
1100000,3,115,14,Шохмансур,Новостройка,Новый ремонт,Раздельный,Есть,Построено,Есть
1100000,3,110,12,Сино,Новостройка,Новый ремонт,Раздельный,Есть,Построено,Нет
1100000,5,100,1,Сино,Вторичный рынок,С ремонтом,Раздельный,Нет,Построено,Есть
1100000,3,110,3,Сино,Новостройка,Новый ремонт,Раздельный,Есть,Построено,Есть
1100000,2,100,5,Шохмансур,Новостройка,Без ремонта (коробка),Раздельный,Есть,На стадии строительства,Есть
1100000,3,105,18,Другое,Новостройка,Новый ремонт,Совмещенный,Есть,Построено,Есть
1100000,3,108,2,Сино,Новостройка,С ремонтом,Раздельный,Есть,Построено,Есть
1100000,3,79,16,И. Сомони,Новостройка,С ремонтом,Раздельный,Есть,Построено,Есть
1100000,4,70,1,Фирдавси,Вторичный рынок,С ремонтом,Раздельный,Есть,Построено,Есть
1100000,3,93,10,Сино,Новостройка,Новый ремонт,Раздельный,Есть,Построено,Нет
1100000,2,124,13,Сино,Новостройка,Без ремонта (коробка),Раздельный,Есть,Построено,Нет
1100000,3,99,9,И. Сомони,Новостройка,Без ремонта (коробка),Раздельный,Есть,Построено,Нет
1100001,3,100,15,Сино,Новостройка,Новый ремонт,Раздельный,Есть,Построено,Нет
1105000,3,125,12,Шохмансур,Новостройка,Без ремонта (коробка),Раздельный,Есть,На стадии строительства,Нет
1109000,3,103,3,Сино,Новостройка,Новый ремонт,Раздельный,Есть,Построено,Есть
1109000,2,90,9,Сино,Новостройка,Новый ремонт,Раздельный,Есть,Построено,Нет
1110000,2,78,2,Шохмансур,Новостройка,Новый ремонт,Совмещенный,Есть,Построено,Нет
1110000,3,115,14,Шохмансур,Новостройка,Без ремонта (коробка),Раздельный,Есть,Построено,Нет
1110000,3,88,12,Сино,Новостройка,Новый ремонт,Раздельный,Есть,Построено,Нет
1110000,3,111,15,Другое,Новостройка,Без ремонта (коробка),Раздельный,Есть,Построено,Нет
1110000,2,80,13,Шохмансур,Новостройка,Новый ремонт,Совмещенный,Есть,Построено,Есть
1110000,2,74,8,И. Сомони,Новостройка,Новый ремонт,Раздельный,Есть,Построено,Есть
1110000,3,85,13,Шохмансур,Новостройка,С ремонтом,Совмещенный,Есть,Построено,Нет
1111000,2,91,12,Сино,Новостройка,Новый ремонт,Совмещенный,Нет,Построено,Есть
1111000,2,93,21,Другое,Новостройка,Новый ремонт,Раздельный,Нет,Построено,Нет
1111280,2,83,7,Фирдавси,Новостройка,Новый ремонт,Раздельный,Есть,Построено,Есть
1112000,2,78,11,Другое,Новостройка,Новый ремонт,Раздельный,Есть,Построено,Нет
1112001,3,80,11,Шохмансур,Новостройка,Новый ремонт,Раздельный,Есть,Построено,Нет
1114000,3,98,4,Шохмансур,Новостройка,С ремонтом,Раздельный,Есть,Построено,Есть
1114600,4,141,13,Сино,Новостройка,Без ремонта (коробка),Раздельный,Есть,На стадии строительства,Нет
1115000,3,131,8,Сино,Новостройка,Без ремонта (коробка),Раздельный,Есть,На стадии строительства,Нет
1115000,2,85,14,Шохмансур,Новостройка,Новый ремонт,Раздельный,Есть,Построено,Нет
1115000,3,141,13,Сино,Новостройка,Без ремонта (коробка),Раздельный,Есть,На стадии строительства,Нет
1115000,3,87,4,Шохмансур,Новостройка,С ремонтом,Совмещенный,Есть,Построено,Нет
1116000,3,85,13,Шохмансур,Новостройка,Новый ремонт,Совмещенный,Есть,Построено,Нет
1116000,1,85,13,Шохмансур,Новостройка,Новый ремонт,Совмещенный,Нет,На стадии строительства,Есть
1116000,2,100,14,Другое,Новостройка,Без ремонта (коробка),Раздельный,Есть,Построено,Нет
1116000,3,95,6,Шохмансур,Новостройка,Новый ремонт,Совмещенный,Есть,Построено,Есть
1116000,3,120,10,Другое,Новостройка,Без ремонта (коробка),Раздельный,Есть,Построено,Нет
1116000,3,111,7,Другое,Новостройка,Без ремонта (коробка),Раздельный,Есть,Построено,Есть
1116000,2,63,14,Другое,Новостройка,Новый ремонт,Совмещенный,Нет,Построено,Нет
1116000,2,76,15,И. Сомони,Новостройка,Новый ремонт,Раздельный,Есть,Построено,Есть
1116000,3,85,13,Шохмансур,Новостройка,Новый ремонт,Раздельный,Есть,Построено,Нет
1116000,2,100,16,Шохмансур,Новостройка,С ремонтом,Раздельный,Нет,Построено,Есть
1116000,3,100,14,Шохмансур,Новостройка,Без ремонта (коробка),Раздельный,Есть,Построено,Есть
1116000,3,114,7,И. Сомони,Новостройка,Без ремонта (коробка),Раздельный,Есть,Построено,Нет
1116000,5,90,2,Другое,Вторичный рынок,С ремонтом,Раздельный,Есть,Построено,Есть
1116220,2,119,10,И. Сомони,Новостройка,Без ремонта (коробка),Раздельный,Нет,Построено,Нет
1119000,3,86,7,Другое,Новостройка,Новый ремонт,Раздельный,Нет,Построено,Есть
1120000,3,86,8,И. Сомони,Новостройка,Без ремонта (коробка),Раздельный,Есть,Построено,Есть
1120000,3,125,12,Сино,Новостройка,Без ремонта (коробка),Раздельный,Есть,Построено,Нет
1120000,2,75,15,Фирдавси,Новостройка,С ремонтом,Раздельный,Есть,Построено,Есть
1120000,2,76,10,Шохмансур,Новостройка,Новый ремонт,Раздельный,Есть,Построено,Нет
1120000,2,76,16,Другое,Новостройка,Новый ремонт,Совмещенный,Есть,Построено,Нет
1120000,3,85,12,Шохмансур,Новостройка,Новый ремонт,Раздельный,Есть,Построено,Есть
1120000,2,120,10,Шохмансур,Новостройка,Без ремонта (коробка),Совмещенный,Есть,На стадии строительства,Нет
1120000,3,98,11,Шохмансур,Новостройка,Новый ремонт,Раздельный,Есть,Построено,Есть
1120000,3,100,15,Сино,Новостройка,Новый ремонт,Раздельный,Нет,Построено,Нет
1120000,3,110,6,Другое,Новостройка,Без ремонта (коробка),Совмещенный,Есть,Построено,Есть
1120000,4,157,13,И. Сомони,Новостройка,Без ремонта (коробка),Раздельный,Есть,На стадии строительства,Нет
1120000,3,100,15,Сино,Новостройка,Новый ремонт,Раздельный,Есть,Построено,Нет
1120000,2,85,14,Шохмансур,Новостройка,Новый ремонт,Раздельный,Есть,Построено,Нет
1120000,2,87,7,Шохмансур,Новостройка,Новый ремонт,Раздельный,Есть,Построено,Есть
1120000,2,96,15,Шохмансур,Новостройка,Новый ремонт,Раздельный,Есть,Построено,Нет
1120000,3,120,8,Шохмансур,Новостройка,Без ремонта (коробка),Раздельный,Есть,Построено,Есть
1120000,5,90,1,Сино,Вторичный рынок,Новый ремонт,Раздельный,Есть,Построено,Есть
1120000,3,110,7,И. Сомони,Новостройка,Без ремонта (коробка),Раздельный,Есть,Построено,Нет
1120000,3,96,16,Сино,Новостройка,Новый ремонт,Раздельный,Есть,Построено,Нет
1120000,3,94,16,Фирдавси,Новостройка,Новый ремонт,Раздельный,Есть,Построено,Есть
1120000,2,83,7,Фирдавси,Новостройка,Новый ремонт,Совмещенный,Есть,Построено,Нет
1120000,3,94,16,Другое,Новостройка,Новый ремонт,Раздельный,Есть,Построено,Есть
1120000,3,107,4,И. Сомони,Новостройка,С ремонтом,Раздельный,Есть,Построено,Есть
1120000,5,110,4,Сино,Вторичный рынок,С ремонтом,Раздельный,Есть,Построено,Есть
1120000,3,130,8,Сино,Новостройка,Без ремонта (коробка),Раздельный,Есть,Построено,Нет
1120001,3,120,8,Шохмансур,Новостройка,Новый ремонт,Раздельный,Есть,Построено,Есть
1122000,3,91,6,Сино,Новостройка,Новый ремонт,Раздельный,Есть,Построено,Нет
1122000,3,90,12,И. Сомони,Новостройка,Новый ремонт,Раздельный,Есть,Построено,Нет
1122000,2,75,16,Другое,Новостройка,Без ремонта (коробка),Раздельный,Есть,Построено,Есть
1122975,3,115,9,И. Сомони,Новостройка,Без ремонта (коробка),Раздельный,Есть,Построено,Есть
1123000,2,95,7,И. Сомони,Новостройка,Без ремонта (коробка),Раздельный,Есть,Построено,Нет
1125000,3,126,12,И. Сомони,Новостройка,Без ремонта (коробка),Раздельный,Есть,Построено,Есть
1125000,2,63,14,Другое,Новостройка,Новый ремонт,Совмещенный,Есть,Построено,Есть
1125000,3,134,14,Сино,Новостройка,Без ремонта (коробка),Раздельный,Есть,Построено,Нет
1125000,3,134,4,Другое,Новостройка,Без ремонта (коробка),Раздельный,Есть,Построено,Нет
1129000,2,75,14,И. Сомони,Новостройка,Новый ремонт,Совмещенный,Есть,Построено,Нет
1130000,2,76,16,И. Сомони,Новостройка,Новый ремонт,Раздельный,Есть,Построено,Нет
1130000,2,60,1,И. Сомони,Новостройка,Новый ремонт,Раздельный,Есть,Построено,Есть
1130000,3,89,13,Сино,Новостройка,Новый ремонт,Совмещенный,Есть,Построено,Нет
1130000,3,101,9,И. Сомони,Новостройка,Без ремонта (коробка),Раздельный,Есть,Построено,Нет
1130000,2,60,1,И. Сомони,Новостройка,Новый ремонт,Совмещенный,Есть,Построено,Есть
1130000,3,125,12,Другое,Новостройка,Без ремонта (коробка),Раздельный,Есть,На стадии строительства,Нет
1130000,3,107,4,И. Сомони,Новостройка,С ремонтом,Раздельный,Нет,Построено,Есть
1130000,3,86,12,Сино,Новостройка,Новый ремонт,Раздельный,Есть,Построено,Нет
1130000,3,110,6,И. Сомони,Новостройка,Новый ремонт,Раздельный,Есть,Построено,Есть
1130000,3,80,7,И. Сомони,Новостройка,Новый ремонт,Раздельный,Есть,Построено,Нет
1130000,2,99,10,Шохмансур,Новостройка,Без ремонта (коробка),Раздельный,Есть,Построено,Есть
1130000,3,90,10,Сино,Новостройка,Новый ремонт,Раздельный,Есть,Построено,Нет
1130000,2,144,13,Шохмансур,Новостройка,Без ремонта (коробка),Раздельный,Есть,Построено,Нет
1130000,3,80,14,Сино,Новостройка,Новый ремонт,Раздельный,Есть,Построено,Есть
1130000,3,100,4,Фирдавси,Новостройка,Новый ремонт,Раздельный,Есть,Построено,Нет
1130000,5,176,13,Фирдавси,Новостройка,Без ремонта (коробка),Раздельный,Есть,Построено,Нет
1130000,3,131,9,Сино,Новостройка,Без ремонта (коробка),Раздельный,Есть,На стадии строительства,Нет
1130000,2,95,7,И. Сомони,Новостройка,Без ремонта (коробка),Совмещенный,Есть,Построено,Нет
1130000,2,76,16,И. Сомони,Новостройка,Новый ремонт,Совмещенный,Есть,Построено,Нет
1130000,2,87,4,Шохмансур,Новостройка,Новый ремонт,Совмещенный,Есть,Построено,Нет
1130000,3,110,12,Сино,Новостройка,Без ремонта (коробка),Раздельный,Есть,Построено,Нет
1130000,4,123,5,Шохмансур,Новостройка,Без ремонта (коробка),Раздельный,Есть,Построено,Нет
1130000,3,125,12,Шохмансур,Новостройка,Без ремонта (коробка),Раздельный,Есть,На стадии строительства,Нет
1130000,3,132,4,Другое,Новостройка,Без ремонта (коробка),Раздельный,Есть,Построено,Нет
1130880,2,76,14,И. Сомони,Новостройка,Новый ремонт,Совмещенный,Есть,Построено,Нет
1134000,2,76,16,Другое,Новостройка,Новый ремонт,Совмещенный,Есть,Построено,Нет
1134000,3,90,12,И. Сомони,Новостройка,Новый ремонт,Раздельный,Есть,Построено,Нет
1134000,3,112,4,Шохмансур,Новостройка,Без ремонта (коробка),Совмещенный,Нет,Построено,Нет
1134000,2,76,16,И. Сомони,Новостройка,Новый ремонт,Совмещенный,Есть,Построено,Нет
1134000,3,162,18,Сино,Новостройка,Без ремонта (коробка),Раздельный,Нет,На стадии строительства,Нет
1134000,2,85,14,Шохмансур,Новостройка,Новый ремонт,Раздельный,Есть,Построено,Нет
1134000,2,76,16,Другое,Новостройка,Новый ремонт,Раздельный,Есть,На стадии строительства,Нет
1134595,3,145,5,Другое,Новостройка,Без ремонта (коробка),Раздельный,Есть,На стадии строительства,Нет
1134600,2,76,16,И. Сомони,Новостройка,Новый ремонт,Совмещенный,Есть,Построено,Нет
1134600,2,76,16,Шохмансур,Новостройка,Новый ремонт,Совмещенный,Есть,Построено,Нет
1134600,1,76,16,Другое,Новостройка,Новый ремонт,Совмещенный,Есть,Построено,Нет
1135000,2,76,16,И. Сомони,Новостройка,Новый ремонт,Совмещенный,Есть,Построено,Есть
1135000,2,85,14,Шохмансур,Новостройка,Новый ремонт,Раздельный,Есть,Построено,Нет
1135000,3,103,7,Сино,Новостройка,Без ремонта (коробка),Раздельный,Есть,На стадии строительства,Нет
1135000,3,90,12,Другое,Новостройка,Новый ремонт,Раздельный,Нет,Построено,Нет
1135000,3,123,15,Шохмансур,Новостройка,Без ремонта (коробка),Раздельный,Есть,Построено,Нет
1136000,3,105,3,Другое,Новостройка,Без ремонта (коробка),Раздельный,Есть,Построено,Нет
1137000,3,96,16,Сино,Новостройка,Новый ремонт,Раздельный,Есть,Построено,Нет
1137000,2,108,16,И. Сомони,Новостройка,Без ремонта (коробка),Раздельный,Нет,Построено,Нет
1138000,3,90,12,И. Сомони,Новостройка,Новый ремонт,Раздельный,Есть,Построено,Нет
1140000,2,70,6,Шохмансур,Новостройка,Новый ремонт,Совмещенный,Есть,Построено,Нет
1140000,3,86,13,Шохмансур,Новостройка,Новый ремонт,Совмещенный,Есть,Построено,Нет
1140000,2,70,6,И. Сомони,Новостройка,Новый ремонт,Раздельный,Есть,Построено,Есть
1140000,3,110,18,Фирдавси,Новостройка,Новый ремонт,Раздельный,Есть,Построено,Есть
1140000,3,85,13,Другое,Новостройка,С ремонтом,Раздельный,Есть,Построено,Есть
1140000,3,82,11,Шохмансур,Новостройка,Новый ремонт,Совмещенный,Есть,Построено,Есть
1140000,2,122,15,И. Сомони,Новостройка,Без ремонта (коробка),Совмещенный,Есть,Построено,Есть
1140000,3,110,13,Другое,Новостройка,С ремонтом,Раздельный,Есть,Построено,Есть
1140000,3,101,16,Шохмансур,Новостройка,Без ремонта (коробка),Раздельный,Есть,Построено,Нет
1140000,3,82,11,Шохмансур,Новостройка,Новый ремонт,Раздельный,Есть,Построено,Есть
1140000,2,80,13,Шохмансур,Новостройка,Новый ремонт,Совмещенный,Есть,Построено,Есть
1140000,3,82,11,Шохмансур,Новостройка,Новый ремонт,Совмещенный,Нет,Построено,Есть
1140000,3,86,13,Шохмансур,Новостройка,Новый ремонт,Раздельный,Есть,Построено,Нет
1140000,2,76,11,И. Сомони,Новостройка,Новый ремонт,Совмещенный,Есть,Построено,Есть
1140000,2,95,14,Шохмансур,Новостройка,Без ремонта (коробка),Раздельный,Есть,Построено,Есть
1140000,4,100,4,Фирдавси,Вторичный рынок,С ремонтом,Раздельный,Есть,Построено,Есть
1140000,2,85,14,Шохмансур,Новостройка,Новый ремонт,Раздельный,Есть,Построено,Нет
1140000,3,134,4,И. Сомони,Новостройка,Без ремонта (коробка),Раздельный,Есть,Построено,Нет
1142000,4,106,13,Сино,Новостройка,С ремонтом,Раздельный,Есть,Построено,Нет
1143000,3,90,12,И. Сомони,Новостройка,Новый ремонт,Раздельный,Есть,Построено,Нет
1145000,3,100,14,Другое,Новостройка,Без ремонта (коробка),Раздельный,Есть,Построено,Есть
1145000,2,70,6,Шохмансур,Новостройка,Новый ремонт,Совмещенный,Есть,Построено,Нет
1145000,3,87,6,Сино,Вторичный рынок,Новый ремонт,Раздельный,Есть,Построено,Есть
1145000,3,80,14,Сино,Новостройка,Новый ремонт,Раздельный,Есть,Построено,Есть
1145000,3,94,16,Фирдавси,Новостройка,Новый ремонт,Раздельный,Есть,Построено,Есть
1145000,3,123,15,Шохмансур,Новостройка,Без ремонта (коробка),Раздельный,Есть,Построено,Нет
1145000,5,100,4,Фирдавси,Вторичный рынок,С ремонтом,Раздельный,Есть,Построено,Есть
1145000,3,94,14,Фирдавси,Новостройка,Новый ремонт,Раздельный,Есть,Построено,Есть
1145800,3,125,12,И. Сомони,Новостройка,Без ремонта (коробка),Раздельный,Есть,Построено,Нет
1146000,2,70,6,И. Сомони,Новостройка,Новый ремонт,Совмещенный,Есть,Построено,Нет
1146000,2,70,6,Шохмансур,Новостройка,Новый ремонт,Совмещенный,Есть,Построено,Нет
1148000,3,124,15,Сино,Новостройка,Без ремонта (коробка),Раздельный,Есть,Построено,Нет
1148000,2,115,17,Шохмансур,Новостройка,Новый ремонт,Раздельный,Есть,Построено,Нет
1149000,3,101,4,Шохмансур,Новостройка,Без ремонта (коробка),Раздельный,Есть,Построено,Нет
1149000,3,91,16,Шохмансур,Новостройка,Новый ремонт,Раздельный,Есть,Построено,Нет
1149000,3,83,8,И. Сомони,Новостройка,Новый ремонт,Раздельный,Есть,Построено,Нет
1150000,3,108,13,Сино,Новостройка,Новый ремонт,Раздельный,Есть,Построено,Есть
1150000,3,86,18,Шохмансур,Новостройка,Новый ремонт,Раздельный,Есть,Построено,Нет
1150000,3,83,11,Шохмансур,Новостройка,Новый ремонт,Раздельный,Есть,Построено,Есть
1150000,3,80,15,Шохмансур,Новостройка,Новый ремонт,Совмещенный,Есть,Построено,Нет
1150000,3,100,10,Сино,Новостройка,С ремонтом,Раздельный,Нет,Построено,Есть
1150000,3,90,7,И. Сомони,Новостройка,Новый ремонт,Раздельный,Есть,Построено,Нет
1150000,3,132,4,Другое,Новостройка,Без ремонта (коробка),Раздельный,Есть,Построено,Нет
1150000,2,70,2,Фирдавси,Вторичный рынок,С ремонтом,Раздельный,Есть,Построено,Есть
1150000,3,91,14,Сино,Новостройка,Новый ремонт,Раздельный,Есть,Построено,Нет
1150000,2,72,14,Сино,Новостройка,Новый ремонт,Раздельный,Есть,Построено,Нет
1150000,2,80,13,Шохмансур,Новостройка,Новый ремонт,Раздельный,Есть,Построено,Есть
1150000,3,100,14,Шохмансур,Новостройка,Без ремонта (коробка),Совмещенный,Есть,Построено,Есть
1150000,3,150,10,Сино,Новостройка,Новый ремонт,Раздельный,Есть,Построено,Есть
1150000,3,80,7,И. Сомони,Новостройка,Новый ремонт,Раздельный,Есть,Построено,Нет
1150000,5,169,15,Шохмансур,Новостройка,Без ремонта (коробка),Раздельный,Есть,Построено,Нет
1150000,2,91,3,Другое,Новостройка,Новый ремонт,Раздельный,Нет,Построено,Есть
1150000,5,97,4,Фирдавси,Вторичный рынок,С ремонтом,Раздельный,Есть,Построено,Есть
1150000,3,85,14,Шохмансур,Новостройка,Новый ремонт,Совмещенный,Есть,Построено,Нет
1150000,4,84,1,Сино,Вторичный рынок,С ремонтом,Раздельный,Есть,Построено,Есть
1150000,3,85,14,Сино,Новостройка,Новый ремонт,Совмещенный,Есть,Построено,Нет
1150000,2,91,3,Сино,Новостройка,С ремонтом,Совмещенный,Есть,Построено,Есть
1150000,2,83,6,Шохмансур,Новостройка,С ремонтом,Раздельный,Нет,Построено,Есть
1150000,2,91,13,Шохмансур,Новостройка,Новый ремонт,Раздельный,Есть,Построено,Есть
1150000,4,134,14,Сино,Новостройка,Без ремонта (коробка),Раздельный,Есть,Построено,Нет
1150000,3,101,5,Сино,Новостройка,Новый ремонт,Раздельный,Нет,Построено,Нет
1150000,3,100,14,Шохмансур,Новостройка,Без ремонта (коробка),Раздельный,Есть,Построено,Есть
1150000,4,110,2,Сино,Вторичный рынок,С ремонтом,Раздельный,Есть,Построено,Есть
1150000,3,101,4,Шохмансур,Новостройка,Без ремонта (коробка),Раздельный,Есть,Построено,Нет
1150000,3,110,4,Другое,Новостройка,Новый ремонт,Раздельный,Есть,Построено,Нет
1150000,2,80,13,Шохмансур,Новостройка,Новый ремонт,Совмещенный,Есть,Построено,Нет
1150000,3,123,16,И. Сомони,Новостройка,Без ремонта (коробка),Раздельный,Есть,Построено,Есть
1150000,4,142,6,Шохмансур,Новостройка,Без ремонта (коробка),Раздельный,Есть,Построено,Нет
1150000,3,100,14,Шохмансур,Новостройка,Без ремонта (коробка),Раздельный,Нет,Построено,Есть
1150000,3,141,3,Сино,Новостройка,Без ремонта (коробка),Раздельный,Есть,Построено,Нет
1150000,2,71,7,Сино,Новостройка,С ремонтом,Раздельный,Нет,Построено,Есть
1150000,3,111,5,Сино,Новостройка,Без ремонта (коробка),Раздельный,Есть,Построено,Есть
1150000,3,85,14,Шохмансур,Новостройка,Новый ремонт,Раздельный,Есть,Построено,Нет
1150000,2,96,6,Сино,Новостройка,С ремонтом,Раздельный,Есть,Построено,Нет
1150000,3,111,11,Сино,Новостройка,Без ремонта (коробка),Раздельный,Есть,Построено,Есть
1150000,3,124,15,Сино,Новостройка,Без ремонта (коробка),Совмещенный,Есть,Построено,Нет
1150000,2,95,14,И. Сомони,Новостройка,Без ремонта (коробка),Раздельный,Есть,Построено,Есть
1150000,3,131,11,Сино,Новостройка,Без ремонта (коробка),Раздельный,Есть,На стадии строительства,Нет
1150000,3,100,15,Сино,Новостройка,Новый ремонт,Раздельный,Есть,Построено,Нет
1150000,3,80,14,Сино,Новостройка,Новый ремонт,Раздельный,Есть,Построено,Есть
1150000,3,138,18,Фирдавси,Новостройка,Без ремонта (коробка),Раздельный,Есть,Построено,Нет
1150000,2,70,15,И. Сомони,Новостройка,Новый ремонт,Совмещенный,Есть,Построено,Есть
1150000,4,95,12,Другое,Новостройка,С ремонтом,Раздельный,Есть,Построено,Есть
1150000,3,132,4,И. Сомони,Новостройка,Без ремонта (коробка),Раздельный,Есть,Построено,Нет
1151000,3,149,7,Сино,Новостройка,Без ремонта (коробка),Раздельный,Есть,На стадии строительства,Нет
1151500,3,164,18,Сино,Новостройка,Без ремонта (коробка),Раздельный,Нет,На стадии строительства,Нет
1152191,3,104,13,Шохмансур,Новостройка,С ремонтом,Совмещенный,Нет,Построено,Есть
1153000,3,125,12,И. Сомони,Новостройка,Без ремонта (коробка),Раздельный,Есть,На стадии строительства,Нет
1153200,3,96,13,Сино,Новостройка,Новый ремонт,Раздельный,Нет,Построено,Нет
1155000,3,94,11,Шохмансур,Новостройка,С ремонтом,Совмещенный,Нет,Построено,Нет
1155700,3,113,17,Сино,Новостройка,Новый ремонт,Раздельный,Есть,Построено,Нет
1155700,3,113,17,Другое,Новостройка,Новый ремонт,Раздельный,Есть,Построено,Нет
1156000,3,85,13,Шохмансур,Новостройка,Новый ремонт,Совмещенный,Нет,Построено,Нет
1157000,2,80,13,Другое,Новостройка,Новый ремонт,Раздельный,Есть,Построено,Нет
1159000,3,106,1,Сино,Новостройка,Новый ремонт,Раздельный,Есть,Построено,Нет
1159000,2,87,7,Другое,Новостройка,Новый ремонт,Раздельный,Есть,Построено,Есть
1160000,3,86,18,Шохмансур,Новостройка,Новый ремонт,Раздельный,Есть,Построено,Нет
1160000,2,66,4,Другое,Новостройка,С ремонтом,Совмещенный,Есть,Построено,Нет
1160000,2,66,4,Другое,Новостройка,Новый ремонт,Совмещенный,Есть,Построено,Нет
1160000,2,80,13,Другое,Новостройка,Новый ремонт,Раздельный,Есть,Построено,Есть
1160000,2,66,4,И. Сомони,Новостройка,С ремонтом,Раздельный,Есть,Построено,Нет
1160000,3,86,8,Сино,Новостройка,Новый ремонт,Раздельный,Нет,Построено,Нет
1160000,3,107,4,Другое,Новостройка,С ремонтом,Раздельный,Нет,Построено,Есть
1160000,4,157,13,Другое,Новостройка,Без ремонта (коробка),Раздельный,Есть,Построено,Нет
1160000,3,100,10,Сино,Новостройка,Новый ремонт,Раздельный,Есть,Построено,Нет
1160000,2,100,5,Фирдавси,Новостройка,Новый ремонт,Раздельный,Есть,Построено,Нет
1160000,2,95,15,Сино,Новостройка,Новый ремонт,Раздельный,Есть,Построено,Нет
1160000,3,94,8,Шохмансур,Новостройка,С ремонтом,Совмещенный,Есть,Построено,Нет
1160000,3,113,6,Сино,Новостройка,С ремонтом,Раздельный,Есть,Построено,Есть
1160000,2,66,4,Другое,Новостройка,Новый ремонт,Раздельный,Есть,Построено,Есть
1160000,3,94,8,Шохмансур,Новостройка,С ремонтом,Раздельный,Есть,Построено,Нет
1160000,3,94,8,Шохмансур,Новостройка,С ремонтом,Раздельный,Нет,Построено,Нет
1160000,3,83,11,Шохмансур,Новостройка,Новый ремонт,Совмещенный,Есть,Построено,Нет
1160000,4,85,3,Сино,Вторичный рынок,Новый ремонт,Раздельный,Есть,Построено,Есть
1160000,2,96,6,Шохмансур,Новостройка,Новый ремонт,Раздельный,Есть,Построено,Нет
1160000,3,90,11,Сино,Новостройка,Новый ремонт,Раздельный,Есть,Построено,Нет
1161000,2,104,5,Другое,Новостройка,Без ремонта (коробка),Раздельный,Есть,На стадии строительства,Нет
1161600,3,132,6,И. Сомони,Новостройка,Без ремонта (коробка),Раздельный,Есть,Построено,Нет
1162000,3,123,7,Сино,Новостройка,Без ремонта (коробка),Раздельный,Есть,Построено,Есть
1162000,4,85,3,Другое,Вторичный рынок,Новый ремонт,Раздельный,Есть,Построено,Есть
1162000,2,80,13,Шохмансур,Новостройка,Новый ремонт,Раздельный,Есть,Построено,Нет
1162000,3,90,11,Сино,Новостройка,Новый ремонт,Раздельный,Есть,Построено,Нет
1162000,3,85,3,Шохмансур,Новостройка,Новый ремонт,Совмещенный,Есть,Построено,Есть
1162000,3,89,3,Шохмансур,Новостройка,Новый ремонт,Совмещенный,Есть,Построено,Есть
1162000,2,80,13,Шохмансур,Новостройка,Новый ремонт,Совмещенный,Есть,Построено,Нет
1162500,2,74,14,Шохмансур,Новостройка,Новый ремонт,Раздельный,Есть,Построено,Есть
1162500,3,85,3,Шохмансур,Новостройка,С ремонтом,Раздельный,Есть,Построено,Есть
1162501,3,85,3,Шохмансур,Новостройка,Новый ремонт,Совмещенный,Есть,Построено,Есть
1163000,2,95,15,Сино,Новостройка,Новый ремонт,Раздельный,Есть,Построено,Нет
1163000,3,80,3,Сино,Вторичный рынок,С ремонтом,Раздельный,Есть,Построено,Есть
1163000,2,96,15,Сино,Новостройка,Новый ремонт,Раздельный,Есть,Построено,Нет
1163000,2,72,14,Шохмансур,Новостройка,Новый ремонт,Раздельный,Есть,Построено,Есть
1163000,3,106,1,Сино,Новостройка,Новый ремонт,Раздельный,Есть,Построено,Нет
1163224,3,106,1,Сино,Новостройка,Новый ремонт,Совмещенный,Есть,Построено,Нет
1164000,3,82,2,Другое,Вторичный рынок,С ремонтом,Совмещенный,Есть,Построено,Есть
1164300,4,157,12,Другое,Новостройка,Без ремонта (коробка),Раздельный,Есть,На стадии строительства,Нет
1164300,4,157,15,И. Сомони,Новостройка,Без ремонта (коробка),Раздельный,Есть,На стадии строительства,Нет
1165000,2,95,15,Сино,Новостройка,Новый ремонт,Раздельный,Есть,Построено,Нет
1165000,2,80,9,И. Сомони,Новостройка,Новый ремонт,Раздельный,Нет,Построено,Есть
1165000,2,84,13,Шохмансур,Новостройка,Новый ремонт,Совмещенный,Есть,Построено,Есть
1165000,4,97,12,Сино,Новостройка,С ремонтом,Раздельный,Есть,Построено,Есть
1166000,3,114,11,Шохмансур,Новостройка,Без ремонта (коробка),Раздельный,Нет,Построено,Нет
1166000,3,114,11,Шохмансур,Новостройка,Без ремонта (коробка),Раздельный,Есть,Построено,Нет
1167000,3,114,11,Другое,Новостройка,Без ремонта (коробка),Раздельный,Есть,Построено,Нет
1167000,3,114,11,Шохмансур,Новостройка,Без ремонта (коробка),Раздельный,Нет,Построено,Нет
1167000,3,114,11,Шохмансур,Новостройка,Без ремонта (коробка),Раздельный,Есть,Построено,Нет
1168000,3,157,13,Другое,Новостройка,Без ремонта (коробка),Раздельный,Нет,Построено,Нет
1170000,2,92,5,Шохмансур,Новостройка,Новый ремонт,Раздельный,Есть,Построено,Есть
1170000,3,123,16,И. Сомони,Новостройка,Без ремонта (коробка),Раздельный,Нет,Построено,Нет
1170000,5,105,1,Сино,Вторичный рынок,Новый ремонт,Раздельный,Есть,Построено,Есть
1170000,3,125,12,Сино,Новостройка,Без ремонта (коробка),Раздельный,Есть,Построено,Нет
1170000,3,90,11,Фирдавси,Новостройка,Новый ремонт,Раздельный,Есть,Построено,Нет
1170000,3,95,11,Шохмансур,Новостройка,Новый ремонт,Раздельный,Есть,Построено,Есть
1170000,2,84,13,Шохмансур,Новостройка,Новый ремонт,Совмещенный,Есть,Построено,Есть
1170000,3,142,14,Другое,Новостройка,С ремонтом,Раздельный,Есть,Построено,Есть
1170000,3,125,15,Сино,Новостройка,Без ремонта (коробка),Раздельный,Есть,Построено,Нет
1170000,3,116,13,Сино,Новостройка,Без ремонта (коробка),Раздельный,Есть,Построено,Нет
1170000,3,81,12,Шохмансур,Новостройка,Новый ремонт,Совмещенный,Есть,Построено,Есть
1171000,2,122,15,И. Сомони,Новостройка,Без ремонта (коробка),Раздельный,Есть,Построено,Есть
1171000,3,90,6,И. Сомони,Новостройка,Новый ремонт,Раздельный,Есть,Построено,Нет
1171236,3,114,13,Шохмансур,Новостройка,Без ремонта (коробка),Раздельный,Нет,На стадии строительства,Нет
1172000,3,90,6,И. Сомони,Новостройка,Новый ремонт,Раздельный,Есть,Построено,Нет
1172000,4,85,3,Сино,Новостройка,Новый ремонт,Раздельный,Есть,Построено,Есть
1173000,2,121,15,И. Сомони,Новостройка,Без ремонта (коробка),Раздельный,Есть,Построено,Есть
1175000,3,90,6,И. Сомони,Новостройка,Новый ремонт,Раздельный,Есть,Построено,Нет
1175000,2,89,14,Другое,Новостройка,С ремонтом,Раздельный,Есть,Построено,Нет
1175000,3,123,8,Сино,Новостройка,С ремонтом,Совмещенный,Есть,Построено,Есть
1175000,3,115,14,И. Сомони,Новостройка,Без ремонта (коробка),Раздельный,Есть,Построено,Нет
1176000,3,115,4,И. Сомони,Новостройка,Без ремонта (коробка),Раздельный,Нет,Построено,Нет
1178000,4,155,14,И. Сомони,Новостройка,Без ремонта (коробка),Раздельный,Есть,Построено,Есть
1179000,3,90,4,Шохмансур,Новостройка,С ремонтом,Раздельный,Есть,Построено,Есть
1179999,3,94,8,Шохмансур,Новостройка,Новый ремонт,Раздельный,Есть,Построено,Нет
1180000,2,79,8,И. Сомони,Новостройка,Без ремонта (коробка),Раздельный,Есть,Построено,Нет
1180000,3,94,8,Шохмансур,Новостройка,Новый ремонт,Совмещенный,Есть,Построено,Нет
1180000,3,80,15,Шохмансур,Новостройка,Новый ремонт,Раздельный,Есть,Построено,Нет
1180000,4,85,4,Фирдавси,Вторичный рынок,Новый ремонт,Совмещенный,Есть,Построено,Есть
1180000,3,108,4,И. Сомони,Новостройка,Без ремонта (коробка),Раздельный,Есть,Построено,Нет
1180000,3,88,4,Другое,Вторичный рынок,Новый ремонт,Раздельный,Есть,Построено,Есть
1180000,3,127,16,Сино,Новостройка,Новый ремонт,Раздельный,Есть,Построено,Нет
1180000,2,127,16,Сино,Новостройка,Новый ремонт,Раздельный,Есть,Построено,Нет
1180000,3,173,13,Шохмансур,Новостройка,Без ремонта (коробка),Раздельный,Есть,Построено,Нет
1180000,2,100,2,Сино,Новостройка,Новый ремонт,Раздельный,Есть,Построено,Нет
1180000,2,79,8,И. Сомони,Новостройка,Без ремонта (коробка),Раздельный,Есть,На стадии строительства,Нет
1180000,2,103,4,Сино,Новостройка,Без ремонта (коробка),Раздельный,Есть,Построено,Нет
1180000,3,80,7,И. Сомони,Новостройка,Новый ремонт,Раздельный,Есть,Построено,Нет
1180000,2,104,12,И. Сомони,Новостройка,Новый ремонт,Раздельный,Есть,Построено,Нет
1180001,3,85,13,Шохмансур,Новостройка,С ремонтом,Раздельный,Есть,Построено,Есть
1185000,3,90,11,Сино,Новостройка,Новый ремонт,Раздельный,Есть,Построено,Нет
1185035,3,149,8,Сино,Новостройка,Без ремонта (коробка),Раздельный,Есть,На стадии строительства,Нет
1186000,4,134,14,Другое,Новостройка,Без ремонта (коробка),Раздельный,Есть,Построено,Нет
1186680,3,116,7,И. Сомони,Новостройка,Без ремонта (коробка),Раздельный,Есть,Построено,Нет
1187900,3,90,12,Шохмансур,Новостройка,С ремонтом,Раздельный,Есть,Построено,Есть
1188000,2,90,13,Сино,Новостройка,С ремонтом,Совмещенный,Есть,Построено,Нет
1188000,3,125,15,Сино,Новостройка,Без ремонта (коробка),Раздельный,Есть,Построено,Есть
1188000,3,90,6,И. Сомони,Новостройка,Новый ремонт,Раздельный,Есть,Построено,Нет
1188000,3,142,10,Шохмансур,Новостройка,Без ремонта (коробка),Совмещенный,Есть,Построено,Нет
1190000,3,142,18,И. Сомони,Новостройка,Без ремонта (коробка),Совмещенный,Есть,Построено,Нет
1190000,3,142,19,И. Сомони,Новостройка,Без ремонта (коробка),Совмещенный,Есть,Построено,Нет
1190000,3,81,12,Шохмансур,Новостройка,С ремонтом,Раздельный,Есть,Построено,Нет
1190000,3,106,1,Сино,Новостройка,Новый ремонт,Раздельный,Есть,Построено,Нет
1190000,3,80,1,Сино,Новостройка,Новый ремонт,Раздельный,Есть,Построено,Нет
1190000,3,118,19,Шохмансур,Новостройка,С ремонтом,Раздельный,Есть,Построено,Есть
1190000,3,92,11,Сино,Новостройка,Новый ремонт,Раздельный,Есть,Построено,Нет
1190000,3,85,4,Сино,Новостройка,Новый ремонт,Раздельный,Есть,Построено,Есть
1190000,3,142,19,И. Сомони,Новостройка,Без ремонта (коробка),Раздельный,Есть,Построено,Нет
1190000,3,142,19,Другое,Новостройка,Без ремонта (коробка),Совмещенный,Есть,Построено,Нет
1190000,3,111,12,Шохмансур,Новостройка,Без ремонта (коробка),Раздельный,Есть,Построено,Нет
1190000,3,80,21,Шохмансур,Новостройка,Новый ремонт,Раздельный,Есть,Построено,Нет
1190000,3,80,21,Шохмансур,Новостройка,Новый ремонт,Совмещенный,Есть,Построено,Нет
1190000,3,142,18,Другое,Новостройка,Без ремонта (коробка),Совмещенный,Есть,Построено,Нет
1190000,2,92,13,Шохмансур,Новостройка,Новый ремонт,Раздельный,Есть,Построено,Нет
1191000,3,127,12,Другое,Новостройка,Без ремонта (коробка),Совмещенный,Есть,На стадии строительства,Есть
1193000,2,141,9,Шохмансур,Новостройка,Новый ремонт,Раздельный,Есть,Построено,Нет
1194300,4,129,18,Шохмансур,Новостройка,Без ремонта (коробка),Раздельный,Есть,На стадии строительства,Нет
1196000,2,73,17,Шохмансур,Новостройка,Новый ремонт,Совмещенный,Есть,Построено,Есть
1196800,4,129,18,Шохмансур,Новостройка,Без ремонта (коробка),Раздельный,Есть,На стадии строительства,Нет
1199000,4,148,8,Сино,Вторичный рынок,С ремонтом,Раздельный,Есть,Построено,Есть
1199000,3,100,2,Фирдавси,Новостройка,Новый ремонт,Раздельный,Есть,Построено,Нет
1199000,3,99,2,Фирдавси,Новостройка,Новый ремонт,Раздельный,Есть,Построено,Нет
1199000,4,157,17,Другое,Новостройка,Без ремонта (коробка),Раздельный,Есть,Построено,Нет
1199000,3,100,9,Сино,Новостройка,С ремонтом,Раздельный,Есть,Построено,Нет
1200000,4,107,13,Сино,Новостройка,Новый ремонт,Совмещенный,Есть,Построено,Нет
1200000,4,114,11,Шохмансур,Новостройка,Без ремонта (коробка),Раздельный,Есть,Построено,Есть
1200000,3,90,15,Шохмансур,Новостройка,Новый ремонт,Совмещенный,Есть,Построено,Нет
1200000,4,97,4,Фирдавси,Вторичный рынок,С ремонтом,Раздельный,Есть,Построено,Есть
1200000,2,95,15,Шохмансур,Новостройка,Новый ремонт,Раздельный,Есть,Построено,Есть
1200000,2,60,4,И. Сомони,Новостройка,Новый ремонт,Совмещенный,Есть,Построено,Есть
1200000,4,150,8,Сино,Вторичный рынок,С ремонтом,Раздельный,Есть,Построено,Есть
1200000,2,62,2,Другое,Новостройка,Новый ремонт,Совмещенный,Есть,Построено,Есть
1200000,3,96,11,Шохмансур,Новостройка,Новый ремонт,Совмещенный,Есть,Построено,Нет
1200000,4,119,15,Шохмансур,Новостройка,Новый ремонт,Совмещенный,Есть,На стадии строительства,Есть
1200000,3,110,6,Сино,Новостройка,Новый ремонт,Раздельный,Есть,Построено,Нет
1200000,2,56,4,Другое,Новостройка,С ремонтом,Раздельный,Есть,Построено,Нет
1200000,3,87,4,И. Сомони,Новостройка,С ремонтом,Раздельный,Есть,Построено,Есть
1200000,3,73,5,Сино,Новостройка,С ремонтом,Раздельный,Есть,Построено,Есть
1200000,3,107,6,Другое,Новостройка,Без ремонта (коробка),Раздельный,Есть,Построено,Нет
1200000,3,110,8,И. Сомони,Новостройка,Новый ремонт,Раздельный,Есть,Построено,Нет
1200000,3,107,3,Другое,Новостройка,С ремонтом,Раздельный,Есть,Построено,Есть
1200000,2,90,15,Другое,Новостройка,Новый ремонт,Раздельный,Есть,Построено,Есть
1200000,2,90,15,Шохмансур,Новостройка,Новый ремонт,Раздельный,Есть,Построено,Есть
1200000,3,108,10,Другое,Новостройка,Новый ремонт,Раздельный,Есть,Построено,Есть
1200000,3,88,11,Шохмансур,Новостройка,Новый ремонт,Раздельный,Есть,Построено,Есть
1200000,3,108,10,Сино,Новостройка,Новый ремонт,Раздельный,Есть,Построено,Есть
1200000,3,85,1,Сино,Вторичный рынок,С ремонтом,Раздельный,Есть,Построено,Есть
1200000,2,96,6,Сино,Новостройка,Новый ремонт,Совмещенный,Есть,Построено,Нет
1200000,2,84,2,Шохмансур,Новостройка,Новый ремонт,Раздельный,Есть,Построено,Есть
1200000,3,96,19,Шохмансур,Новостройка,Новый ремонт,Раздельный,Есть,Построено,Есть
1200000,4,120,9,Другое,Новостройка,Без ремонта (коробка),Раздельный,Есть,Построено,Есть
1200000,2,96,6,Другое,Новостройка,Новый ремонт,Раздельный,Есть,Построено,Нет
1200000,5,100,1,Сино,Вторичный рынок,С ремонтом,Раздельный,Есть,Построено,Есть
1200000,3,111,13,Другое,Новостройка,Без ремонта (коробка),Раздельный,Есть,Построено,Нет
1200000,3,100,3,Фирдавси,Новостройка,Новый ремонт,Раздельный,Нет,Построено,Есть
1200000,3,106,1,Сино,Новостройка,С ремонтом,Совмещенный,Есть,Построено,Нет
1200000,3,151,12,Шохмансур,Новостройка,Без ремонта (коробка),Раздельный,Есть,На стадии строительства,Нет
1200000,3,102,15,И. Сомони,Новостройка,С ремонтом,Раздельный,Нет,Построено,Нет
1200000,2,94,13,Шохмансур,Новостройка,Новый ремонт,Раздельный,Есть,Построено,Есть
1200000,3,128,3,Другое,Новостройка,Без ремонта (коробка),Раздельный,Есть,На стадии строительства,Нет
1200000,4,119,15,Шохмансур,Новостройка,Новый ремонт,Совмещенный,Нет,Построено,Есть
1200000,4,100,4,И. Сомони,Вторичный рынок,Новый ремонт,Раздельный,Есть,Построено,Есть
1200000,3,94,15,Шохмансур,Новостройка,Новый ремонт,Раздельный,Есть,Построено,Нет
1200000,2,94,13,Шохмансур,Новостройка,Новый ремонт,Совмещенный,Есть,На стадии строительства,Есть
1200000,2,74,3,Шохмансур,Новостройка,С ремонтом,Совмещенный,Нет,Построено,Нет
1200000,3,106,2,Другое,Новостройка,С ремонтом,Раздельный,Есть,Построено,Есть
1200000,3,108,2,Другое,Новостройка,Новый ремонт,Раздельный,Есть,Построено,Нет
1200000,3,111,5,Сино,Новостройка,Без ремонта (коробка),Раздельный,Есть,Построено,Есть
1200000,2,93,16,Шохмансур,Новостройка,Новый ремонт,Раздельный,Есть,Построено,Есть
1200000,3,100,2,Фирдавси,Новостройка,С ремонтом,Раздельный,Есть,Построено,Нет
1200000,5,100,2,Фирдавси,Вторичный рынок,С ремонтом,Раздельный,Нет,Построено,Есть
1200000,2,96,6,Другое,Новостройка,С ремонтом,Раздельный,Есть,Построено,Нет
1200000,3,101,11,Сино,Новостройка,Новый ремонт,Раздельный,Есть,Построено,Нет
1200000,6,327,2,Другое,Вторичный рынок,С ремонтом,Раздельный,Нет,Построено,Есть
1200000,3,114,11,Шохмансур,Новостройка,Без ремонта (коробка),Раздельный,Есть,Построено,Нет
1200000,2,96,6,Сино,Новостройка,С ремонтом,Раздельный,Есть,Построено,Нет
1200000,3,80,1,Сино,Вторичный рынок,С ремонтом,Раздельный,Есть,Построено,Есть
1200000,2,62,2,Другое,Новостройка,Новый ремонт,Раздельный,Есть,Построено,Есть
1200000,3,111,5,Сино,Новостройка,Без ремонта (коробка),Раздельный,Есть,Построено,Нет
1200000,2,141,19,И. Сомони,Новостройка,Без ремонта (коробка),Раздельный,Есть,Построено,Нет
1200000,3,100,2,Сино,Вторичный рынок,С ремонтом,Раздельный,Есть,Построено,Есть
1200000,3,95,17,Шохмансур,Новостройка,Новый ремонт,Раздельный,Есть,Построено,Нет
1200000,3,92,13,Шохмансур,Новостройка,Новый ремонт,Раздельный,Есть,Построено,Есть
1200000,3,106,2,И. Сомони,Новостройка,С ремонтом,Раздельный,Есть,Построено,Есть
1200000,3,98,14,Фирдавси,Новостройка,Новый ремонт,Раздельный,Есть,Построено,Есть
1200000,3,91,2,Другое,Новостройка,Новый ремонт,Раздельный,Есть,Построено,Нет
1200000,3,130,3,И. Сомони,Вторичный рынок,Без ремонта (коробка),Раздельный,Есть,Построено,Нет
1200000,3,93,9,И. Сомони,Новостройка,С ремонтом,Раздельный,Нет,Построено,Есть
1200000,3,86,5,Фирдавси,Вторичный рынок,С ремонтом,Раздельный,Есть,Построено,Есть
1200000,3,100,2,Фирдавси,Новостройка,Новый ремонт,Раздельный,Есть,Построено,Нет
1200000,3,107,1,Сино,Новостройка,С ремонтом,Раздельный,Есть,Построено,Есть
1200000,2,130,16,Шохмансур,Новостройка,С ремонтом,Раздельный,Есть,Построено,Есть
1200000,2,90,15,Шохмансур,Новостройка,С ремонтом,Раздельный,Нет,Построено,Есть
1200000,2,94,13,Шохмансур,Новостройка,Новый ремонт,Раздельный,Есть,Построено,Нет
1200000,2,94,13,И. Сомони,Новостройка,Новый ремонт,Раздельный,Есть,Построено,Есть
1200000,3,106,2,Другое,Новостройка,Новый ремонт,Раздельный,Нет,Построено,Есть
1200000,3,87,4,Шохмансур,Новостройка,Новый ремонт,Совмещенный,Есть,Построено,Есть
1200000,3,108,10,Фирдавси,Новостройка,Без ремонта (коробка),Раздельный,Есть,Построено,Нет
1200000,3,132,6,И. Сомони,Новостройка,Без ремонта (коробка),Раздельный,Есть,Построено,Нет
1200000,2,91,14,И. Сомони,Новостройка,Новый ремонт,Раздельный,Есть,Построено,Есть
1200000,2,87,7,И. Сомони,Новостройка,Новый ремонт,Раздельный,Есть,Построено,Есть
1200000,3,100,2,Другое,Новостройка,Новый ремонт,Раздельный,Есть,Построено,Нет
1200000,3,100,10,Фирдавси,Новостройка,Новый ремонт,Раздельный,Есть,Построено,Нет
1200000,3,106,2,И. Сомони,Новостройка,Новый ремонт,Раздельный,Есть,Построено,Есть
1200000,2,95,16,Шохмансур,Новостройка,Новый ремонт,Раздельный,Есть,Построено,Есть
1200000,3,106,2,Сино,Новостройка,Новый ремонт,Раздельный,Нет,Построено,Есть
1200000,3,90,15,Шохмансур,Новостройка,Новый ремонт,Раздельный,Есть,Построено,Нет
1200000,3,78,12,И. Сомони,Новостройка,Новый ремонт,Раздельный,Есть,Построено,Нет
1200000,4,119,15,Шохмансур,Новостройка,Новый ремонт,Раздельный,Есть,Построено,Есть
1200000,3,113,11,Шохмансур,Новостройка,Без ремонта (коробка),Раздельный,Есть,На стадии строительства,Нет
1200000,3,96,6,И. Сомони,Новостройка,Без ремонта (коробка),Раздельный,Есть,Построено,Нет
1200000,2,85,5,Шохмансур,Новостройка,Новый ремонт,Раздельный,Есть,Построено,Есть
1200000,3,120,11,Сино,Новостройка,Без ремонта (коробка),Раздельный,Есть,На стадии строительства,Нет
1200000,3,91,13,Шохмансур,Новостройка,Новый ремонт,Раздельный,Есть,Построено,Есть
1200000,3,106,2,Другое,Новостройка,Новый ремонт,Раздельный,Есть,Построено,Есть
1200001,3,82,11,Другое,Новостройка,Новый ремонт,Раздельный,Есть,Построено,Есть
1203200,2,101,16,Шохмансур,Новостройка,Новый ремонт,Раздельный,Есть,Построено,Есть
1204000,2,93,14,И. Сомони,Новостройка,Новый ремонт,Раздельный,Есть,Построено,Нет
1205000,3,114,11,Шохмансур,Новостройка,Без ремонта (коробка),Раздельный,Есть,На стадии строительства,Нет
1205000,2,93,14,Другое,Новостройка,Новый ремонт,Раздельный,Есть,Построено,Нет
1205000,3,100,3,Фирдавси,Новостройка,Новый ремонт,Раздельный,Есть,Построено,Нет
1205000,4,101,5,Сино,Новостройка,Новый ремонт,Раздельный,Есть,Построено,Есть
1205000,2,93,14,И. Сомони,Новостройка,Новый ремонт,Раздельный,Есть,Построено,Нет
1205000,2,93,14,И. Сомони,Новостройка,С ремонтом,Раздельный,Есть,Построено,Нет
1206000,3,141,18,И. Сомони,Новостройка,Без ремонта (коробка),Раздельный,Есть,Построено,Нет
1209000,3,144,13,Другое,Новостройка,Без ремонта (коробка),Раздельный,Есть,На стадии строительства,Нет
1209000,3,130,19,Сино,Новостройка,С ремонтом,Совмещенный,Есть,Построено,Есть
1209000,3,88,2,Сино,Новостройка,Новый ремонт,Раздельный,Есть,Построено,Есть
1209000,3,102,5,Фирдавси,Новостройка,Новый ремонт,Раздельный,Есть,Построено,Есть
1209000,2,83,6,Шохмансур,Новостройка,Новый ремонт,Раздельный,Есть,Построено,Нет
1209000,3,91,11,Шохмансур,Новостройка,Без ремонта (коробка),Раздельный,Есть,Построено,Нет
1209000,3,95,16,Другое,Новостройка,С ремонтом,Раздельный,Есть,Построено,Есть
1210000,3,83,2,И. Сомони,Новостройка,Новый ремонт,Раздельный,Есть,Построено,Нет
1210000,2,83,6,Шохмансур,Новостройка,Новый ремонт,Совмещенный,Есть,Построено,Нет
1210000,3,71,10,Шохмансур,Новостройка,Новый ремонт,Раздельный,Есть,Построено,Нет
1210000,2,83,6,И. Сомони,Новостройка,Новый ремонт,Раздельный,Есть,Построено,Нет
1210000,2,83,6,Шохмансур,Новостройка,Новый ремонт,Раздельный,Нет,Построено,Есть
1210000,2,101,4,И. Сомони,Новостройка,Новый ремонт,Совмещенный,Есть,Построено,Есть
1210000,2,83,6,Шохмансур,Новостройка,Новый ремонт,Раздельный,Есть,Построено,Нет
1210000,2,83,6,Шохмансур,Новостройка,С ремонтом,Раздельный,Есть,Построено,Нет
1210000,3,103,5,Шохмансур,Новостройка,С ремонтом,Раздельный,Есть,Построено,Нет
1213000,3,106,4,Сино,Новостройка,Новый ремонт,Раздельный,Есть,Построено,Нет
1215000,2,79,15,Шохмансур,Новостройка,Новый ремонт,Совмещенный,Есть,Построено,Нет
1218000,2,80,11,И. Сомони,Новостройка,Новый ремонт,Совмещенный,Есть,Построено,Нет
1218000,2,83,6,Шохмансур,Новостройка,Новый ремонт,Раздельный,Есть,Построено,Нет
1219000,3,141,18,И. Сомони,Новостройка,Без ремонта (коробка),Раздельный,Нет,Построено,Нет
1219000,3,90,7,Другое,Новостройка,Новый ремонт,Раздельный,Есть,Построено,Есть
1220000,3,173,13,Шохмансур,Новостройка,Без ремонта (коробка),Раздельный,Есть,Построено,Нет
1220000,3,96,16,Сино,Новостройка,Новый ремонт,Раздельный,Есть,Построено,Нет
1220000,3,80,11,И. Сомони,Новостройка,Новый ремонт,Совмещенный,Есть,Построено,Нет
1220000,3,108,10,Сино,Новостройка,Новый ремонт,Раздельный,Есть,Построено,Есть
1220000,2,95,15,Шохмансур,Новостройка,Новый ремонт,Раздельный,Есть,Построено,Есть
1220000,5,98,4,Фирдавси,Вторичный рынок,Новый ремонт,Раздельный,Есть,Построено,Есть
1220000,3,102,5,Другое,Новостройка,Новый ремонт,Раздельный,Есть,Построено,Нет
1220000,2,93,7,И. Сомони,Новостройка,Новый ремонт,Раздельный,Есть,Построено,Есть
1220000,3,111,8,И. Сомони,Новостройка,С ремонтом,Раздельный,Есть,Построено,Нет
1220000,2,80,11,И. Сомони,Новостройка,Новый ремонт,Совмещенный,Есть,Построено,Нет
1220000,4,120,3,Сино,Новостройка,С ремонтом,Раздельный,Есть,Построено,Есть
1220000,2,92,15,И. Сомони,Новостройка,Новый ремонт,Совмещенный,Есть,Построено,Нет
1220000,3,127,12,Сино,Новостройка,Без ремонта (коробка),Раздельный,Есть,Построено,Нет
1220000,2,95,22,Шохмансур,Новостройка,Новый ремонт,Раздельный,Есть,Построено,Нет
1220000,3,110,19,Другое,Новостройка,Новый ремонт,Раздельный,Есть,Построено,Есть
1220000,4,104,13,Сино,Новостройка,Новый ремонт,Раздельный,Есть,Построено,Есть
1220000,5,100,2,Фирдавси,Вторичный рынок,С ремонтом,Раздельный,Нет,Построено,Есть
1220000,6,250,9,И. Сомони,Новостройка,Без ремонта (коробка),Раздельный,Есть,На стадии строительства,Нет
1222000,3,110,4,Сино,Новостройка,Новый ремонт,Раздельный,Есть,Построено,Есть
1225000,3,93,11,И. Сомони,Новостройка,Новый ремонт,Раздельный,Есть,Построено,Есть
1225000,3,90,12,Другое,Новостройка,Новый ремонт,Раздельный,Есть,Построено,Нет
1225000,3,94,8,Шохмансур,Новостройка,Новый ремонт,Совмещенный,Есть,Построено,Нет
1225000,3,94,11,Шохмансур,Новостройка,Новый ремонт,Раздельный,Есть,Построено,Нет
1226480,3,157,13,Другое,Новостройка,Без ремонта (коробка),Раздельный,Нет,Построено,Нет
1227000,2,80,11,И. Сомони,Новостройка,Новый ремонт,Раздельный,Есть,Построено,Есть
1227600,3,92,15,Сино,Новостройка,Новый ремонт,Раздельный,Есть,Построено,Есть
1229999,3,102,5,Фирдавси,Новостройка,Новый ремонт,Раздельный,Есть,Построено,Нет
1230000,3,100,3,Фирдавси,Новостройка,Новый ремонт,Раздельный,Нет,Построено,Есть
1230000,2,93,16,И. Сомони,Новостройка,Новый ремонт,Раздельный,Есть,Построено,Есть
1230000,3,102,5,Фирдавси,Новостройка,Новый ремонт,Раздельный,Есть,Построено,Нет
1230000,4,94,8,Шохмансур,Новостройка,С ремонтом,Раздельный,Есть,Построено,Есть
1230000,3,94,9,И. Сомони,Новостройка,С ремонтом,Раздельный,Нет,Построено,Есть
1230000,3,90,7,Другое,Новостройка,С ремонтом,Раздельный,Есть,Построено,Нет
1230000,2,93,16,И. Сомони,Новостройка,Новый ремонт,Совмещенный,Есть,Построено,Есть
1230000,2,93,16,И. Сомони,Новостройка,Новый ремонт,Совмещенный,Есть,Построено,Нет
1230000,3,107,5,Сино,Новостройка,Без ремонта (коробка),Раздельный,Есть,Построено,Нет
1230000,3,90,7,Сино,Новостройка,С ремонтом,Раздельный,Есть,Построено,Нет
1230000,3,94,8,Шохмансур,Новостройка,С ремонтом,Раздельный,Есть,Построено,Есть
1230000,3,103,12,Шохмансур,Новостройка,Новый ремонт,Раздельный,Есть,Построено,Есть
1230000,3,94,8,Шохмансур,Новостройка,С ремонтом,Совмещенный,Есть,Построено,Есть
1230000,2,62,2,Другое,Новостройка,С ремонтом,Совмещенный,Есть,Построено,Есть
1230000,4,119,12,И. Сомони,Новостройка,С ремонтом,Совмещенный,Есть,Построено,Нет
1232000,2,62,2,И. Сомони,Новостройка,С ремонтом,Раздельный,Есть,Построено,Есть
1233000,3,104,8,Сино,Новостройка,Новый ремонт,Совмещенный,Есть,Построено,Нет
1235000,2,95,9,Шохмансур,Новостройка,Без ремонта (коробка),Раздельный,Есть,На стадии строительства,Нет
1235000,3,80,11,И. Сомони,Новостройка,Новый ремонт,Совмещенный,Есть,Построено,Нет
1235000,3,107,5,Сино,Новостройка,Без ремонта (коробка),Раздельный,Есть,На стадии строительства,Нет
1235000,3,95,16,Сино,Новостройка,Новый ремонт,Раздельный,Есть,Построено,Есть
1236900,2,130,16,Шохмансур,Новостройка,С ремонтом,Раздельный,Есть,Построено,Есть
1237000,3,121,5,Шохмансур,Новостройка,Без ремонта (коробка),Совмещенный,Есть,Построено,Нет
1240000,3,88,2,Сино,Новостройка,С ремонтом,Раздельный,Есть,Построено,Есть
1240000,2,102,10,Шохмансур,Новостройка,Новый ремонт,Раздельный,Есть,Построено,Есть
1240000,2,83,5,Другое,Новостройка,Новый ремонт,Совмещенный,Есть,Построено,Нет
1240000,3,104,15,И. Сомони,Новостройка,С ремонтом,Раздельный,Есть,Построено,Есть
1240000,2,62,2,И. Сомони,Новостройка,Новый ремонт,Раздельный,Есть,Построено,Есть
1240000,2,83,5,Другое,Новостройка,Новый ремонт,Раздельный,Есть,Построено,Нет
1240000,2,92,4,Другое,Новостройка,Без ремонта (коробка),Раздельный,Есть,Построено,Нет
1240000,4,147,10,Другое,Новостройка,Без ремонта (коробка),Раздельный,Есть,Построено,Нет
1240000,5,98,2,Сино,Вторичный рынок,Новый ремонт,Раздельный,Есть,Построено,Есть
1240000,3,112,14,Шохмансур,Новостройка,Без ремонта (коробка),Раздельный,Есть,Построено,Есть
1240000,2,83,5,И. Сомони,Новостройка,Новый ремонт,Совмещенный,Есть,Построено,Нет
1240000,3,103,10,Сино,Новостройка,С ремонтом,Раздельный,Есть,Построено,Нет
1240800,3,104,8,Сино,Новостройка,Новый ремонт,Раздельный,Есть,Построено,Нет
1245000,3,118,19,Шохмансур,Новостройка,С ремонтом,Раздельный,Есть,Построено,Есть
1245000,3,173,11,Другое,Новостройка,Без ремонта (коробка),Раздельный,Есть,Построено,Нет
1245000,3,173,11,Другое,Новостройка,Без ремонта (коробка),Раздельный,Нет,На стадии строительства,Нет
1245111,3,106,2,Сино,Новостройка,Новый ремонт,Раздельный,Есть,Построено,Есть
1246000,2,83,5,И. Сомони,Новостройка,Новый ремонт,Раздельный,Есть,Построено,Нет
1248060,4,122,3,Шохмансур,Новостройка,Без ремонта (коробка),Раздельный,Есть,Построено,Нет
1249000,3,112,14,И. Сомони,Новостройка,Без ремонта (коробка),Раздельный,Есть,Построено,Нет
1249000,3,101,8,Сино,Новостройка,Новый ремонт,Раздельный,Есть,Построено,Нет
1249000,3,104,8,Сино,Новостройка,Новый ремонт,Совмещенный,Есть,Построено,Есть
1249999,3,94,11,Шохмансур,Новостройка,С ремонтом,Раздельный,Есть,Построено,Нет
1250000,3,76,10,Шохмансур,Новостройка,Новый ремонт,Раздельный,Есть,Построено,Есть
1250000,3,121,9,Сино,Новостройка,С ремонтом,Совмещенный,Есть,Построено,Есть
1250000,3,96,2,Сино,Вторичный рынок,С ремонтом,Раздельный,Есть,Построено,Есть
1250000,3,96,16,Сино,Новостройка,Новый ремонт,Совмещенный,Есть,Построено,Нет
1250000,4,147,2,Сино,Новостройка,Без ремонта (коробка),Раздельный,Есть,Построено,Нет
1250000,3,108,7,Сино,Новостройка,Новый ремонт,Раздельный,Есть,Построено,Нет
1250000,3,120,9,Другое,Новостройка,Новый ремонт,Совмещенный,Нет,Построено,Есть
1250000,2,110,7,Другое,Новостройка,Без ремонта (коробка),Раздельный,Есть,На стадии строительства,Нет
1250000,3,76,10,Шохмансур,Новостройка,С ремонтом,Раздельный,Есть,Построено,Есть
1250000,5,101,2,Фирдавси,Вторичный рынок,С ремонтом,Раздельный,Есть,Построено,Есть
1250000,3,83,5,И. Сомони,Новостройка,Новый ремонт,Раздельный,Есть,Построено,Нет
1250000,3,120,7,Шохмансур,Новостройка,Без ремонта (коробка),Совмещенный,Нет,На стадии строительства,Нет
1250000,3,90,7,Другое,Новостройка,Новый ремонт,Раздельный,Есть,Построено,Нет
1250000,2,82,5,Сино,Новостройка,С ремонтом,Раздельный,Есть,Построено,Есть
1250000,2,110,7,И. Сомони,Новостройка,Без ремонта (коробка),Раздельный,Есть,На стадии строительства,Нет
1250000,3,98,2,Сино,Новостройка,Новый ремонт,Раздельный,Есть,Построено,Нет
1250000,4,80,2,Сино,Вторичный рынок,Новый ремонт,Раздельный,Есть,Построено,Есть
1250000,3,96,16,Сино,Новостройка,Новый ремонт,Раздельный,Есть,Построено,Нет
1250000,3,104,3,Сино,Новостройка,Новый ремонт,Совмещенный,Есть,Построено,Нет
1250000,3,104,8,Сино,Новостройка,Новый ремонт,Раздельный,Есть,Построено,Нет
1250000,2,120,9,Другое,Новостройка,Новый ремонт,Раздельный,Есть,Построено,Есть
1250000,3,93,9,Шохмансур,Новостройка,Новый ремонт,Раздельный,Есть,Построено,Нет
1250000,3,91,13,Шохмансур,Новостройка,Новый ремонт,Раздельный,Есть,Построено,Есть
1250000,3,82,10,И. Сомони,Новостройка,Новый ремонт,Совмещенный,Есть,Построено,Нет
1250000,3,91,2,Другое,Новостройка,Новый ремонт,Раздельный,Есть,Построено,Нет
1250000,3,90,7,И. Сомони,Новостройка,С ремонтом,Раздельный,Есть,Построено,Нет
1250000,3,117,7,Фирдавси,Новостройка,Без ремонта (коробка),Раздельный,Есть,Построено,Нет
1250000,5,101,2,Фирдавси,Новостройка,С ремонтом,Раздельный,Есть,Построено,Есть
1250000,4,119,10,И. Сомони,Новостройка,Без ремонта (коробка),Раздельный,Есть,Построено,Нет
1250000,3,111,13,Шохмансур,Новостройка,Без ремонта (коробка),Раздельный,Есть,Построено,Есть
1250000,3,114,14,Другое,Новостройка,Новый ремонт,Раздельный,Есть,Построено,Есть
1250000,3,80,10,Шохмансур,Новостройка,Новый ремонт,Раздельный,Есть,Построено,Есть
1250000,3,162,3,Сино,Новостройка,Без ремонта (коробка),Раздельный,Есть,Построено,Нет
1250000,3,90,12,И. Сомони,Новостройка,С ремонтом,Раздельный,Есть,Построено,Есть
1250000,4,102,3,Сино,Новостройка,С ремонтом,Раздельный,Есть,Построено,Есть
1250000,3,97,13,Сино,Новостройка,Новый ремонт,Раздельный,Есть,Построено,Нет
1250000,3,103,12,Шохмансур,Новостройка,Новый ремонт,Раздельный,Есть,Построено,Есть
1250000,5,101,2,Фирдавси,Вторичный рынок,С ремонтом,Раздельный,Нет,Построено,Есть
1250000,2,86,16,Шохмансур,Новостройка,Новый ремонт,Совмещенный,Есть,Построено,Есть
1250000,3,100,3,Шохмансур,Новостройка,Без ремонта (коробка),Раздельный,Нет,На стадии строительства,Нет
1250000,3,76,10,Шохмансур,Новостройка,Новый ремонт,Совмещенный,Есть,Построено,Есть
1250000,4,119,10,И. Сомони,Новостройка,Без ремонта (коробка),Раздельный,Есть,Построено,Есть
1250000,3,110,18,Фирдавси,Новостройка,Новый ремонт,Раздельный,Есть,Построено,Есть
1250000,3,100,14,Другое,Новостройка,Новый ремонт,Раздельный,Есть,Построено,Нет
1250001,3,82,10,И. Сомони,Новостройка,С ремонтом,Раздельный,Есть,Построено,Есть
1250002,3,110,18,Фирдавси,Новостройка,Новый ремонт,Раздельный,Есть,Построено,Нет
1251000,3,114,11,Другое,Новостройка,Без ремонта (коробка),Раздельный,Есть,На стадии строительства,Нет
1254000,3,88,6,Шохмансур,Новостройка,Новый ремонт,Совмещенный,Есть,Построено,Нет
1254444,3,98,1,Сино,Новостройка,Новый ремонт,Раздельный,Есть,Построено,Нет
1255000,3,115,14,Другое,Новостройка,Без ремонта (коробка),Раздельный,Есть,Построено,Нет
1255000,2,78,9,И. Сомони,Новостройка,Новый ремонт,Раздельный,Есть,Построено,Нет
1255000,3,118,3,Сино,Новостройка,Новый ремонт,Раздельный,Нет,Построено,Есть
1255000,3,93,8,Сино,Новостройка,Новый ремонт,Раздельный,Есть,Построено,Нет
1255000,3,118,2,Сино,Новостройка,Новый ремонт,Раздельный,Есть,Построено,Есть
1255000,2,78,9,Другое,Новостройка,С ремонтом,Совмещенный,Есть,Построено,Нет
1255000,2,93,8,Сино,Новостройка,Новый ремонт,Раздельный,Есть,Построено,Нет
1255000,3,117,18,Шохмансур,Новостройка,Новый ремонт,Раздельный,Есть,Построено,Нет
1256000,2,78,9,Шохмансур,Новостройка,С ремонтом,Раздельный,Есть,Построено,Нет
1258000,3,82,10,И. Сомони,Новостройка,Новый ремонт,Совмещенный,Есть,Построено,Нет
1258000,3,98,1,Сино,Новостройка,Новый ремонт,Раздельный,Есть,Построено,Нет
1260000,2,90,16,Другое,Новостройка,Новый ремонт,Совмещенный,Есть,Построено,Есть
1260000,3,96,16,Сино,Новостройка,Новый ремонт,Раздельный,Есть,Построено,Нет
1260000,3,90,2,Сино,Новостройка,Новый ремонт,Раздельный,Есть,Построено,Нет
1260000,3,98,2,Сино,Новостройка,Новый ремонт,Раздельный,Есть,Построено,Нет
1260000,3,110,2,И. Сомони,Новостройка,С ремонтом,Раздельный,Есть,Построено,Есть
1260000,3,124,4,Сино,Новостройка,Без ремонта (коробка),Раздельный,Есть,Построено,Нет
1260000,2,103,5,И. Сомони,Новостройка,Без ремонта (коробка),Раздельный,Есть,Построено,Есть
1260000,2,90,15,Шохмансур,Новостройка,Новый ремонт,Раздельный,Есть,Построено,Есть
1260000,3,82,10,И. Сомони,Новостройка,Новый ремонт,Совмещенный,Есть,Построено,Нет
1260000,3,90,1,И. Сомони,Новостройка,Новый ремонт,Раздельный,Есть,Построено,Есть
1260000,3,103,3,Сино,Новостройка,Новый ремонт,Раздельный,Есть,Построено,Нет
1260000,3,90,2,И. Сомони,Новостройка,С ремонтом,Раздельный,Есть,Построено,Нет
1262000,3,82,10,И. Сомони,Новостройка,Новый ремонт,Совмещенный,Есть,Построено,Нет
1262000,3,82,10,И. Сомони,Новостройка,Новый ремонт,Раздельный,Есть,Построено,Нет
1265000,3,141,18,И. Сомони,Новостройка,Без ремонта (коробка),Раздельный,Есть,Построено,Нет
1265000,3,98,2,Сино,Новостройка,Новый ремонт,Раздельный,Есть,Построено,Нет
1265000,4,152,12,Сино,Новостройка,Без ремонта (коробка),Раздельный,Есть,Построено,Нет
1267000,3,152,12,Сино,Новостройка,Без ремонта (коробка),Раздельный,Есть,Построено,Нет
1269000,3,103,13,Другое,Новостройка,Новый ремонт,Раздельный,Есть,Построено,Есть
1269000,3,123,8,Сино,Новостройка,Без ремонта (коробка),Раздельный,Есть,Построено,Есть
1270000,2,97,16,Другое,Новостройка,С ремонтом,Совмещенный,Есть,Построено,Есть
1270000,3,138,11,Фирдавси,Новостройка,Без ремонта (коробка),Раздельный,Есть,Построено,Нет
1270000,3,143,2,И. Сомони,Новостройка,Без ремонта (коробка),Раздельный,Есть,Построено,Нет
1270000,3,110,13,И. Сомони,Новостройка,С ремонтом,Раздельный,Есть,Построено,Есть
1270271,2,144,8,Другое,Новостройка,Новый ремонт,Раздельный,Есть,Построено,Нет
1275000,3,116,7,Сино,Новостройка,Без ремонта (коробка),Раздельный,Есть,Построено,Нет
1275555,3,110,9,И. Сомони,Новостройка,Новый ремонт,Раздельный,Есть,Построено,Нет
1277000,3,86,4,Шохмансур,Новостройка,Новый ремонт,Раздельный,Есть,Построено,Нет
1278999,3,110,9,И. Сомони,Новостройка,Без ремонта (коробка),Раздельный,Есть,Построено,Нет
1279000,2,92,6,Сино,Новостройка,Новый ремонт,Раздельный,Есть,Построено,Есть
1280000,4,101,2,Фирдавси,Вторичный рынок,Новый ремонт,Совмещенный,Есть,Построено,Есть
1280000,3,111,8,И. Сомони,Новостройка,Новый ремонт,Совмещенный,Есть,Построено,Нет
1280000,3,107,10,Сино,Новостройка,Новый ремонт,Раздельный,Есть,Построено,Есть
1280000,3,123,8,Сино,Новостройка,Без ремонта (коробка),Раздельный,Есть,Построено,Нет
1280000,3,120,9,Сино,Новостройка,Новый ремонт,Раздельный,Есть,Построено,Нет
1280000,2,80,11,Другое,Новостройка,Новый ремонт,Раздельный,Есть,Построено,Есть
1280000,3,101,12,Фирдавси,Новостройка,Новый ремонт,Совмещенный,Есть,Построено,Есть
1280000,2,92,6,Сино,Новостройка,Новый ремонт,Раздельный,Есть,Построено,Нет
1280000,3,101,12,Фирдавси,Новостройка,Новый ремонт,Раздельный,Есть,Построено,Есть
1280000,4,110,2,Фирдавси,Вторичный рынок,Новый ремонт,Раздельный,Есть,Построено,Есть
1280000,3,110,7,Другое,Новостройка,Без ремонта (коробка),Раздельный,Есть,На стадии строительства,Нет
1280000,3,111,8,Другое,Новостройка,Новый ремонт,Совмещенный,Есть,Построено,Нет
1280000,4,126,3,И. Сомони,Новостройка,Без ремонта (коробка),Раздельный,Есть,Построено,Нет
1280000,4,100,10,Фирдавси,Новостройка,Новый ремонт,Совмещенный,Нет,Построено,Есть
1280000,3,115,14,И. Сомони,Новостройка,С ремонтом,Раздельный,Есть,Построено,Есть
1280000,3,120,9,Сино,Новостройка,Новый ремонт,Совмещенный,Есть,Построено,Нет
1280000,3,96,9,Фирдавси,Новостройка,Новый ремонт,Раздельный,Есть,Построено,Нет
1280000,3,111,11,Сино,Новостройка,С ремонтом,Раздельный,Есть,Построено,Есть
1280000,2,62,2,Другое,Новостройка,С ремонтом,Раздельный,Есть,Построено,Есть
1280000,3,100,10,Фирдавси,Новостройка,Новый ремонт,Раздельный,Нет,Построено,Есть
1280000,3,90,1,И. Сомони,Новостройка,Новый ремонт,Раздельный,Есть,Построено,Нет
1280000,3,111,8,И. Сомони,Новостройка,С ремонтом,Раздельный,Есть,Построено,Нет
1280000,3,100,10,Фирдавси,Новостройка,Новый ремонт,Раздельный,Есть,Построено,Есть
1280001,3,80,4,Шохмансур,Вторичный рынок,С ремонтом,Раздельный,Есть,Построено,Есть
1280001,3,88,17,Другое,Новостройка,Новый ремонт,Раздельный,Есть,Построено,Есть
1283000,3,103,13,Другое,Новостройка,С ремонтом,Раздельный,Есть,Построено,Есть
1283000,3,103,13,И. Сомони,Новостройка,С ремонтом,Раздельный,Есть,Построено,Есть
1283000,3,115,3,Шохмансур,Новостройка,Без ремонта (коробка),Раздельный,Есть,Построено,Нет
1284000,2,95,12,И. Сомони,Новостройка,Новый ремонт,Раздельный,Есть,Построено,Нет
1284000,3,111,8,Другое,Новостройка,Новый ремонт,Раздельный,Есть,Построено,Нет
1285000,3,110,2,Сино,Новостройка,С ремонтом,Раздельный,Есть,Построено,Есть
1285000,3,110,2,Сино,Новостройка,Новый ремонт,Раздельный,Есть,Построено,Есть
1285000,2,92,6,Сино,Новостройка,Новый ремонт,Раздельный,Есть,Построено,Нет
1287000,3,75,10,Другое,Новостройка,Новый ремонт,Раздельный,Есть,Построено,Есть
1288000,3,130,4,Другое,Новостройка,Без ремонта (коробка),Раздельный,Есть,На стадии строительства,Нет
1290000,3,132,17,Шохмансур,Новостройка,Без ремонта (коробка),Раздельный,Есть,Построено,Есть
1290000,2,62,2,И. Сомони,Новостройка,Новый ремонт,Раздельный,Есть,Построено,Есть
1290000,3,86,4,Шохмансур,Новостройка,Новый ремонт,Совмещенный,Есть,Построено,Нет
1290000,2,88,5,Шохмансур,Новостройка,Новый ремонт,Раздельный,Есть,Построено,Есть
1290000,3,76,10,Шохмансур,Новостройка,Новый ремонт,Раздельный,Есть,Построено,Есть
1290000,2,100,18,Шохмансур,Новостройка,Без ремонта (коробка),Раздельный,Есть,Построено,Нет
1290000,3,107,16,Другое,Новостройка,Без ремонта (коробка),Раздельный,Есть,Построено,Есть
1290000,4,141,13,И. Сомони,Новостройка,Без ремонта (коробка),Раздельный,Нет,Построено,Нет
1290000,2,73,17,Другое,Новостройка,Новый ремонт,Раздельный,Есть,Построено,Есть
1290000,3,86,4,Шохмансур,Новостройка,Новый ремонт,Раздельный,Есть,Построено,Нет
1290001,3,132,17,Шохмансур,Новостройка,Без ремонта (коробка),Раздельный,Есть,Построено,Есть
1292500,3,103,10,Сино,Новостройка,Новый ремонт,Раздельный,Есть,Построено,Есть
1295000,2,103,10,Шохмансур,Новостройка,Новый ремонт,Раздельный,Есть,Построено,Есть
1295000,3,121,8,Сино,Новостройка,Без ремонта (коробка),Раздельный,Есть,Построено,Нет
1295000,3,76,10,Шохмансур,Новостройка,Новый ремонт,Раздельный,Есть,Построено,Есть
1297000,3,111,8,И. Сомони,Новостройка,Новый ремонт,Совмещенный,Нет,Построено,Нет
1298000,3,105,6,Шохмансур,Новостройка,С ремонтом,Совмещенный,Есть,Построено,Есть
1299000,3,115,14,Другое,Новостройка,Новый ремонт,Раздельный,Есть,Построено,Есть
1299000,3,117,10,Сино,Новостройка,Новый ремонт,Раздельный,Есть,Построено,Нет
1299000,4,65,2,Фирдавси,Вторичный рынок,Новый ремонт,Раздельный,Есть,Построено,Есть
1299900,4,126,2,И. Сомони,Новостройка,Без ремонта (коробка),Совмещенный,Есть,Построено,Нет
1299999,3,115,9,И. Сомони,Новостройка,Без ремонта (коробка),Раздельный,Есть,Построено,Нет
1300000,2,116,11,Другое,Новостройка,Новый ремонт,Раздельный,Есть,Построено,Есть
1300000,3,132,17,Шохмансур,Новостройка,Без ремонта (коробка),Раздельный,Есть,Построено,Есть
1300000,2,96,8,И. Сомони,Новостройка,С ремонтом,Раздельный,Есть,Построено,Нет
1300000,2,116,11,Другое,Новостройка,Новый ремонт,Совмещенный,Есть,Построено,Есть
1300000,3,105,5,Шохмансур,Новостройка,Новый ремонт,Раздельный,Есть,Построено,Нет
1300000,2,116,11,Сино,Новостройка,Новый ремонт,Совмещенный,Есть,Построено,Есть
1300000,3,130,5,Другое,Новостройка,Новый ремонт,Раздельный,Нет,Построено,Есть
1300000,5,576,1,Другое,Вторичный рынок,Новый ремонт,Раздельный,Есть,Построено,Есть
1300000,3,115,14,Шохмансур,Новостройка,Новый ремонт,Раздельный,Есть,Построено,Есть
1300000,3,100,5,Сино,Вторичный рынок,Новый ремонт,Раздельный,Есть,Построено,Есть
1300000,3,130,7,Сино,Новостройка,Новый ремонт,Раздельный,Есть,Построено,Есть
1300000,5,98,2,Сино,Вторичный рынок,Новый ремонт,Раздельный,Есть,Построено,Есть
1300000,3,117,16,Шохмансур,Новостройка,Новый ремонт,Раздельный,Есть,Построено,Есть
1300000,3,110,9,Сино,Новостройка,Новый ремонт,Раздельный,Есть,Построено,Есть
1300000,3,120,9,Сино,Новостройка,Новый ремонт,Совмещенный,Есть,Построено,Нет
1300000,2,55,4,Шохмансур,Новостройка,С ремонтом,Раздельный,Есть,Построено,Нет
1300000,3,90,1,Другое,Новостройка,Новый ремонт,Раздельный,Есть,Построено,Нет
1300000,3,111,8,Другое,Новостройка,Новый ремонт,Совмещенный,Есть,Построено,Есть
1300000,3,108,4,Другое,Новостройка,Новый ремонт,Раздельный,Нет,Построено,Есть
1300000,2,90,13,И. Сомони,Новостройка,Новый ремонт,Раздельный,Есть,Построено,Есть
1300000,3,115,14,Другое,Новостройка,Новый ремонт,Раздельный,Есть,Построено,Есть
1300000,1,62,16,И. Сомони,Новостройка,Новый ремонт,Совмещенный,Есть,Построено,Есть
1300000,2,78,15,Шохмансур,Новостройка,Новый ремонт,Совмещенный,Есть,Построено,Есть
1300000,4,110,19,Фирдавси,Новостройка,С ремонтом,Раздельный,Есть,Построено,Нет
1300000,3,94,11,Шохмансур,Новостройка,Новый ремонт,Раздельный,Есть,Построено,Есть
1300000,4,124,14,Другое,Новостройка,Без ремонта (коробка),Раздельный,Есть,Построено,Нет
1300000,3,160,17,Шохмансур,Новостройка,Новый ремонт,Совмещенный,Есть,Построено,Есть
1300000,2,93,14,Шохмансур,Новостройка,Новый ремонт,Раздельный,Есть,Построено,Есть
1300000,3,120,9,Сино,Новостройка,Новый ремонт,Раздельный,Есть,Построено,Нет
1300000,4,132,17,Шохмансур,Новостройка,Без ремонта (коробка),Раздельный,Есть,Построено,Нет
1300000,5,110,2,Фирдавси,Вторичный рынок,С ремонтом,Раздельный,Нет,Построено,Есть
1300000,2,114,14,Шохмансур,Новостройка,Новый ремонт,Раздельный,Есть,Построено,Есть
1300000,5,145,7,Сино,Новостройка,С ремонтом,Совмещенный,Нет,Построено,Есть
1300000,2,92,5,Шохмансур,Новостройка,Новый ремонт,Раздельный,Есть,Построено,Есть
1300000,3,130,5,Шохмансур,Новостройка,Без ремонта (коробка),Раздельный,Есть,Построено,Нет
1300000,3,90,13,Шохмансур,Новостройка,С ремонтом,Раздельный,Есть,Построено,Есть
1300000,3,115,14,И. Сомони,Новостройка,Новый ремонт,Раздельный,Есть,Построено,Есть
1300000,3,137,11,Фирдавси,Новостройка,Без ремонта (коробка),Раздельный,Есть,Построено,Нет
1300000,3,94,13,Другое,Новостройка,С ремонтом,Раздельный,Есть,Построено,Есть
1300000,3,90,13,Шохмансур,Новостройка,Новый ремонт,Раздельный,Есть,Построено,Есть
1300000,6,300,5,Сино,Новостройка,Новый ремонт,Раздельный,Нет,Построено,Нет
1300000,5,120,2,Сино,Вторичный рынок,С ремонтом,Совмещенный,Есть,Построено,Есть
1300000,3,76,10,Шохмансур,Новостройка,Новый ремонт,Раздельный,Есть,Построено,Есть
1300000,3,100,3,Шохмансур,Новостройка,Новый ремонт,Раздельный,Есть,Построено,Нет
1300000,3,117,10,Сино,Новостройка,Новый ремонт,Раздельный,Есть,Построено,Нет
1300000,3,117,15,Сино,Новостройка,Новый ремонт,Раздельный,Есть,Построено,Нет
1300000,2,116,11,И. Сомони,Новостройка,С ремонтом,Раздельный,Есть,Построено,Есть
1300000,3,100,9,Сино,Новостройка,С ремонтом,Раздельный,Есть,Построено,Есть
1300000,5,98,2,Другое,Вторичный рынок,Новый ремонт,Раздельный,Есть,Построено,Есть
1300000,3,120,14,Сино,Новостройка,Новый ремонт,Раздельный,Нет,Построено,Нет
1300001,3,130,7,Сино,Новостройка,С ремонтом,Раздельный,Есть,Построено,Есть
1300001,3,94,15,Другое,Новостройка,Новый ремонт,Раздельный,Нет,Построено,Нет
1305000,3,103,5,Шохмансур,Новостройка,Без ремонта (коробка),Раздельный,Есть,Построено,Нет
1309440,4,176,13,Шохмансур,Новостройка,Без ремонта (коробка),Раздельный,Есть,Построено,Нет
1310000,3,107,12,Сино,Новостройка,Новый ремонт,Раздельный,Есть,Построено,Нет
1310000,3,129,14,Сино,Новостройка,Без ремонта (коробка),Раздельный,Есть,Построено,Есть
1315000,5,144,12,Сино,Новостройка,Без ремонта (коробка),Раздельный,Нет,Построено,Нет
1316000,2,84,3,Шохмансур,Новостройка,С ремонтом,Раздельный,Есть,Построено,Есть
1320000,3,117,18,Шохмансур,Новостройка,Новый ремонт,Раздельный,Нет,Построено,Нет
1320000,3,100,5,Шохмансур,Новостройка,Новый ремонт,Раздельный,Есть,Построено,Нет
1320000,2,73,17,Шохмансур,Новостройка,С ремонтом,Совмещенный,Есть,Построено,Есть
1320000,5,90,3,Фирдавси,Вторичный рынок,Новый ремонт,Раздельный,Есть,Построено,Есть
1320000,3,147,12,Шохмансур,Новостройка,Без ремонта (коробка),Раздельный,Есть,На стадии строительства,Нет
1320000,2,94,10,Другое,Новостройка,Новый ремонт,Совмещенный,Есть,Построено,Есть
1320000,3,93,7,Другое,Новостройка,С ремонтом,Совмещенный,Есть,Построено,Есть
1320000,4,123,13,И. Сомони,Новостройка,Новый ремонт,Раздельный,Есть,Построено,Есть
1320000,3,121,9,Сино,Новостройка,С ремонтом,Раздельный,Есть,Построено,Есть
1320000,3,82,8,Сино,Новостройка,Новый ремонт,Раздельный,Есть,Построено,Нет
1320000,2,105,7,И. Сомони,Новостройка,Без ремонта (коробка),Раздельный,Есть,Построено,Нет
1320000,2,73,17,Шохмансур,Новостройка,Новый ремонт,Совмещенный,Есть,Построено,Есть
1320000,3,108,2,Сино,Новостройка,Новый ремонт,Совмещенный,Есть,Построено,Есть
1320000,3,104,11,Другое,Новостройка,Новый ремонт,Раздельный,Есть,Построено,Нет
1320000,3,104,11,И. Сомони,Новостройка,Новый ремонт,Раздельный,Есть,Построено,Нет
1320000,3,117,15,Сино,Новостройка,Новый ремонт,Раздельный,Есть,Построено,Нет
1320000,3,93,12,И. Сомони,Новостройка,С ремонтом,Раздельный,Есть,Построено,Есть
1320500,3,104,14,И. Сомони,Новостройка,Новый ремонт,Раздельный,Есть,Построено,Есть
1321000,3,120,3,Другое,Новостройка,Без ремонта (коробка),Раздельный,Есть,Построено,Нет
1325000,3,127,3,Сино,Новостройка,Без ремонта (коробка),Раздельный,Есть,Построено,Нет
1325000,2,96,16,И. Сомони,Новостройка,Новый ремонт,Раздельный,Есть,Построено,Есть
1327000,3,137,16,Шохмансур,Новостройка,Без ремонта (коробка),Раздельный,Есть,Построено,Есть
1328000,2,96,8,Сино,Новостройка,Новый ремонт,Раздельный,Есть,Построено,Есть
1329000,3,137,16,И. Сомони,Новостройка,Без ремонта (коробка),Раздельный,Есть,Построено,Есть
1329000,3,137,16,Другое,Новостройка,Без ремонта (коробка),Раздельный,Есть,Построено,Есть
1329999,3,115,9,Сино,Новостройка,Новый ремонт,Раздельный,Есть,Построено,Нет
1330000,3,115,9,Сино,Новостройка,Новый ремонт,Совмещенный,Есть,Построено,Нет
1330000,3,96,9,Фирдавси,Новостройка,Новый ремонт,Совмещенный,Есть,Построено,Есть
1330000,3,110,13,И. Сомони,Новостройка,С ремонтом,Раздельный,Есть,Построено,Нет
1330000,4,122,4,Сино,Новостройка,С ремонтом,Раздельный,Есть,Построено,Нет
1330000,3,110,13,Шохмансур,Новостройка,Новый ремонт,Раздельный,Есть,Построено,Есть
1330000,3,120,9,Сино,Новостройка,Новый ремонт,Раздельный,Нет,Построено,Нет
1330000,3,100,12,Шохмансур,Новостройка,Новый ремонт,Совмещенный,Есть,Построено,Нет
1330000,3,110,13,Другое,Новостройка,С ремонтом,Раздельный,Есть,Построено,Нет
1330000,3,120,9,Сино,Новостройка,Новый ремонт,Раздельный,Есть,Построено,Нет
1330000,3,96,3,Другое,Новостройка,Новый ремонт,Раздельный,Есть,Построено,Есть
1330000,3,121,2,И. Сомони,Новостройка,Без ремонта (коробка),Раздельный,Есть,На стадии строительства,Нет
1330000,2,60,7,Другое,Новостройка,С ремонтом,Совмещенный,Есть,Построено,Есть
1330000,3,96,3,Другое,Новостройка,Новый ремонт,Раздельный,Есть,Построено,Нет
1330000,3,96,3,И. Сомони,Новостройка,Новый ремонт,Раздельный,Есть,Построено,Нет
1330000,2,60,7,И. Сомони,Новостройка,Новый ремонт,Раздельный,Есть,Построено,Есть
1330000,3,96,3,Другое,Новостройка,С ремонтом,Раздельный,Есть,Построено,Нет
1330000,3,135,9,Сино,Новостройка,С ремонтом,Раздельный,Есть,Построено,Нет
1330000,3,96,3,И. Сомони,Новостройка,С ремонтом,Раздельный,Есть,Построено,Нет
1330000,3,96,3,Шохмансур,Новостройка,Новый ремонт,Раздельный,Есть,Построено,Нет
1333333,3,115,13,Шохмансур,Новостройка,Без ремонта (коробка),Раздельный,Есть,Построено,Есть
1333800,2,144,7,Шохмансур,Новостройка,Без ремонта (коробка),Раздельный,Есть,На стадии строительства,Нет
1335000,3,96,3,Шохмансур,Новостройка,Новый ремонт,Раздельный,Есть,Построено,Нет
1335000,2,92,5,Другое,Новостройка,Новый ремонт,Совмещенный,Есть,Построено,Нет
1335000,3,127,13,Сино,Новостройка,Без ремонта (коробка),Раздельный,Есть,Построено,Нет
1335001,3,96,3,И. Сомони,Новостройка,Новый ремонт,Раздельный,Есть,Построено,Нет
1336000,2,144,13,Другое,Новостройка,Без ремонта (коробка),Раздельный,Нет,На стадии строительства,Нет
1336000,3,81,11,И. Сомони,Новостройка,Новый ремонт,Раздельный,Есть,Построено,Есть
1336500,3,81,11,И. Сомони,Новостройка,С ремонтом,Совмещенный,Есть,Построено,Есть
1336500,3,81,2,И. Сомони,Новостройка,Новый ремонт,Раздельный,Есть,Построено,Есть
1336500,3,81,11,Шохмансур,Новостройка,Новый ремонт,Раздельный,Есть,Построено,Есть
1337000,3,137,16,Шохмансур,Новостройка,Без ремонта (коробка),Раздельный,Есть,Построено,Есть
1337000,3,81,11,Шохмансур,Новостройка,Новый ремонт,Раздельный,Есть,Построено,Нет
1339000,3,120,14,Сино,Новостройка,Новый ремонт,Раздельный,Есть,Построено,Нет
1340000,3,137,16,И. Сомони,Новостройка,Без ремонта (коробка),Совмещенный,Есть,Построено,Есть
1340000,3,110,6,И. Сомони,Новостройка,Без ремонта (коробка),Раздельный,Есть,Построено,Нет
1340000,3,92,12,И. Сомони,Новостройка,Новый ремонт,Раздельный,Есть,Построено,Есть
1340000,2,92,5,И. Сомони,Новостройка,Новый ремонт,Раздельный,Есть,Построено,Нет
1340000,3,131,14,Шохмансур,Новостройка,Без ремонта (коробка),Раздельный,Есть,Построено,Есть
1340000,3,97,4,Сино,Новостройка,С ремонтом,Раздельный,Нет,Построено,Есть
1340000,3,132,17,Шохмансур,Новостройка,Без ремонта (коробка),Раздельный,Есть,Построено,Есть
1340000,2,92,5,Другое,Новостройка,С ремонтом,Совмещенный,Есть,Построено,Нет
1343000,4,114,4,Шохмансур,Новостройка,Новый ремонт,Раздельный,Есть,Построено,Есть
1344000,3,138,16,И. Сомони,Новостройка,Без ремонта (коробка),Раздельный,Есть,Построено,Есть
1344000,3,113,11,Фирдавси,Новостройка,Новый ремонт,Совмещенный,Есть,Построено,Есть
1345000,2,85,12,Шохмансур,Новостройка,Новый ремонт,Раздельный,Есть,Построено,Есть
1345000,3,113,12,Фирдавси,Новостройка,Новый ремонт,Совмещенный,Есть,Построено,Есть
1345000,3,113,12,Фирдавси,Новостройка,С ремонтом,Совмещенный,Есть,Построено,Есть
1345001,2,85,12,Шохмансур,Новостройка,С ремонтом,Раздельный,Есть,Построено,Есть
1348000,3,150,18,Шохмансур,Новостройка,Без ремонта (коробка),Раздельный,Есть,Построено,Есть
1348000,4,114,4,Шохмансур,Новостройка,С ремонтом,Раздельный,Есть,Построено,Есть
1348000,3,130,4,Другое,Новостройка,Без ремонта (коробка),Раздельный,Есть,На стадии строительства,Нет
1349000,2,107,13,Другое,Новостройка,Новый ремонт,Раздельный,Есть,Построено,Есть
1349000,4,114,4,Шохмансур,Новостройка,Новый ремонт,Раздельный,Есть,Построено,Есть
1349999,3,107,3,Шохмансур,Новостройка,Без ремонта (коробка),Раздельный,Есть,Построено,Нет
1350000,2,160,17,Шохмансур,Новостройка,Новый ремонт,Совмещенный,Есть,Построено,Нет
1350000,3,106,6,Сино,Новостройка,С ремонтом,Раздельный,Есть,Построено,Есть
1350000,3,93,12,И. Сомони,Новостройка,Новый ремонт,Раздельный,Есть,Построено,Есть
1350000,3,132,14,Другое,Новостройка,Без ремонта (коробка),Раздельный,Есть,Построено,Есть
1350000,2,96,8,Сино,Новостройка,Новый ремонт,Раздельный,Есть,Построено,Есть
1350000,3,115,3,И. Сомони,Новостройка,С ремонтом,Совмещенный,Есть,Построено,Нет
1350000,2,82,8,Сино,Новостройка,Новый ремонт,Раздельный,Есть,Построено,Нет
1350000,4,122,4,Сино,Новостройка,С ремонтом,Раздельный,Есть,Построено,Нет
1350000,3,117,18,Шохмансур,Новостройка,Новый ремонт,Раздельный,Есть,Построено,Нет
1350000,3,85,4,Шохмансур,Новостройка,Новый ремонт,Раздельный,Есть,Построено,Нет
1350000,3,101,10,Шохмансур,Новостройка,Новый ремонт,Совмещенный,Есть,Построено,Нет
1350000,2,82,8,Сино,Новостройка,С ремонтом,Раздельный,Есть,Построено,Нет
1350000,3,130,6,Шохмансур,Новостройка,Без ремонта (коробка),Раздельный,Нет,Построено,Нет
1350000,4,100,2,Сино,Новостройка,Новый ремонт,Раздельный,Есть,Построено,Нет
1350000,5,100,2,Фирдавси,Вторичный рынок,С ремонтом,Раздельный,Нет,Построено,Есть
1350000,2,82,8,Сино,Новостройка,Новый ремонт,Раздельный,Есть,Построено,Есть
1350000,3,103,14,Сино,Новостройка,Новый ремонт,Раздельный,Есть,Построено,Есть
1350000,3,110,9,Сино,Новостройка,Новый ремонт,Раздельный,Есть,Построено,Есть
1350000,3,119,12,Другое,Новостройка,Без ремонта (коробка),Раздельный,Есть,Построено,Нет
1350000,4,122,4,Сино,Новостройка,С ремонтом,Совмещенный,Есть,Построено,Нет
1350000,4,107,3,Сино,Новостройка,Новый ремонт,Раздельный,Есть,Построено,Нет
1350000,3,102,14,Сино,Новостройка,Новый ремонт,Раздельный,Есть,Построено,Нет
1350000,2,107,13,Шохмансур,Новостройка,С ремонтом,Совмещенный,Есть,Построено,Нет
1350000,2,100,10,Шохмансур,Новостройка,Новый ремонт,Совмещенный,Есть,Построено,Есть
1350000,3,113,12,Фирдавси,Новостройка,Новый ремонт,Совмещенный,Есть,Построено,Есть
1350000,2,70,8,И. Сомони,Новостройка,Новый ремонт,Раздельный,Есть,Построено,Нет
1350000,3,100,13,Сино,Новостройка,Новый ремонт,Раздельный,Есть,Построено,Есть
1350000,3,87,4,И. Сомони,Новостройка,Без ремонта (коробка),Совмещенный,Есть,Построено,Есть
1350000,4,160,13,Другое,Новостройка,Без ремонта (коробка),Раздельный,Есть,Построено,Нет
1350000,2,76,4,Другое,Новостройка,С ремонтом,Раздельный,Есть,Построено,Нет
1350000,3,101,2,Сино,Новостройка,С ремонтом,Раздельный,Есть,Построено,Есть
1350000,2,85,1,Другое,Новостройка,Без ремонта (коробка),Раздельный,Есть,Построено,Есть
1350000,3,160,17,Другое,Новостройка,Новый ремонт,Совмещенный,Есть,Построено,Есть
1350000,2,81,11,Другое,Новостройка,Новый ремонт,Раздельный,Есть,Построено,Есть
1350000,2,91,14,И. Сомони,Новостройка,Новый ремонт,Раздельный,Есть,Построено,Есть
1350000,3,82,8,Сино,Новостройка,Новый ремонт,Раздельный,Есть,Построено,Нет
1350000,3,129,6,Шохмансур,Новостройка,Без ремонта (коробка),Раздельный,Есть,На стадии строительства,Нет
1350000,3,106,6,Сино,Новостройка,Новый ремонт,Раздельный,Есть,Построено,Есть
1350000,3,95,8,Шохмансур,Новостройка,Новый ремонт,Совмещенный,Есть,Построено,Нет
1350000,4,122,4,Сино,Новостройка,Новый ремонт,Совмещенный,Есть,Построено,Есть
1350000,2,80,17,Шохмансур,Новостройка,Новый ремонт,Раздельный,Есть,Построено,Нет
1350000,3,160,17,Шохмансур,Новостройка,С ремонтом,Совмещенный,Есть,Построено,Нет
1350000,3,110,6,И. Сомони,Новостройка,Без ремонта (коробка),Раздельный,Есть,Построено,Нет
1350000,3,160,17,Шохмансур,Новостройка,Новый ремонт,Совмещенный,Есть,Построено,Есть
1350000,3,100,12,И. Сомони,Новостройка,Без ремонта (коробка),Раздельный,Есть,Построено,Нет
1350000,3,101,10,Шохмансур,Новостройка,Новый ремонт,Раздельный,Есть,Построено,Нет
1350000,2,160,17,Шохмансур,Новостройка,Новый ремонт,Совмещенный,Есть,Построено,Есть
1350000,3,132,14,Шохмансур,Новостройка,Без ремонта (коробка),Раздельный,Есть,Построено,Есть
1350000,5,100,2,Сино,Вторичный рынок,Новый ремонт,Раздельный,Есть,Построено,Есть
1350500,3,132,18,Шохмансур,Новостройка,Без ремонта (коробка),Раздельный,Есть,Построено,Есть
1358000,4,157,18,И. Сомони,Новостройка,Без ремонта (коробка),Совмещенный,Нет,Построено,Нет
1360000,2,96,4,Шохмансур,Новостройка,С ремонтом,Раздельный,Есть,Построено,Есть
1360000,3,111,7,Шохмансур,Новостройка,Без ремонта (коробка),Раздельный,Есть,На стадии строительства,Есть
1360000,2,96,4,Шохмансур,Новостройка,С ремонтом,Совмещенный,Есть,Построено,Есть
1360000,3,152,3,Сино,Новостройка,Без ремонта (коробка),Раздельный,Есть,Построено,Нет
1360000,2,96,4,Шохмансур,Новостройка,Новый ремонт,Раздельный,Есть,Построено,Есть
1360000,2,96,4,Шохмансур,Новостройка,Новый ремонт,Совмещенный,Есть,Построено,Есть
1360000,3,110,2,Сино,Новостройка,С ремонтом,Раздельный,Есть,Построено,Есть
1360000,3,90,8,И. Сомони,Новостройка,Новый ремонт,Совмещенный,Есть,Построено,Есть
1360000,3,132,17,Шохмансур,Новостройка,Без ремонта (коробка),Раздельный,Есть,Построено,Есть
1360000,3,100,10,Сино,Новостройка,Новый ремонт,Совмещенный,Есть,Построено,Нет
1360000,3,138,16,Другое,Новостройка,Без ремонта (коробка),Раздельный,Есть,Построено,Есть
1360000,3,173,9,Шохмансур,Новостройка,Без ремонта (коробка),Раздельный,Есть,Построено,Нет
1360000,3,131,17,Шохмансур,Новостройка,Без ремонта (коробка),Раздельный,Есть,Построено,Есть
1365000,3,95,3,Другое,Новостройка,Новый ремонт,Раздельный,Есть,Построено,Есть
1365000,2,107,13,Шохмансур,Новостройка,Новый ремонт,Раздельный,Есть,Построено,Есть
1366000,2,92,3,И. Сомони,Новостройка,Новый ремонт,Совмещенный,Есть,Построено,Нет
1367000,2,90,11,И. Сомони,Новостройка,Новый ремонт,Раздельный,Есть,Построено,Есть
1369000,1,109,11,Шохмансур,Новостройка,Новый ремонт,Раздельный,Есть,Построено,Есть
1369000,3,108,5,Сино,Новостройка,Новый ремонт,Совмещенный,Есть,Построено,Нет
1370000,2,90,11,И. Сомони,Новостройка,Новый ремонт,Раздельный,Есть,Построено,Есть
1370000,4,122,4,Сино,Новостройка,Новый ремонт,Раздельный,Есть,Построено,Нет
1370000,3,115,14,Шохмансур,Новостройка,С ремонтом,Раздельный,Есть,Построено,Есть
1370000,3,123,5,И. Сомони,Новостройка,Без ремонта (коробка),Раздельный,Есть,Построено,Нет
1370000,3,108,5,Сино,Новостройка,Новый ремонт,Раздельный,Есть,Построено,Нет
1370000,4,122,4,Сино,Новостройка,Новый ремонт,Раздельный,Есть,Построено,Есть
1370000,3,108,5,Сино,Новостройка,Новый ремонт,Совмещенный,Есть,Построено,Нет
1370000,4,122,4,Сино,Новостройка,Новый ремонт,Совмещенный,Есть,Построено,Нет
1370000,4,122,4,Сино,Новостройка,С ремонтом,Раздельный,Есть,Построено,Нет
1370000,3,95,11,И. Сомони,Новостройка,Новый ремонт,Раздельный,Есть,Построено,Нет
1370000,2,107,13,Шохмансур,Новостройка,Новый ремонт,Раздельный,Есть,Построено,Есть
1370000,3,115,3,И. Сомони,Новостройка,Новый ремонт,Раздельный,Есть,Построено,Нет
1370000,3,90,7,Шохмансур,Новостройка,Новый ремонт,Раздельный,Есть,Построено,Нет
1370000,3,95,9,И. Сомони,Новостройка,Новый ремонт,Раздельный,Есть,Построено,Нет
1370000,3,100,10,Сино,Новостройка,С ремонтом,Совмещенный,Есть,Построено,Нет
1370000,4,159,18,И. Сомони,Новостройка,Без ремонта (коробка),Раздельный,Есть,Построено,Есть
1370000,4,120,9,Другое,Новостройка,Без ремонта (коробка),Раздельный,Есть,Построено,Нет
1372000,3,123,5,И. Сомони,Новостройка,Без ремонта (коробка),Раздельный,Есть,Построено,Нет
1372680,3,123,5,Другое,Новостройка,Без ремонта (коробка),Раздельный,Есть,Построено,Нет
1373000,3,102,9,Шохмансур,Новостройка,Новый ремонт,Совмещенный,Есть,Построено,Есть
1375000,2,90,11,И. Сомони,Новостройка,Новый ремонт,Раздельный,Есть,Построено,Нет
1375000,3,166,11,И. Сомони,Новостройка,Без ремонта (коробка),Раздельный,Есть,На стадии строительства,Нет
1376000,3,95,11,И. Сомони,Новостройка,Новый ремонт,Совмещенный,Есть,Построено,Нет
1377000,2,92,3,И. Сомони,Новостройка,Новый ремонт,Совмещенный,Есть,Построено,Нет
1377000,3,105,9,Шохмансур,Новостройка,Новый ремонт,Раздельный,Есть,Построено,Есть
1380000,3,90,8,И. Сомони,Новостройка,Новый ремонт,Раздельный,Есть,Построено,Есть
1380000,3,90,8,Другое,Новостройка,Новый ремонт,Раздельный,Есть,Построено,Есть
1380000,4,202,13,Шохмансур,Новостройка,Без ремонта (коробка),Раздельный,Есть,Построено,Есть
1380000,3,100,3,Шохмансур,Новостройка,Новый ремонт,Раздельный,Есть,Построено,Нет
1380000,4,158,13,Шохмансур,Новостройка,Без ремонта (коробка),Раздельный,Есть,На стадии строительства,Нет
1380000,3,82,8,Сино,Новостройка,Новый ремонт,Раздельный,Есть,Построено,Нет
1380000,4,99,5,Фирдавси,Вторичный рынок,С ремонтом,Раздельный,Есть,Построено,Есть
1380000,3,100,8,Шохмансур,Новостройка,С ремонтом,Совмещенный,Есть,Построено,Есть
1381000,2,96,4,Шохмансур,Новостройка,Новый ремонт,Раздельный,Есть,Построено,Есть
1383000,4,124,4,Другое,Новостройка,Без ремонта (коробка),Раздельный,Есть,Построено,Нет
1383000,4,124,4,И. Сомони,Новостройка,Без ремонта (коробка),Раздельный,Есть,На стадии строительства,Нет
1383000,4,124,4,И. Сомони,Новостройка,Без ремонта (коробка),Раздельный,Есть,Построено,Нет
1385000,3,95,9,И. Сомони,Новостройка,Новый ремонт,Раздельный,Есть,Построено,Есть
1385000,2,89,12,И. Сомони,Новостройка,Новый ремонт,Раздельный,Есть,Построено,Нет
1385000,3,101,11,Другое,Новостройка,Новый ремонт,Раздельный,Есть,Построено,Нет
1385000,3,100,5,Шохмансур,Новостройка,Новый ремонт,Совмещенный,Нет,Построено,Нет
1386000,3,95,11,Другое,Новостройка,Новый ремонт,Раздельный,Нет,Построено,Есть
1386000,3,117,15,Сино,Новостройка,Новый ремонт,Раздельный,Есть,Построено,Нет
1390000,3,130,5,Другое,Новостройка,Без ремонта (коробка),Раздельный,Есть,Построено,Нет
1390000,2,100,12,И. Сомони,Новостройка,Новый ремонт,Раздельный,Есть,Построено,Нет
1390000,3,106,14,Другое,Новостройка,Новый ремонт,Раздельный,Есть,Построено,Есть
1390000,4,110,4,Шохмансур,Новостройка,Новый ремонт,Раздельный,Есть,Построено,Есть
1390000,2,92,5,И. Сомони,Новостройка,Новый ремонт,Раздельный,Есть,Построено,Нет
1390000,3,130,5,И. Сомони,Новостройка,Без ремонта (коробка),Раздельный,Есть,Построено,Нет
1390000,4,147,15,Фирдавси,Новостройка,Без ремонта (коробка),Раздельный,Есть,Построено,Есть
1390000,3,93,12,Шохмансур,Новостройка,Новый ремонт,Раздельный,Есть,Построено,Есть
1390000,3,87,11,Шохмансур,Новостройка,Новый ремонт,Раздельный,Есть,Построено,Есть
1390000,3,130,5,И. Сомони,Новостройка,Без ремонта (коробка),Раздельный,Есть,На стадии строительства,Нет
1390350,3,115,6,Другое,Новостройка,Без ремонта (коробка),Раздельный,Есть,Построено,Нет
1392000,3,95,9,И. Сомони,Новостройка,Новый ремонт,Раздельный,Есть,Построено,Нет
1395000,2,92,2,Сино,Новостройка,Новый ремонт,Раздельный,Есть,Построено,Нет
1395000,3,120,14,Шохмансур,Новостройка,Новый ремонт,Раздельный,Есть,Построено,Есть
1395000,3,100,6,Сино,Новостройка,Новый ремонт,Раздельный,Есть,Построено,Есть
1395000,3,100,12,Другое,Новостройка,Новый ремонт,Раздельный,Есть,Построено,Нет
1395000,3,110,4,Шохмансур,Новостройка,С ремонтом,Раздельный,Есть,Построено,Есть
1395000,3,100,12,И. Сомони,Новостройка,Новый ремонт,Раздельный,Есть,Построено,Нет
1395000,2,100,12,И. Сомони,Новостройка,Новый ремонт,Раздельный,Есть,Построено,Нет
1395000,3,100,5,Сино,Новостройка,Новый ремонт,Раздельный,Есть,Построено,Нет
1396000,3,98,1,Другое,Новостройка,Без ремонта (коробка),Раздельный,Есть,Построено,Нет
1398000,4,110,4,Шохмансур,Новостройка,С ремонтом,Раздельный,Есть,Построено,Есть
1398000,3,108,15,Шохмансур,Новостройка,С ремонтом,Совмещенный,Есть,Построено,Нет
1399000,3,96,3,Шохмансур,Новостройка,Новый ремонт,Совмещенный,Есть,Построено,Есть
1400000,3,93,12,Другое,Новостройка,Новый ремонт,Совмещенный,Есть,Построено,Есть
1400000,2,103,18,Шохмансур,Новостройка,Новый ремонт,Раздельный,Есть,Построено,Есть
1400000,3,96,11,Шохмансур,Новостройка,Новый ремонт,Раздельный,Есть,Построено,Нет
1400000,3,101,8,Фирдавси,Новостройка,Новый ремонт,Раздельный,Нет,Построено,Нет
1400000,3,111,7,Шохмансур,Новостройка,Без ремонта (коробка),Раздельный,Есть,На стадии строительства,Нет
1400000,3,106,6,Сино,Новостройка,С ремонтом,Раздельный,Есть,Построено,Есть
1400000,2,91,5,И. Сомони,Новостройка,Новый ремонт,Раздельный,Есть,Построено,Нет
1400000,3,96,8,Другое,Новостройка,Новый ремонт,Раздельный,Есть,Построено,Есть
1400000,3,101,8,Фирдавси,Новостройка,Новый ремонт,Раздельный,Есть,Построено,Нет
1400000,3,101,4,Другое,Новостройка,С ремонтом,Совмещенный,Есть,Построено,Нет
1400000,3,102,10,Шохмансур,Новостройка,С ремонтом,Раздельный,Есть,Построено,Есть
1400000,3,85,17,И. Сомони,Новостройка,Новый ремонт,Раздельный,Есть,Построено,Есть
1400000,3,100,6,Сино,Новостройка,Новый ремонт,Раздельный,Есть,Построено,Есть
1400000,4,143,19,Другое,Новостройка,Новый ремонт,Раздельный,Есть,Построено,Есть
1400000,3,250,11,Сино,Новостройка,Новый ремонт,Раздельный,Есть,Построено,Есть
1400000,3,100,8,И. Сомони,Новостройка,Новый ремонт,Раздельный,Есть,Построено,Есть
1400000,3,110,4,Шохмансур,Новостройка,С ремонтом,Раздельный,Есть,Построено,Есть
1400000,4,126,2,Сино,Новостройка,Новый ремонт,Раздельный,Есть,Построено,Есть
1400000,4,90,2,И. Сомони,Вторичный рынок,С ремонтом,Совмещенный,Есть,Построено,Есть
1400000,6,126,3,Сино,Вторичный рынок,С ремонтом,Раздельный,Есть,Построено,Есть
1400000,3,108,5,Сино,Новостройка,Новый ремонт,Совмещенный,Есть,Построено,Нет
1400000,3,104,6,Шохмансур,Новостройка,Новый ремонт,Раздельный,Есть,Построено,Нет
1400000,2,72,2,Другое,Новостройка,Новый ремонт,Раздельный,Есть,Построено,Есть
1400000,3,93,12,И. Сомони,Новостройка,Новый ремонт,Совмещенный,Есть,Построено,Есть
1400000,3,96,3,Шохмансур,Новостройка,Новый ремонт,Раздельный,Есть,Построено,Есть
1400000,3,137,18,Шохмансур,Новостройка,Без ремонта (коробка),Раздельный,Есть,Построено,Есть
1400000,2,116,9,Сино,Новостройка,Новый ремонт,Раздельный,Есть,Построено,Есть
1400000,3,101,11,Фирдавси,Новостройка,Новый ремонт,Раздельный,Есть,Построено,Нет
1400000,3,96,11,И. Сомони,Новостройка,Новый ремонт,Раздельный,Есть,Построено,Нет
1400000,3,106,10,Сино,Новостройка,Новый ремонт,Совмещенный,Есть,Построено,Есть
1400000,3,94,4,Шохмансур,Новостройка,Новый ремонт,Раздельный,Есть,Построено,Нет
1400000,2,110,8,Шохмансур,Новостройка,Новый ремонт,Раздельный,Есть,Построено,Есть
1400000,3,96,3,Шохмансур,Новостройка,С ремонтом,Совмещенный,Есть,Построено,Есть
1400000,4,120,4,Шохмансур,Новостройка,Новый ремонт,Раздельный,Есть,Построено,Есть
1400000,3,97,10,Сино,Новостройка,Новый ремонт,Раздельный,Есть,Построено,Есть
1400000,3,88,2,Сино,Новостройка,С ремонтом,Раздельный,Есть,Построено,Есть
1400000,2,96,4,И. Сомони,Новостройка,Новый ремонт,Раздельный,Есть,Построено,Есть
1400000,3,131,14,Шохмансур,Новостройка,Без ремонта (коробка),Совмещенный,Есть,Построено,Есть
1400000,3,147,17,И. Сомони,Новостройка,Без ремонта (коробка),Раздельный,Есть,Построено,Есть
1400001,3,96,11,И. Сомони,Новостройка,Новый ремонт,Раздельный,Нет,Построено,Нет
1400001,3,90,7,Другое,Новостройка,Новый ремонт,Раздельный,Есть,Построено,Нет
1400001,3,107,9,И. Сомони,Новостройка,Новый ремонт,Совмещенный,Есть,Построено,Есть
1401000,3,132,13,Шохмансур,Новостройка,Без ремонта (коробка),Раздельный,Есть,Построено,Есть
1403000,5,97,1,Сино,Вторичный рынок,Новый ремонт,Раздельный,Есть,Построено,Есть
1403000,3,94,4,Шохмансур,Новостройка,Новый ремонт,Раздельный,Есть,Построено,Нет
1404000,2,118,15,Шохмансур,Новостройка,Новый ремонт,Раздельный,Есть,Построено,Есть
1404300,3,93,12,И. Сомони,Новостройка,Новый ремонт,Раздельный,Есть,Построено,Есть
1405000,3,93,12,И. Сомони,Новостройка,Новый ремонт,Раздельный,Есть,Построено,Есть
1406000,4,160,19,Другое,Новостройка,Без ремонта (коробка),Раздельный,Есть,Построено,Нет
1406001,4,159,18,И. Сомони,Новостройка,Без ремонта (коробка),Совмещенный,Есть,Построено,Есть
1406997,3,123,15,Другое,Новостройка,Новый ремонт,Раздельный,Есть,Построено,Есть
1407000,2,92,3,И. Сомони,Новостройка,Новый ремонт,Совмещенный,Есть,Построено,Нет
1410000,3,108,5,Сино,Новостройка,Новый ремонт,Совмещенный,Есть,Построено,Нет
1410000,4,202,13,Шохмансур,Новостройка,Без ремонта (коробка),Раздельный,Есть,Построено,Есть
1410000,3,93,12,И. Сомони,Новостройка,Новый ремонт,Совмещенный,Есть,Построено,Есть
1411000,3,104,8,Сино,Новостройка,Новый ремонт,Раздельный,Есть,Построено,Есть
1412000,3,92,12,Другое,Новостройка,Новый ремонт,Раздельный,Есть,Построено,Есть
1412000,3,92,12,Другое,Новостройка,Новый ремонт,Совмещенный,Есть,Построено,Есть
1413000,3,101,9,Шохмансур,Новостройка,Новый ремонт,Раздельный,Есть,Построено,Есть
1413000,3,94,4,Другое,Новостройка,Новый ремонт,Совмещенный,Есть,Построено,Нет
1415000,3,104,14,Шохмансур,Новостройка,Новый ремонт,Раздельный,Есть,Построено,Есть
1415000,3,101,9,Шохмансур,Новостройка,Новый ремонт,Совмещенный,Есть,Построено,Есть
1420000,3,115,18,И. Сомони,Новостройка,С ремонтом,Совмещенный,Есть,Построено,Есть
1420000,2,101,9,Шохмансур,Новостройка,Новый ремонт,Совмещенный,Есть,Построено,Есть
1420000,3,116,17,Шохмансур,Новостройка,Новый ремонт,Раздельный,Есть,Построено,Есть
1420000,2,106,13,Шохмансур,Новостройка,С ремонтом,Раздельный,Есть,Построено,Нет
1420000,3,123,15,Другое,Новостройка,Новый ремонт,Раздельный,Есть,Построено,Нет
1420000,3,94,4,Шохмансур,Новостройка,Новый ремонт,Совмещенный,Есть,Построено,Нет
1420000,2,106,13,Шохмансур,Новостройка,Новый ремонт,Раздельный,Есть,Построено,Есть
1420000,3,137,12,Сино,Новостройка,Без ремонта (коробка),Раздельный,Есть,Построено,Нет
1425000,4,143,14,Сино,Новостройка,Без ремонта (коробка),Раздельный,Есть,Построено,Нет
1425000,3,104,11,И. Сомони,Новостройка,Новый ремонт,Раздельный,Есть,Построено,Нет
1425000,3,105,2,И. Сомони,Новостройка,Новый ремонт,Раздельный,Нет,Построено,Есть
1425000,3,153,12,Сино,Новостройка,Без ремонта (коробка),Раздельный,Есть,На стадии строительства,Есть
1425000,4,143,19,Другое,Новостройка,С ремонтом,Раздельный,Есть,Построено,Есть
1425000,4,153,12,Сино,Новостройка,Без ремонта (коробка),Раздельный,Есть,На стадии строительства,Есть
1425690,4,146,9,Другое,Новостройка,Без ремонта (коробка),Раздельный,Нет,Построено,Нет
1426000,3,100,2,Сино,Вторичный рынок,С ремонтом,Раздельный,Есть,Построено,Есть
1429000,3,124,15,И. Сомони,Новостройка,Новый ремонт,Раздельный,Есть,Построено,Нет
1430000,3,105,7,Сино,Новостройка,Новый ремонт,Раздельный,Есть,Построено,Есть
1430000,4,99,5,Фирдавси,Вторичный рынок,С ремонтом,Раздельный,Есть,Построено,Есть
1430000,3,123,15,Шохмансур,Новостройка,Новый ремонт,Раздельный,Есть,Построено,Нет
1430000,2,107,13,Шохмансур,Новостройка,Новый ремонт,Раздельный,Есть,Построено,Есть
1430002,3,105,7,Сино,Новостройка,Новый ремонт,Раздельный,Есть,Построено,Есть
1440000,3,126,4,Другое,Новостройка,Без ремонта (коробка),Раздельный,Есть,Построено,Есть
1440000,3,109,12,Сино,Новостройка,Новый ремонт,Раздельный,Нет,Построено,Есть
1440000,2,100,12,И. Сомони,Новостройка,Новый ремонт,Раздельный,Есть,Построено,Нет
1440000,2,88,12,Другое,Новостройка,Новый ремонт,Раздельный,Есть,Построено,Нет
1440000,2,88,12,И. Сомони,Новостройка,Новый ремонт,Раздельный,Есть,Построено,Нет
1440000,3,102,10,Шохмансур,Новостройка,С ремонтом,Раздельный,Есть,Построено,Есть
1440000,2,120,15,Шохмансур,Новостройка,Новый ремонт,Раздельный,Есть,Построено,Есть
1440000,3,153,8,Другое,Новостройка,Без ремонта (коробка),Раздельный,Есть,Построено,Нет
1441500,3,130,3,Другое,Вторичный рынок,С ремонтом,Раздельный,Есть,Построено,Есть
1442000,3,118,10,Шохмансур,Новостройка,Новый ремонт,Раздельный,Есть,Построено,Нет
1448000,3,94,11,И. Сомони,Новостройка,Новый ремонт,Раздельный,Есть,Построено,Есть
1450000,3,101,11,Фирдавси,Новостройка,Новый ремонт,Раздельный,Есть,Построено,Нет
1450000,3,160,17,Другое,Новостройка,Новый ремонт,Совмещенный,Есть,Построено,Есть
1450000,3,100,7,Другое,Новостройка,Новый ремонт,Раздельный,Есть,Построено,Есть
1450000,3,138,6,Другое,Новостройка,Без ремонта (коробка),Раздельный,Есть,Построено,Нет
1450000,3,120,12,Фирдавси,Новостройка,Новый ремонт,Раздельный,Есть,Построено,Есть
1450000,3,101,8,Сино,Новостройка,Новый ремонт,Раздельный,Есть,Построено,Нет
1450000,2,107,8,Другое,Новостройка,Новый ремонт,Раздельный,Есть,Построено,Есть
1450000,3,100,7,Шохмансур,Вторичный рынок,Новый ремонт,Раздельный,Есть,Построено,Есть
1450000,2,105,5,И. Сомони,Новостройка,Новый ремонт,Раздельный,Есть,Построено,Есть
1450000,3,110,8,И. Сомони,Новостройка,Новый ремонт,Раздельный,Есть,Построено,Есть
1450000,3,94,11,Другое,Новостройка,Новый ремонт,Раздельный,Есть,Построено,Нет
1450000,4,99,5,Фирдавси,Вторичный рынок,С ремонтом,Раздельный,Есть,Построено,Есть
1450000,3,96,3,Другое,Новостройка,Новый ремонт,Раздельный,Есть,Построено,Есть
1450000,3,95,9,Другое,Новостройка,Новый ремонт,Раздельный,Есть,Построено,Нет
1450000,5,125,5,Сино,Новостройка,Без ремонта (коробка),Раздельный,Есть,Построено,Нет
1450000,3,95,9,И. Сомони,Новостройка,Новый ремонт,Раздельный,Есть,Построено,Есть
1450000,3,105,7,Сино,Новостройка,Новый ремонт,Раздельный,Есть,Построено,Есть
1450000,3,101,8,Сино,Новостройка,Новый ремонт,Совмещенный,Есть,Построено,Нет
1450000,4,118,11,Сино,Новостройка,Новый ремонт,Раздельный,Есть,Построено,Нет
1450000,2,77,7,Шохмансур,Новостройка,Новый ремонт,Совмещенный,Есть,Построено,Нет
1450000,3,100,7,И. Сомони,Новостройка,С ремонтом,Раздельный,Есть,Построено,Есть
1450000,3,100,7,И. Сомони,Новостройка,Новый ремонт,Раздельный,Есть,Построено,Есть
1450000,2,91,3,И. Сомони,Новостройка,Новый ремонт,Раздельный,Есть,Построено,Нет
1450000,2,62,2,И. Сомони,Новостройка,Новый ремонт,Раздельный,Есть,Построено,Есть
1453000,3,136,19,И. Сомони,Новостройка,Новый ремонт,Совмещенный,Есть,Построено,Нет
1454800,3,110,9,И. Сомони,Новостройка,Новый ремонт,Раздельный,Есть,Построено,Нет
1455000,3,101,8,Фирдавси,Новостройка,Без ремонта (коробка),Раздельный,Есть,Построено,Нет
1455000,3,101,8,Фирдавси,Новостройка,Новый ремонт,Раздельный,Есть,Построено,Нет
1455555,3,142,12,И. Сомони,Новостройка,Без ремонта (коробка),Раздельный,Есть,Построено,Есть
1460000,4,127,14,Сино,Новостройка,Новый ремонт,Раздельный,Есть,Построено,Нет
1460000,2,98,4,И. Сомони,Новостройка,Новый ремонт,Раздельный,Есть,Построено,Есть
1460000,4,148,8,Шохмансур,Новостройка,Без ремонта (коробка),Раздельный,Есть,Построено,Нет
1465000,2,91,3,Другое,Новостройка,Новый ремонт,Совмещенный,Есть,Построено,Нет
1465000,2,91,3,Другое,Новостройка,С ремонтом,Совмещенный,Есть,Построено,Нет
1465000,2,91,3,И. Сомони,Новостройка,Новый ремонт,Совмещенный,Есть,Построено,Нет
1466000,4,158,6,И. Сомони,Новостройка,Без ремонта (коробка),Раздельный,Нет,Построено,Нет
1466000,3,130,11,Другое,Новостройка,Без ремонта (коробка),Раздельный,Есть,Построено,Есть
1468000,2,98,4,И. Сомони,Новостройка,Новый ремонт,Раздельный,Есть,Построено,Есть
1469000,2,98,4,Другое,Новостройка,Новый ремонт,Раздельный,Есть,Построено,Есть
1469000,3,96,8,Шохмансур,Новостройка,Новый ремонт,Раздельный,Есть,Построено,Есть
1469400,3,98,8,Шохмансур,Новостройка,Новый ремонт,Раздельный,Есть,Построено,Есть
1469400,3,96,8,Шохмансур,Новостройка,Новый ремонт,Раздельный,Есть,Построено,Есть
1470000,4,128,14,Сино,Новостройка,Новый ремонт,Совмещенный,Есть,Построено,Нет
1470000,4,128,14,Сино,Новостройка,Новый ремонт,Раздельный,Есть,Построено,Нет
1470000,3,96,8,Шохмансур,Новостройка,Без ремонта (коробка),Раздельный,Есть,Построено,Нет
1470000,3,111,5,И. Сомони,Новостройка,Новый ремонт,Раздельный,Есть,Построено,Нет
1470000,3,120,13,Сино,Новостройка,Новый ремонт,Раздельный,Есть,Построено,Есть
1470000,2,91,2,И. Сомони,Новостройка,Новый ремонт,Раздельный,Есть,Построено,Нет
1470000,2,91,3,И. Сомони,Новостройка,Новый ремонт,Совмещенный,Есть,Построено,Нет
1472921,2,128,14,Другое,Новостройка,Без ремонта (коробка),Раздельный,Есть,На стадии строительства,Нет
1475000,4,143,11,Сино,Новостройка,Без ремонта (коробка),Раздельный,Есть,Построено,Нет
1476000,3,136,19,И. Сомони,Новостройка,Новый ремонт,Раздельный,Есть,Построено,Есть
1476000,3,136,19,И. Сомони,Новостройка,Новый ремонт,Раздельный,Есть,Построено,Нет
1480000,3,150,1,Сино,Новостройка,С ремонтом,Раздельный,Есть,Построено,Есть
1480000,3,163,16,Шохмансур,Новостройка,Без ремонта (коробка),Раздельный,Есть,Построено,Нет
1480000,2,84,16,Шохмансур,Новостройка,Новый ремонт,Раздельный,Есть,Построено,Есть
1480000,4,159,18,И. Сомони,Новостройка,Без ремонта (коробка),Раздельный,Нет,На стадии строительства,Нет
1480000,3,111,5,И. Сомони,Новостройка,Новый ремонт,Раздельный,Есть,Построено,Нет
1480000,2,92,3,И. Сомони,Новостройка,С ремонтом,Раздельный,Есть,Построено,Нет
1480000,3,97,7,Сино,Новостройка,С ремонтом,Совмещенный,Есть,Построено,Есть
1480000,4,132,14,Шохмансур,Новостройка,Новый ремонт,Раздельный,Есть,Построено,Нет
1480000,3,100,11,Сино,Новостройка,Новый ремонт,Раздельный,Есть,Построено,Есть
1480000,3,117,6,Сино,Новостройка,Новый ремонт,Раздельный,Есть,Построено,Есть
1485000,3,136,19,И. Сомони,Новостройка,Новый ремонт,Совмещенный,Есть,Построено,Нет
1486000,3,136,12,Шохмансур,Новостройка,Без ремонта (коробка),Раздельный,Есть,Построено,Нет
1488000,3,111,5,Другое,Новостройка,Новый ремонт,Совмещенный,Есть,Построено,Нет
1488000,3,111,5,И. Сомони,Новостройка,Новый ремонт,Раздельный,Есть,Построено,Нет
1488000,3,100,1,Другое,Вторичный рынок,С ремонтом,Совмещенный,Есть,Построено,Есть
1489000,4,157,5,Шохмансур,Новостройка,Без ремонта (коробка),Раздельный,Есть,Построено,Нет
1489302,4,157,5,Шохмансур,Новостройка,Без ремонта (коробка),Раздельный,Есть,На стадии строительства,Нет
1490000,4,120,1,Другое,Вторичный рынок,С ремонтом,Совмещенный,Есть,Построено,Есть
1490000,3,111,5,И. Сомони,Новостройка,Новый ремонт,Раздельный,Есть,Построено,Нет
1490000,3,120,12,Сино,Новостройка,Новый ремонт,Раздельный,Есть,Построено,Есть
1490000,3,127,12,Шохмансур,Новостройка,Новый ремонт,Раздельный,Есть,Построено,Нет
1490000,3,130,14,И. Сомони,Новостройка,С ремонтом,Раздельный,Есть,Построено,Нет
1495000,3,138,8,Сино,Новостройка,Без ремонта (коробка),Совмещенный,Есть,Построено,Нет
1499000,3,119,9,И. Сомони,Новостройка,Новый ремонт,Раздельный,Есть,Построено,Есть
1499000,5,100,2,Сино,Вторичный рынок,С ремонтом,Раздельный,Есть,Построено,Есть
1499000,3,110,3,И. Сомони,Новостройка,С ремонтом,Раздельный,Есть,Построено,Есть
1499000,2,92,5,Другое,Новостройка,Новый ремонт,Совмещенный,Нет,Построено,Нет
1499999,4,157,5,Шохмансур,Новостройка,Без ремонта (коробка),Раздельный,Есть,Построено,Нет
1499999,4,157,18,Шохмансур,Новостройка,Без ремонта (коробка),Раздельный,Есть,Построено,Нет
1499999,2,120,15,Шохмансур,Новостройка,Новый ремонт,Раздельный,Есть,Построено,Есть
1500000,4,160,10,Фирдавси,Новостройка,Новый ремонт,Раздельный,Есть,Построено,Есть
1500000,3,100,14,И. Сомони,Новостройка,Новый ремонт,Раздельный,Есть,Построено,Есть
1500000,3,100,7,Другое,Вторичный рынок,С ремонтом,Раздельный,Есть,Построено,Есть
1500000,3,107,5,Шохмансур,Новостройка,С ремонтом,Совмещенный,Нет,Построено,Есть
1500000,3,100,11,Сино,Новостройка,Новый ремонт,Раздельный,Есть,Построено,Есть
1500000,3,90,10,И. Сомони,Новостройка,Новый ремонт,Раздельный,Есть,Построено,Нет
1500000,3,117,6,Другое,Новостройка,Новый ремонт,Раздельный,Есть,Построено,Есть
1500000,3,100,7,И. Сомони,Вторичный рынок,Новый ремонт,Раздельный,Есть,Построено,Есть
1500000,3,100,7,Шохмансур,Новостройка,Новый ремонт,Раздельный,Есть,Построено,Есть
1500000,3,95,3,И. Сомони,Новостройка,С ремонтом,Раздельный,Есть,Построено,Нет
1500000,3,95,3,И. Сомони,Новостройка,Новый ремонт,Раздельный,Есть,Построено,Есть
1500000,3,110,3,И. Сомони,Новостройка,С ремонтом,Раздельный,Есть,Построено,Есть
1500000,3,95,3,И. Сомони,Новостройка,Без ремонта (коробка),Совмещенный,Есть,Построено,Есть
1500000,4,152,13,Другое,Новостройка,Без ремонта (коробка),Раздельный,Есть,Построено,Есть
1500000,3,118,14,Шохмансур,Новостройка,Без ремонта (коробка),Раздельный,Есть,Построено,Нет
1500000,3,117,13,Сино,Новостройка,С ремонтом,Совмещенный,Есть,Построено,Есть
1500000,4,115,7,Другое,Новостройка,Новый ремонт,Раздельный,Есть,Построено,Есть
1500000,4,126,14,Сино,Новостройка,Новый ремонт,Совмещенный,Есть,Построено,Есть
1500000,3,91,10,Шохмансур,Новостройка,Новый ремонт,Совмещенный,Есть,Построено,Нет
1500000,4,98,7,Сино,Новостройка,Новый ремонт,Раздельный,Есть,Построено,Есть
1500000,3,150,1,Сино,Новостройка,С ремонтом,Раздельный,Есть,Построено,Есть
1500000,4,160,10,Сино,Новостройка,Новый ремонт,Раздельный,Есть,Построено,Есть
1500000,3,91,10,И. Сомони,Новостройка,Новый ремонт,Раздельный,Есть,Построено,Нет
1500000,3,160,10,Фирдавси,Новостройка,С ремонтом,Раздельный,Есть,Построено,Есть
1500000,4,157,18,Шохмансур,Новостройка,Без ремонта (коробка),Раздельный,Есть,Построено,Есть
1500000,4,120,14,Шохмансур,Новостройка,Новый ремонт,Раздельный,Есть,Построено,Нет
1500000,3,106,3,Другое,Новостройка,Новый ремонт,Раздельный,Есть,Построено,Нет
1500000,4,173,10,И. Сомони,Новостройка,Без ремонта (коробка),Раздельный,Есть,Построено,Нет
1500000,3,148,15,Шохмансур,Новостройка,Новый ремонт,Раздельный,Есть,Построено,Есть
1500000,4,137,4,Другое,Вторичный рынок,С ремонтом,Раздельный,Есть,Построено,Есть
1500000,3,95,3,И. Сомони,Новостройка,Новый ремонт,Совмещенный,Есть,Построено,Есть
1500000,3,100,3,И. Сомони,Новостройка,Новый ремонт,Раздельный,Есть,Построено,Нет
1500000,4,158,6,И. Сомони,Новостройка,Без ремонта (коробка),Раздельный,Есть,Построено,Нет
1500000,2,96,2,И. Сомони,Новостройка,С ремонтом,Раздельный,Нет,Построено,Нет
1500000,5,107,1,Шохмансур,Вторичный рынок,С ремонтом,Раздельный,Есть,Построено,Есть
1500000,4,126,14,Сино,Новостройка,Новый ремонт,Совмещенный,Есть,Построено,Нет
1500000,3,96,10,Другое,Новостройка,Новый ремонт,Раздельный,Есть,Построено,Есть
1500000,4,113,4,Другое,Новостройка,Новый ремонт,Раздельный,Есть,Построено,Есть
1500000,3,91,10,Шохмансур,Новостройка,Новый ремонт,Совмещенный,Есть,Построено,Есть
1500000,3,100,7,И. Сомони,Новостройка,Новый ремонт,Раздельный,Есть,Построено,Есть
1500000,3,110,4,Шохмансур,Новостройка,С ремонтом,Раздельный,Есть,Построено,Есть
1500000,3,111,5,Другое,Новостройка,Новый ремонт,Совмещенный,Есть,Построено,Нет
1500520,3,140,12,И. Сомони,Новостройка,Без ремонта (коробка),Совмещенный,Есть,На стадии строительства,Нет
1504000,3,122,18,Сино,Новостройка,Новый ремонт,Раздельный,Есть,Построено,Есть
1505555,3,120,6,Шохмансур,Новостройка,Новый ремонт,Раздельный,Есть,Построено,Нет
1510000,3,111,5,И. Сомони,Новостройка,С ремонтом,Раздельный,Есть,Построено,Нет
1510000,3,115,11,И. Сомони,Новостройка,Новый ремонт,Раздельный,Есть,Построено,Нет
1510000,3,130,14,И. Сомони,Новостройка,Без ремонта (коробка),Раздельный,Есть,Построено,Нет
1510000,3,95,13,Сино,Новостройка,Новый ремонт,Раздельный,Есть,Построено,Есть
1515000,3,145,14,Другое,Новостройка,Без ремонта (коробка),Раздельный,Есть,Построено,Есть
1516000,3,157,6,Шохмансур,Новостройка,Без ремонта (коробка),Раздельный,Есть,Построено,Нет
1517000,2,96,6,Другое,Новостройка,Новый ремонт,Раздельный,Есть,Построено,Нет
1517000,2,96,6,И. Сомони,Новостройка,Новый ремонт,Раздельный,Есть,Построено,Нет
1517760,2,96,6,Сино,Новостройка,Новый ремонт,Раздельный,Есть,Построено,Нет
1517760,2,96,6,И. Сомони,Новостройка,Новый ремонт,Раздельный,Есть,Построено,Нет
1518000,3,110,9,И. Сомони,Новостройка,Новый ремонт,Раздельный,Есть,Построено,Есть
1520000,5,128,13,Фирдавси,Новостройка,Новый ремонт,Раздельный,Есть,Построено,Есть
1520000,3,130,14,И. Сомони,Новостройка,С ремонтом,Раздельный,Есть,Построено,Нет
1520000,3,119,9,Шохмансур,Новостройка,Без ремонта (коробка),Раздельный,Есть,Построено,Есть
1520000,3,90,7,И. Сомони,Новостройка,С ремонтом,Раздельный,Есть,Построено,Нет
1520000,3,121,11,Сино,Новостройка,Новый ремонт,Раздельный,Есть,Построено,Есть
1520000,2,96,6,И. Сомони,Новостройка,Новый ремонт,Раздельный,Есть,Построено,Нет
1520000,4,121,8,Сино,Новостройка,Новый ремонт,Раздельный,Нет,Построено,Есть
1520000,3,122,17,Сино,Новостройка,Новый ремонт,Раздельный,Есть,Построено,Нет
1520000,4,150,10,Другое,Новостройка,Без ремонта (коробка),Раздельный,Есть,Построено,Нет
1520000,3,126,9,И. Сомони,Новостройка,Без ремонта (коробка),Раздельный,Есть,Построено,Есть
1523000,3,91,10,Шохмансур,Новостройка,Новый ремонт,Совмещенный,Есть,Построено,Нет
1525000,3,111,9,И. Сомони,Новостройка,Новый ремонт,Раздельный,Есть,Построено,Нет
1525000,4,173,14,И. Сомони,Новостройка,Без ремонта (коробка),Раздельный,Есть,Построено,Нет
1525000,2,96,6,Другое,Новостройка,Новый ремонт,Раздельный,Есть,Построено,Нет
1525000,3,110,10,И. Сомони,Новостройка,Новый ремонт,Раздельный,Есть,Построено,Есть
1526000,4,150,10,И. Сомони,Новостройка,Без ремонта (коробка),Раздельный,Есть,Построено,Нет
1526000,4,160,10,Фирдавси,Новостройка,Новый ремонт,Раздельный,Есть,На стадии строительства,Есть
1528001,3,91,4,Сино,Новостройка,Новый ремонт,Раздельный,Есть,Построено,Нет
1530000,4,115,7,И. Сомони,Новостройка,Новый ремонт,Раздельный,Есть,Построено,Есть
1530000,4,115,6,И. Сомони,Новостройка,Новый ремонт,Раздельный,Есть,Построено,Есть
1530000,3,148,15,Шохмансур,Новостройка,Новый ремонт,Раздельный,Есть,Построено,Есть
1530000,4,115,7,Другое,Новостройка,Новый ремонт,Совмещенный,Есть,Построено,Есть
1530000,4,115,7,Другое,Новостройка,С ремонтом,Совмещенный,Есть,Построено,Есть
1530000,3,148,15,И. Сомони,Новостройка,Новый ремонт,Раздельный,Есть,Построено,Нет
1530000,3,127,12,Шохмансур,Новостройка,Новый ремонт,Раздельный,Есть,Построено,Есть
1530000,4,115,7,И. Сомони,Новостройка,Новый ремонт,Совмещенный,Есть,Построено,Есть
1530000,3,100,3,И. Сомони,Новостройка,Новый ремонт,Совмещенный,Есть,Построено,Нет
1530000,3,127,12,Шохмансур,Новостройка,Новый ремонт,Раздельный,Есть,Построено,Нет
1530000,3,95,10,Другое,Новостройка,Новый ремонт,Совмещенный,Есть,Построено,Есть
1530000,4,115,7,Другое,Новостройка,Новый ремонт,Раздельный,Есть,Построено,Есть
1531000,3,122,3,Сино,Новостройка,Новый ремонт,Раздельный,Есть,Построено,Нет
1534000,3,112,13,Другое,Новостройка,Новый ремонт,Раздельный,Есть,Построено,Есть
1534000,2,98,4,И. Сомони,Новостройка,Новый ремонт,Совмещенный,Есть,Построено,Есть
1535000,3,94,3,И. Сомони,Новостройка,Новый ремонт,Раздельный,Есть,Построено,Нет
1535000,3,110,9,И. Сомони,Новостройка,Новый ремонт,Раздельный,Есть,Построено,Нет
1535000,4,135,7,Сино,Новостройка,Новый ремонт,Раздельный,Есть,Построено,Есть
1535000,3,110,10,И. Сомони,Новостройка,Новый ремонт,Раздельный,Есть,Построено,Нет
1535000,3,109,10,Сино,Новостройка,Новый ремонт,Раздельный,Есть,Построено,Есть
1535001,3,110,9,И. Сомони,Новостройка,Новый ремонт,Раздельный,Есть,Построено,Нет
1537777,3,110,10,И. Сомони,Новостройка,Новый ремонт,Раздельный,Есть,Построено,Нет
1538000,4,205,20,Другое,Новостройка,Без ремонта (коробка),Раздельный,Есть,На стадии строительства,Нет
1539000,3,122,3,Сино,Новостройка,Новый ремонт,Раздельный,Есть,Построено,Нет
1540000,3,111,9,И. Сомони,Новостройка,Новый ремонт,Раздельный,Есть,Построено,Нет
1540000,3,132,9,И. Сомони,Новостройка,Новый ремонт,Совмещенный,Есть,Построено,Есть
1540000,3,110,10,И. Сомони,Новостройка,Новый ремонт,Раздельный,Есть,Построено,Нет
1540000,3,136,19,И. Сомони,Новостройка,Новый ремонт,Раздельный,Есть,Построено,Нет
1541100,2,110,5,Другое,Новостройка,Без ремонта (коробка),Раздельный,Есть,На стадии строительства,Нет
1542000,3,110,10,И. Сомони,Новостройка,Новый ремонт,Раздельный,Есть,Построено,Нет
1543000,3,140,9,Другое,Новостройка,Новый ремонт,Совмещенный,Есть,Построено,Есть
1543000,3,111,10,И. Сомони,Новостройка,Новый ремонт,Раздельный,Есть,Построено,Нет
1545000,3,111,10,И. Сомони,Новостройка,Новый ремонт,Раздельный,Есть,Построено,Нет
1550000,3,95,3,Другое,Новостройка,Новый ремонт,Раздельный,Есть,Построено,Есть
1550000,3,98,7,Сино,Новостройка,Новый ремонт,Раздельный,Есть,Построено,Есть
1550000,4,160,11,Другое,Новостройка,Новый ремонт,Раздельный,Нет,Построено,Есть
1550000,5,130,4,Другое,Вторичный рынок,С ремонтом,Раздельный,Нет,Построено,Есть
1550000,3,173,14,И. Сомони,Новостройка,Без ремонта (коробка),Совмещенный,Есть,Построено,Нет
1550000,2,96,8,И. Сомони,Новостройка,С ремонтом,Раздельный,Есть,Построено,Есть
1550000,4,98,7,Сино,Новостройка,Новый ремонт,Раздельный,Есть,Построено,Есть
1550000,3,95,3,И. Сомони,Новостройка,Новый ремонт,Совмещенный,Есть,Построено,Есть
1550000,3,110,10,Шохмансур,Новостройка,Новый ремонт,Раздельный,Есть,Построено,Нет
1550000,3,117,18,Шохмансур,Новостройка,Новый ремонт,Раздельный,Есть,Построено,Есть
1550000,3,111,8,Другое,Новостройка,Новый ремонт,Раздельный,Есть,Построено,Нет
1550000,3,110,10,И. Сомони,Новостройка,Новый ремонт,Раздельный,Есть,Построено,Нет
1550000,3,95,3,Другое,Новостройка,Новый ремонт,Совмещенный,Есть,Построено,Есть
1550000,4,131,4,Другое,Вторичный рынок,С ремонтом,Раздельный,Нет,Построено,Есть
1550000,3,111,8,И. Сомони,Новостройка,Новый ремонт,Раздельный,Есть,Построено,Нет
1551000,3,110,10,И. Сомони,Новостройка,Новый ремонт,Раздельный,Есть,Построено,Нет
1553000,3,111,9,И. Сомони,Новостройка,Новый ремонт,Раздельный,Есть,Построено,Нет
1555001,4,120,14,Шохмансур,Новостройка,С ремонтом,Раздельный,Есть,Построено,Нет
1555555,3,115,1,Другое,Вторичный рынок,Новый ремонт,Раздельный,Нет,Построено,Есть
1556000,3,163,13,Шохмансур,Новостройка,Без ремонта (коробка),Раздельный,Есть,Построено,Нет
1560000,3,110,10,И. Сомони,Новостройка,Новый ремонт,Раздельный,Есть,Построено,Нет
1560000,3,110,10,Шохмансур,Новостройка,Новый ремонт,Совмещенный,Есть,Построено,Есть
1562000,3,116,13,Другое,Новостройка,С ремонтом,Совмещенный,Есть,Построено,Нет
1562000,3,116,13,Шохмансур,Новостройка,Новый ремонт,Раздельный,Есть,Построено,Нет
1562115,3,133,10,Шохмансур,Новостройка,Без ремонта (коробка),Раздельный,Есть,На стадии строительства,Нет
1563000,3,80,10,Другое,Новостройка,С ремонтом,Раздельный,Есть,Построено,Нет
1564000,3,130,6,Шохмансур,Новостройка,С ремонтом,Совмещенный,Есть,Построено,Есть
1565001,3,110,10,И. Сомони,Новостройка,Новый ремонт,Раздельный,Есть,Построено,Нет
1567000,4,150,10,Другое,Новостройка,Без ремонта (коробка),Раздельный,Есть,Построено,Нет
1568000,2,110,5,Другое,Новостройка,Без ремонта (коробка),Раздельный,Есть,На стадии строительства,Нет
1569000,3,123,15,И. Сомони,Новостройка,Новый ремонт,Раздельный,Есть,Построено,Нет
1570000,3,110,10,И. Сомони,Новостройка,Новый ремонт,Раздельный,Есть,Построено,Нет
1570000,3,118,4,Сино,Новостройка,С ремонтом,Раздельный,Есть,Построено,Есть
1570000,3,110,10,Шохмансур,Новостройка,Новый ремонт,Раздельный,Есть,Построено,Нет
1570000,3,110,10,И. Сомони,Новостройка,С ремонтом,Раздельный,Есть,Построено,Нет
1573000,3,127,12,Шохмансур,Новостройка,Новый ремонт,Раздельный,Есть,Построено,Нет
1573000,3,127,12,Шохмансур,Новостройка,Новый ремонт,Совмещенный,Есть,Построено,Нет
1579999,2,127,12,Шохмансур,Новостройка,Новый ремонт,Раздельный,Есть,Построено,Есть
1580000,3,126,4,Шохмансур,Новостройка,Без ремонта (коробка),Раздельный,Есть,Построено,Есть
1580000,4,117,12,Другое,Новостройка,С ремонтом,Раздельный,Есть,Построено,Нет
1580000,3,200,12,Шохмансур,Новостройка,Новый ремонт,Раздельный,Есть,Построено,Есть
1580000,2,117,10,И. Сомони,Новостройка,Новый ремонт,Раздельный,Есть,Построено,Есть
1580000,2,101,3,Шохмансур,Новостройка,Новый ремонт,Раздельный,Есть,Построено,Нет
1580000,4,165,7,Шохмансур,Новостройка,Без ремонта (коробка),Раздельный,Есть,Построено,Нет
1580000,3,127,12,Шохмансур,Новостройка,Новый ремонт,Раздельный,Есть,Построено,Есть
1580000,4,205,20,Сино,Новостройка,Без ремонта (коробка),Раздельный,Есть,Построено,Нет
1580000,2,98,13,И. Сомони,Новостройка,Новый ремонт,Раздельный,Есть,Построено,Есть
1581000,2,117,10,И. Сомони,Новостройка,Новый ремонт,Совмещенный,Есть,Построено,Есть
1581000,3,102,13,Шохмансур,Новостройка,Новый ремонт,Раздельный,Есть,Построено,Есть
1581000,3,110,10,И. Сомони,Новостройка,Новый ремонт,Раздельный,Есть,Построено,Нет
1585000,4,120,14,Другое,Новостройка,Новый ремонт,Раздельный,Есть,Построено,Нет
1585000,2,117,10,И. Сомони,Новостройка,Новый ремонт,Раздельный,Есть,Построено,Есть
1590000,4,152,14,Шохмансур,Новостройка,Без ремонта (коробка),Раздельный,Есть,Построено,Есть
1590000,2,117,10,И. Сомони,Новостройка,Новый ремонт,Раздельный,Есть,Построено,Есть
1590000,3,95,8,И. Сомони,Новостройка,Новый ремонт,Совмещенный,Есть,Построено,Есть
1590000,3,95,8,И. Сомони,Новостройка,Новый ремонт,Раздельный,Есть,Построено,Есть
1590000,3,124,7,Шохмансур,Новостройка,Новый ремонт,Раздельный,Есть,Построено,Нет
1590000,3,95,8,Другое,Новостройка,Новый ремонт,Совмещенный,Есть,Построено,Есть
1596000,3,116,13,Шохмансур,Новостройка,Новый ремонт,Совмещенный,Есть,Построено,Нет
1600000,4,115,1,Другое,Новостройка,С ремонтом,Раздельный,Нет,Построено,Нет
1600000,5,160,3,Сино,Новостройка,С ремонтом,Раздельный,Есть,Построено,Есть
1600000,3,128,19,Шохмансур,Новостройка,Новый ремонт,Раздельный,Есть,Построено,Есть
1600000,4,100,7,Фирдавси,Вторичный рынок,Новый ремонт,Раздельный,Есть,Построено,Есть
1600000,3,110,6,Сино,Новостройка,Новый ремонт,Раздельный,Есть,Построено,Есть
1600000,3,110,15,И. Сомони,Новостройка,Новый ремонт,Раздельный,Есть,Построено,Есть
1600000,4,132,14,Другое,Новостройка,С ремонтом,Раздельный,Есть,Построено,Нет
1600000,4,205,20,Сино,Новостройка,Без ремонта (коробка),Раздельный,Есть,Построено,Нет
1600000,4,108,5,Шохмансур,Новостройка,Новый ремонт,Раздельный,Есть,Построено,Есть
1600000,4,145,3,Фирдавси,Новостройка,С ремонтом,Совмещенный,Есть,Построено,Есть
1600000,3,138,14,Шохмансур,Новостройка,Без ремонта (коробка),Раздельный,Есть,Построено,Есть
1606110,4,157,5,Шохмансур,Новостройка,Без ремонта (коробка),Раздельный,Есть,Построено,Нет
1610000,4,141,4,Другое,Новостройка,Без ремонта (коробка),Раздельный,Есть,На стадии строительства,Нет
1615000,3,117,7,Другое,Новостройка,Новый ремонт,Раздельный,Есть,Построено,Есть
1620000,4,114,2,Другое,Новостройка,С ремонтом,Раздельный,Нет,Построено,Есть
1620000,4,128,8,Сино,Новостройка,С ремонтом,Раздельный,Нет,Построено,Есть
1620000,3,113,11,Шохмансур,Новостройка,С ремонтом,Совмещенный,Есть,Построено,Есть
1620000,4,132,14,Шохмансур,Новостройка,Новый ремонт,Раздельный,Есть,Построено,Нет
1625000,4,158,5,Шохмансур,Новостройка,Без ремонта (коробка),Раздельный,Есть,Построено,Нет
1630000,5,140,11,И. Сомони,Новостройка,С ремонтом,Раздельный,Нет,Построено,Есть
1630000,4,135,3,И. Сомони,Новостройка,Без ремонта (коробка),Раздельный,Есть,Построено,Нет
1630000,5,140,11,И. Сомони,Новостройка,С ремонтом,Раздельный,Есть,Построено,Есть
1630000,4,132,14,Шохмансур,Новостройка,Новый ремонт,Раздельный,Есть,Построено,Есть
1630000,5,140,11,Другое,Новостройка,Новый ремонт,Раздельный,Есть,Построено,Есть
1630000,5,140,4,Другое,Новостройка,С ремонтом,Раздельный,Есть,Построено,Есть
1630000,3,140,5,Другое,Новостройка,Без ремонта (коробка),Раздельный,Есть,Построено,Есть
1630000,3,105,2,И. Сомони,Новостройка,Новый ремонт,Раздельный,Есть,Построено,Нет
1630000,3,119,18,Шохмансур,Новостройка,Новый ремонт,Раздельный,Есть,Построено,Есть
1630000,5,140,11,И. Сомони,Новостройка,Новый ремонт,Раздельный,Есть,Построено,Есть
1630000,5,140,11,Другое,Новостройка,С ремонтом,Раздельный,Есть,Построено,Есть
1630000,3,142,8,Сино,Новостройка,Новый ремонт,Раздельный,Есть,Построено,Есть
1640000,2,88,4,Шохмансур,Новостройка,Новый ремонт,Раздельный,Есть,Построено,Есть
1640000,5,100,3,И. Сомони,Вторичный рынок,С ремонтом,Раздельный,Есть,Построено,Есть
1640000,4,185,16,Шохмансур,Новостройка,Без ремонта (коробка),Раздельный,Есть,Построено,Нет
1640000,4,185,16,Другое,Новостройка,Без ремонта (коробка),Раздельный,Есть,Построено,Нет
1640000,3,120,2,Сино,Вторичный рынок,С ремонтом,Раздельный,Есть,Построено,Есть
1645000,3,110,5,И. Сомони,Новостройка,Новый ремонт,Раздельный,Есть,Построено,Нет
1645000,2,110,5,И. Сомони,Новостройка,Новый ремонт,Раздельный,Есть,Построено,Нет
1645000,3,110,5,Другое,Новостройка,Новый ремонт,Совмещенный,Есть,Построено,Нет
1645000,3,110,5,Шохмансур,Новостройка,Новый ремонт,Раздельный,Есть,Построено,Нет
1645000,3,110,5,Другое,Новостройка,С ремонтом,Совмещенный,Есть,Построено,Нет
1645000,3,110,5,И. Сомони,Новостройка,Новый ремонт,Совмещенный,Есть,Построено,Нет
1649000,3,110,5,Другое,Новостройка,Новый ремонт,Раздельный,Есть,Построено,Нет
1650000,4,130,19,Шохмансур,Новостройка,Новый ремонт,Раздельный,Есть,Построено,Есть
1650000,3,132,12,Шохмансур,Новостройка,Новый ремонт,Раздельный,Есть,Построено,Нет
1650000,2,98,17,И. Сомони,Новостройка,Новый ремонт,Раздельный,Есть,Построено,Есть
1650000,4,112,8,Шохмансур,Новостройка,Новый ремонт,Раздельный,Есть,Построено,Есть
1650000,4,154,6,Фирдавси,Вторичный рынок,С ремонтом,Раздельный,Есть,Построено,Есть
1650000,2,95,15,Сино,Новостройка,Новый ремонт,Раздельный,Есть,Построено,Есть
1650000,3,110,5,И. Сомони,Новостройка,Новый ремонт,Совмещенный,Есть,Построено,Нет
1650000,4,110,8,Сино,Вторичный рынок,Новый ремонт,Раздельный,Есть,Построено,Есть
1650000,4,205,20,Сино,Новостройка,Без ремонта (коробка),Раздельный,Есть,Построено,Нет
1650000,3,130,6,Шохмансур,Новостройка,С ремонтом,Раздельный,Есть,Построено,Есть
1650000,3,110,5,И. Сомони,Новостройка,Новый ремонт,Раздельный,Есть,Построено,Нет
1650000,3,111,5,И. Сомони,Новостройка,Новый ремонт,Раздельный,Есть,Построено,Нет
1650000,3,110,5,И. Сомони,Новостройка,С ремонтом,Раздельный,Есть,Построено,Нет
1650000,4,112,8,Шохмансур,Новостройка,С ремонтом,Раздельный,Есть,Построено,Есть
1650000,3,115,7,Шохмансур,Новостройка,Новый ремонт,Раздельный,Есть,Построено,Есть
1650000,3,111,8,Другое,Новостройка,Новый ремонт,Раздельный,Есть,Построено,Есть
1655000,3,110,5,И. Сомони,Новостройка,Новый ремонт,Раздельный,Есть,Построено,Нет
1658000,3,121,11,Сино,Новостройка,Новый ремонт,Раздельный,Есть,Построено,Есть
1660000,3,110,8,И. Сомони,Новостройка,Новый ремонт,Раздельный,Есть,Построено,Есть
1663000,3,120,15,Шохмансур,Новостройка,Новый ремонт,Раздельный,Есть,Построено,Есть
1665351,4,141,4,Другое,Новостройка,Без ремонта (коробка),Раздельный,Есть,На стадии строительства,Нет
1667000,3,128,10,Шохмансур,Новостройка,С ремонтом,Раздельный,Есть,Построено,Нет
1669000,3,115,7,И. Сомони,Новостройка,Новый ремонт,Раздельный,Есть,Построено,Есть
1670000,3,115,7,И. Сомони,Новостройка,Новый ремонт,Раздельный,Есть,Построено,Нет
1670000,4,143,19,Шохмансур,Новостройка,С ремонтом,Раздельный,Есть,Построено,Есть
1670000,4,140,5,Сино,Новостройка,С ремонтом,Раздельный,Нет,Построено,Нет
1670000,3,115,7,И. Сомони,Новостройка,Новый ремонт,Раздельный,Есть,Построено,Есть
1670000,3,115,7,И. Сомони,Новостройка,Новый ремонт,Совмещенный,Есть,Построено,Есть
1674000,3,115,7,Другое,Новостройка,Новый ремонт,Раздельный,Есть,Построено,Нет
1674000,3,138,6,Шохмансур,Новостройка,Новый ремонт,Раздельный,Есть,Построено,Есть
1674000,3,115,7,И. Сомони,Новостройка,Новый ремонт,Раздельный,Есть,Построено,Нет
1674000,4,135,8,Сино,Новостройка,Новый ремонт,Раздельный,Есть,Построено,Нет
1674000,3,110,14,И. Сомони,Новостройка,Новый ремонт,Совмещенный,Нет,Построено,Есть
1680000,2,120,11,И. Сомони,Новостройка,Новый ремонт,Совмещенный,Есть,Построено,Есть
1680000,3,115,7,Шохмансур,Новостройка,Новый ремонт,Раздельный,Есть,Построено,Есть
1680000,4,102,6,Шохмансур,Новостройка,Новый ремонт,Раздельный,Есть,Построено,Есть
1680000,4,135,8,Другое,Новостройка,Новый ремонт,Раздельный,Есть,Построено,Нет
1680000,3,124,8,И. Сомони,Новостройка,Новый ремонт,Раздельный,Есть,Построено,Есть
1680000,3,119,5,И. Сомони,Новостройка,Без ремонта (коробка),Раздельный,Нет,Построено,Есть
1680000,3,134,7,И. Сомони,Новостройка,Новый ремонт,Раздельный,Есть,Построено,Есть
1680000,3,108,5,И. Сомони,Новостройка,Новый ремонт,Совмещенный,Есть,Построено,Нет
1680000,3,120,11,Шохмансур,Новостройка,Новый ремонт,Раздельный,Есть,Построено,Есть
1682000,2,100,17,И. Сомони,Новостройка,Новый ремонт,Раздельный,Есть,Построено,Есть
1682222,3,108,5,И. Сомони,Новостройка,Новый ремонт,Раздельный,Есть,Построено,Нет
1685000,3,115,7,Шохмансур,Новостройка,Новый ремонт,Раздельный,Есть,Построено,Есть
1685000,3,115,7,Шохмансур,Новостройка,Новый ремонт,Раздельный,Есть,Построено,Нет
1685000,3,128,10,Шохмансур,Новостройка,С ремонтом,Раздельный,Есть,Построено,Нет
1686000,3,108,5,Шохмансур,Новостройка,Новый ремонт,Совмещенный,Есть,Построено,Нет
1688000,3,130,11,Шохмансур,Новостройка,Новый ремонт,Раздельный,Есть,Построено,Есть
1689000,3,113,6,Другое,Новостройка,Новый ремонт,Раздельный,Есть,Построено,Есть
1690000,3,108,5,Другое,Новостройка,Новый ремонт,Совмещенный,Есть,Построено,Нет
1690000,4,140,14,И. Сомони,Новостройка,Новый ремонт,Раздельный,Есть,Построено,Есть
1690000,4,115,7,Сино,Новостройка,Новый ремонт,Раздельный,Есть,Построено,Есть
1690000,4,165,4,И. Сомони,Новостройка,Без ремонта (коробка),Раздельный,Есть,Построено,Нет
1692000,3,113,6,Другое,Новостройка,Новый ремонт,Раздельный,Есть,Построено,Есть
1695000,4,133,8,Шохмансур,Новостройка,Новый ремонт,Раздельный,Есть,Построено,Есть
1698000,4,117,14,Шохмансур,Новостройка,Новый ремонт,Раздельный,Есть,Построено,Есть
1699000,3,138,9,Шохмансур,Новостройка,Новый ремонт,Раздельный,Есть,Построено,Есть
1699999,3,105,10,Шохмансур,Новостройка,Новый ремонт,Раздельный,Есть,Построено,Есть
1700000,3,118,15,Другое,Вторичный рынок,С ремонтом,Раздельный,Есть,Построено,Есть
1700000,2,101,3,Шохмансур,Новостройка,Новый ремонт,Раздельный,Есть,Построено,Нет
1700000,4,134,7,И. Сомони,Новостройка,Новый ремонт,Раздельный,Есть,Построено,Есть
1700000,4,137,9,И. Сомони,Новостройка,С ремонтом,Раздельный,Есть,Построено,Есть
1700000,2,100,8,Другое,Новостройка,Новый ремонт,Совмещенный,Есть,Построено,Есть
1700000,3,120,4,Другое,Новостройка,С ремонтом,Совмещенный,Есть,Построено,Нет
1700000,2,101,3,Шохмансур,Новостройка,Новый ремонт,Совмещенный,Есть,Построено,Нет
1700000,3,135,5,Шохмансур,Новостройка,Новый ремонт,Раздельный,Есть,Построено,Нет
1700000,4,137,9,И. Сомони,Новостройка,Новый ремонт,Раздельный,Есть,Построено,Есть
1700000,3,140,12,Шохмансур,Новостройка,Новый ремонт,Раздельный,Есть,Построено,Есть
1700000,3,132,4,И. Сомони,Новостройка,Новый ремонт,Раздельный,Есть,Построено,Есть
1700000,4,184,16,Шохмансур,Новостройка,Без ремонта (коробка),Раздельный,Есть,Построено,Есть
1700000,2,90,16,Другое,Новостройка,Новый ремонт,Совмещенный,Есть,Построено,Есть
1700000,4,137,9,Шохмансур,Новостройка,Новый ремонт,Раздельный,Есть,Построено,Нет
1700000,3,105,10,Шохмансур,Новостройка,Новый ремонт,Раздельный,Есть,Построено,Есть
1700000,4,137,9,И. Сомони,Новостройка,Новый ремонт,Раздельный,Есть,Построено,Нет
1707920,3,170,12,Сино,Новостройка,Новый ремонт,Раздельный,Есть,Построено,Есть
1720000,3,111,7,Шохмансур,Новостройка,Новый ремонт,Раздельный,Есть,Построено,Нет
1720000,3,110,7,Шохмансур,Новостройка,Новый ремонт,Раздельный,Есть,Построено,Есть
1720000,3,138,14,Шохмансур,Новостройка,Новый ремонт,Раздельный,Есть,Построено,Есть
1720001,3,110,6,Шохмансур,Новостройка,Новый ремонт,Раздельный,Есть,Построено,Есть
1721000,4,130,19,Шохмансур,Новостройка,Новый ремонт,Раздельный,Есть,Построено,Есть
1730000,4,130,5,Шохмансур,Новостройка,Новый ремонт,Раздельный,Есть,Построено,Нет
1730000,4,130,19,Шохмансур,Новостройка,С ремонтом,Раздельный,Есть,Построено,Есть
1730000,3,195,11,Другое,Новостройка,Без ремонта (коробка),Раздельный,Есть,Построено,Есть
1730000,4,161,15,Шохмансур,Новостройка,Без ремонта (коробка),Раздельный,Есть,Построено,Есть
1730000,3,130,12,Шохмансур,Новостройка,Новый ремонт,Раздельный,Есть,Построено,Есть
1740000,3,144,3,Шохмансур,Новостройка,Без ремонта (коробка),Раздельный,Есть,Построено,Есть
1742000,2,122,11,Сино,Новостройка,Новый ремонт,Совмещенный,Есть,Построено,Есть
1743000,2,112,10,Другое,Новостройка,Новый ремонт,Раздельный,Есть,Построено,Есть
1748000,4,157,6,Другое,Новостройка,Без ремонта (коробка),Раздельный,Есть,Построено,Нет
1750000,3,135,17,И. Сомони,Новостройка,Новый ремонт,Раздельный,Есть,Построено,Есть
1750000,4,185,4,И. Сомони,Новостройка,Без ремонта (коробка),Раздельный,Есть,На стадии строительства,Нет
1750000,4,131,5,Шохмансур,Новостройка,Новый ремонт,Раздельный,Есть,Построено,Нет
1750000,4,185,4,Другое,Новостройка,Без ремонта (коробка),Раздельный,Есть,На стадии строительства,Нет
1750000,3,138,9,Шохмансур,Новостройка,Без ремонта (коробка),Раздельный,Есть,Построено,Есть
1750000,4,131,5,Шохмансур,Новостройка,Новый ремонт,Совмещенный,Есть,Построено,Нет
1752000,4,157,12,И. Сомони,Новостройка,Без ремонта (коробка),Раздельный,Есть,Построено,Есть
1757000,3,126,12,И. Сомони,Новостройка,Без ремонта (коробка),Раздельный,Есть,Построено,Нет
1760000,3,130,4,Шохмансур,Новостройка,Новый ремонт,Совмещенный,Есть,Построено,Есть
1760000,3,143,3,Другое,Новостройка,Без ремонта (коробка),Раздельный,Есть,Построено,Есть
1760000,3,130,4,Шохмансур,Новостройка,Новый ремонт,Раздельный,Есть,Построено,Есть
1760000,3,143,3,Шохмансур,Новостройка,Без ремонта (коробка),Раздельный,Есть,Построено,Есть
1760000,3,143,3,Шохмансур,Новостройка,Без ремонта (коробка),Совмещенный,Есть,Построено,Есть
1760000,3,160,7,И. Сомони,Новостройка,Без ремонта (коробка),Раздельный,Есть,Построено,Нет
1760000,3,127,12,Другое,Новостройка,Новый ремонт,Раздельный,Есть,Построено,Нет
1765000,4,172,3,Сино,Новостройка,Без ремонта (коробка),Раздельный,Есть,Построено,Нет
1767000,3,120,16,И. Сомони,Новостройка,Новый ремонт,Раздельный,Есть,Построено,Есть
1770000,4,156,7,И. Сомони,Новостройка,Без ремонта (коробка),Раздельный,Есть,Построено,Нет
1774500,3,119,12,Другое,Новостройка,Новый ремонт,Раздельный,Есть,Построено,Есть
1780000,3,114,12,Другое,Новостройка,Новый ремонт,Раздельный,Есть,Построено,Есть
1782000,3,175,9,И. Сомони,Новостройка,Без ремонта (коробка),Раздельный,Есть,Построено,Нет
1790000,3,128,10,Шохмансур,Новостройка,Новый ремонт,Раздельный,Есть,Построено,Нет
1790000,5,195,10,И. Сомони,Новостройка,Без ремонта (коробка),Раздельный,Есть,На стадии строительства,Нет
1790000,5,195,10,Другое,Новостройка,Без ремонта (коробка),Раздельный,Есть,На стадии строительства,Нет
1797000,3,138,13,Другое,Новостройка,Без ремонта (коробка),Раздельный,Есть,Построено,Есть
1799000,3,190,11,Сино,Новостройка,Новый ремонт,Раздельный,Есть,Построено,Нет
1800000,4,172,5,Другое,Новостройка,С ремонтом,Раздельный,Есть,Построено,Есть
1800000,3,130,4,Другое,Новостройка,С ремонтом,Раздельный,Есть,Построено,Есть
1800000,5,160,6,Сино,Новостройка,Новый ремонт,Раздельный,Есть,Построено,Нет
1800000,3,135,9,И. Сомони,Новостройка,Новый ремонт,Раздельный,Есть,Построено,Есть
1800000,5,160,6,Сино,Новостройка,Новый ремонт,Совмещенный,Есть,Построено,Нет
1800000,5,158,16,Шохмансур,Новостройка,Без ремонта (коробка),Раздельный,Есть,Построено,Есть
1800000,4,134,2,И. Сомони,Новостройка,Новый ремонт,Раздельный,Есть,Построено,Нет
1800000,5,188,14,Шохмансур,Новостройка,Без ремонта (коробка),Раздельный,Есть,Построено,Нет
1800000,4,241,11,Сино,Новостройка,С ремонтом,Совмещенный,Есть,Построено,Есть
1800000,6,10,1,Другое,Новостройка,Без ремонта (коробка),Раздельный,Есть,Построено,Есть
1800000,4,132,2,Другое,Новостройка,Новый ремонт,Раздельный,Есть,Построено,Нет
1800000,3,135,17,И. Сомони,Новостройка,Новый ремонт,Раздельный,Есть,Построено,Есть
1800000,4,200,13,И. Сомони,Новостройка,Без ремонта (коробка),Раздельный,Есть,Построено,Нет
1800000,4,132,12,Шохмансур,Новостройка,Новый ремонт,Раздельный,Есть,Построено,Нет
1800000,3,112,11,Другое,Новостройка,Новый ремонт,Раздельный,Есть,Построено,Есть
1800001,3,96,15,Сино,Новостройка,Новый ремонт,Раздельный,Есть,Построено,Нет
1805000,3,114,16,И. Сомони,Новостройка,Новый ремонт,Раздельный,Есть,Построено,Нет
1805000,3,114,16,И. Сомони,Новостройка,Новый ремонт,Совмещенный,Есть,Построено,Есть
1805000,3,113,9,Другое,Новостройка,С ремонтом,Раздельный,Есть,Построено,Есть
1813000,3,132,6,Шохмансур,Новостройка,Новый ремонт,Раздельный,Есть,Построено,Нет
1814000,3,105,4,И. Сомони,Новостройка,Новый ремонт,Совмещенный,Есть,Построено,Нет
1814000,3,132,6,Шохмансур,Новостройка,Новый ремонт,Раздельный,Есть,Построено,Есть
1815000,3,131,6,Шохмансур,Новостройка,Без ремонта (коробка),Раздельный,Есть,Построено,Есть
1816000,3,217,10,Другое,Новостройка,Без ремонта (коробка),Раздельный,Нет,Построено,Нет
1820000,3,111,9,И. Сомони,Новостройка,Новый ремонт,Раздельный,Есть,Построено,Есть
1820000,4,130,19,Шохмансур,Новостройка,Новый ремонт,Раздельный,Есть,Построено,Есть
1823250,3,111,9,Другое,Новостройка,Новый ремонт,Раздельный,Есть,Построено,Есть
1830000,3,147,15,Шохмансур,Новостройка,Новый ремонт,Раздельный,Есть,Построено,Нет
1830000,3,140,11,Сино,Новостройка,Новый ремонт,Совмещенный,Есть,Построено,Нет
1830000,3,100,7,Сино,Новостройка,Новый ремонт,Раздельный,Есть,Построено,Есть
1830290,3,156,13,Шохмансур,Новостройка,Без ремонта (коробка),Раздельный,Есть,На стадии строительства,Нет
1833000,4,151,12,Фирдавси,Новостройка,Без ремонта (коробка),Раздельный,Есть,Построено,Есть
1833000,3,111,9,И. Сомони,Новостройка,Новый ремонт,Раздельный,Есть,Построено,Есть
1833000,4,195,10,И. Сомони,Новостройка,Без ремонта (коробка),Раздельный,Есть,Построено,Нет
1843000,5,160,16,Сино,Новостройка,Новый ремонт,Раздельный,Есть,Построено,Есть
1843000,5,160,16,Сино,Новостройка,С ремонтом,Раздельный,Есть,Построено,Есть
1850000,4,186,7,Шохмансур,Новостройка,Без ремонта (коробка),Раздельный,Есть,На стадии строительства,Есть
1850000,3,110,9,И. Сомони,Новостройка,Новый ремонт,Совмещенный,Есть,Построено,Есть
1850000,4,120,13,Шохмансур,Новостройка,Новый ремонт,Раздельный,Есть,Построено,Есть
1850000,4,90,1,Сино,Новостройка,С ремонтом,Совмещенный,Есть,Построено,Есть
1855000,2,92,5,И. Сомони,Новостройка,Новый ремонт,Раздельный,Есть,Построено,Нет
1856000,4,132,4,Другое,Новостройка,Новый ремонт,Раздельный,Есть,Построено,Есть
1859999,4,210,9,Шохмансур,Новостройка,Без ремонта (коробка),Раздельный,Есть,Построено,Нет
1860000,2,91,5,Шохмансур,Новостройка,Новый ремонт,Раздельный,Есть,Построено,Нет
1860000,4,150,5,И. Сомони,Новостройка,Новый ремонт,Раздельный,Есть,Построено,Нет
1860000,2,91,5,Шохмансур,Новостройка,С ремонтом,Раздельный,Есть,Построено,Нет
1860000,4,123,9,И. Сомони,Новостройка,Новый ремонт,Раздельный,Есть,Построено,Есть
1863125,6,136,10,Другое,Новостройка,Без ремонта (коробка),Раздельный,Есть,На стадии строительства,Есть
1865000,4,207,10,Сино,Новостройка,Без ремонта (коробка),Раздельный,Есть,Построено,Нет
1870000,3,132,6,Шохмансур,Новостройка,Новый ремонт,Раздельный,Есть,Построено,Есть
1870000,3,131,9,Шохмансур,Новостройка,Новый ремонт,Совмещенный,Есть,Построено,Есть
1870000,3,110,14,И. Сомони,Новостройка,Новый ремонт,Совмещенный,Есть,Построено,Есть
1880000,5,188,14,Шохмансур,Новостройка,Без ремонта (коробка),Раздельный,Есть,Построено,Нет
1890000,3,148,9,И. Сомони,Новостройка,Новый ремонт,Раздельный,Есть,Построено,Есть
1890000,4,136,9,Другое,Новостройка,С ремонтом,Раздельный,Есть,Построено,Есть
1897500,3,115,7,Другое,Новостройка,Без ремонта (коробка),Раздельный,Есть,Построено,Есть
1900000,4,160,9,И. Сомони,Новостройка,Без ремонта (коробка),Раздельный,Есть,На стадии строительства,Нет
1900000,3,130,9,Другое,Новостройка,Новый ремонт,Раздельный,Есть,Построено,Нет
1900000,5,159,13,Сино,Новостройка,Новый ремонт,Совмещенный,Есть,Построено,Есть
1900000,3,156,4,Шохмансур,Новостройка,Без ремонта (коробка),Раздельный,Есть,На стадии строительства,Есть
1900000,4,210,9,Шохмансур,Новостройка,Без ремонта (коробка),Раздельный,Есть,Построено,Нет
1900000,4,133,8,Шохмансур,Новостройка,Новый ремонт,Совмещенный,Есть,Построено,Есть
1900000,5,154,16,Сино,Новостройка,Новый ремонт,Раздельный,Есть,Построено,Нет
1900000,4,165,15,Шохмансур,Новостройка,Без ремонта (коробка),Раздельный,Есть,Построено,Есть
1900000,4,160,9,И. Сомони,Новостройка,Без ремонта (коробка),Раздельный,Есть,Построено,Нет
1900000,4,133,8,Шохмансур,Новостройка,Новый ремонт,Раздельный,Есть,Построено,Есть
1900001,3,130,9,Другое,Новостройка,Новый ремонт,Раздельный,Есть,Построено,Нет
1900002,3,130,9,Сино,Новостройка,Новый ремонт,Раздельный,Есть,Построено,Нет
1920000,4,130,10,Шохмансур,Новостройка,Новый ремонт,Раздельный,Есть,Построено,Есть
1920000,4,146,18,Шохмансур,Новостройка,Новый ремонт,Раздельный,Есть,Построено,Есть
1925000,4,207,12,Сино,Новостройка,Без ремонта (коробка),Раздельный,Есть,Построено,Есть
1950000,4,130,10,Шохмансур,Новостройка,С ремонтом,Совмещенный,Есть,Построено,Есть
1950000,4,185,10,Шохмансур,Новостройка,Без ремонта (коробка),Раздельный,Есть,Построено,Есть
1953000,3,140,5,Другое,Новостройка,Без ремонта (коробка),Раздельный,Нет,На стадии строительства,Нет
1956000,2,104,3,Другое,Новостройка,Новый ремонт,Раздельный,Есть,Построено,Нет
1958500,3,182,12,И. Сомони,Новостройка,Без ремонта (коробка),Раздельный,Нет,На стадии строительства,Нет
1960000,6,165,15,Шохмансур,Новостройка,Без ремонта (коробка),Раздельный,Есть,Построено,Есть
1970000,4,145,4,И. Сомони,Новостройка,Без ремонта (коробка),Раздельный,Есть,Построено,Нет
1976000,4,161,16,Другое,Новостройка,Без ремонта (коробка),Раздельный,Есть,Построено,Нет
1980000,3,147,9,И. Сомони,Новостройка,Новый ремонт,Раздельный,Есть,Построено,Есть
1999500,3,135,4,Другое,Новостройка,Новый ремонт,Раздельный,Есть,Построено,Есть
1999999,4,153,10,Шохмансур,Новостройка,Новый ремонт,Раздельный,Есть,Построено,Нет
2000000,4,172,5,Шохмансур,Новостройка,Новый ремонт,Раздельный,Есть,Построено,Есть
2000000,3,133,10,Другое,Новостройка,Новый ремонт,Раздельный,Есть,Построено,Есть
2000000,3,110,12,И. Сомони,Новостройка,Новый ремонт,Раздельный,Есть,Построено,Нет
2000000,3,135,4,Шохмансур,Новостройка,Новый ремонт,Раздельный,Есть,Построено,Есть
2000000,4,162,3,Другое,Новостройка,Без ремонта (коробка),Раздельный,Есть,Построено,Есть
2000000,5,185,12,Сино,Новостройка,Новый ремонт,Раздельный,Есть,Построено,Есть
2000000,2,144,7,Другое,Новостройка,Без ремонта (коробка),Раздельный,Есть,Построено,Есть
2008000,3,135,4,Другое,Новостройка,Новый ремонт,Раздельный,Есть,Построено,Есть
2008800,3,108,8,Другое,Новостройка,Новый ремонт,Раздельный,Есть,Построено,Есть
2012000,3,135,4,Шохмансур,Новостройка,Новый ремонт,Раздельный,Есть,Построено,Есть
2013000,3,196,11,И. Сомони,Новостройка,Без ремонта (коробка),Раздельный,Есть,Построено,Есть
2013000,3,108,8,Другое,Новостройка,Новый ремонт,Раздельный,Есть,Построено,Есть
2013000,3,195,11,И. Сомони,Новостройка,Без ремонта (коробка),Раздельный,Есть,Построено,Есть
2014000,3,108,8,И. Сомони,Новостройка,С ремонтом,Совмещенный,Есть,Построено,Есть
2015000,4,157,13,Шохмансур,Новостройка,Новый ремонт,Раздельный,Есть,Построено,Нет
2017000,3,108,8,И. Сомони,Новостройка,С ремонтом,Совмещенный,Есть,Построено,Есть
2021000,6,195,11,Другое,Новостройка,Без ремонта (коробка),Раздельный,Есть,Построено,Есть
2024000,4,184,5,Шохмансур,Новостройка,Без ремонта (коробка),Раздельный,Есть,На стадии строительства,Есть
2025000,4,157,13,Шохмансур,Новостройка,Новый ремонт,Раздельный,Нет,Построено,Нет
2025000,5,188,13,Сино,Новостройка,Новый ремонт,Раздельный,Есть,Построено,Есть
2035000,4,163,9,Другое,Новостройка,Новый ремонт,Раздельный,Есть,Построено,Есть
2040000,3,198,14,Шохмансур,Новостройка,Новый ремонт,Раздельный,Есть,Построено,Есть
2046000,4,153,10,И. Сомони,Новостройка,Новый ремонт,Раздельный,Есть,Построено,Нет
2050000,4,96,6,И. Сомони,Новостройка,Новый ремонт,Раздельный,Есть,Построено,Нет
2050000,4,153,10,Шохмансур,Новостройка,Новый ремонт,Раздельный,Есть,Построено,Нет
2050000,4,98,6,И. Сомони,Новостройка,Новый ремонт,Раздельный,Есть,Построено,Есть
2050000,4,138,4,Другое,Новостройка,С ремонтом,Раздельный,Есть,Построено,Есть
2050000,3,134,4,Шохмансур,Новостройка,Новый ремонт,Раздельный,Есть,Построено,Есть
2050000,6,223,16,Сино,Новостройка,Новый ремонт,Раздельный,Есть,Построено,Есть
2050000,3,148,9,И. Сомони,Новостройка,Новый ремонт,Совмещенный,Есть,Построено,Есть
2050000,6,223,16,Фирдавси,Новостройка,Новый ремонт,Раздельный,Есть,Построено,Есть
2050001,4,96,6,И. Сомони,Новостройка,Новый ремонт,Раздельный,Есть,Построено,Нет
2050001,3,136,4,Другое,Новостройка,Новый ремонт,Раздельный,Есть,Построено,Есть
2050001,4,139,14,И. Сомони,Новостройка,Новый ремонт,Раздельный,Есть,Построено,Нет
2050002,4,139,14,И. Сомони,Новостройка,Новый ремонт,Раздельный,Есть,Построено,Нет
2055300,3,136,15,Шохмансур,Новостройка,Новый ремонт,Совмещенный,Есть,Построено,Есть
2060000,4,200,15,Другое,Новостройка,Без ремонта (коробка),Раздельный,Есть,Построено,Нет
2065000,3,137,15,Шохмансур,Новостройка,С ремонтом,Совмещенный,Есть,Построено,Есть
2068000,4,160,16,И. Сомони,Новостройка,Новый ремонт,Раздельный,Есть,Построено,Есть
2070000,4,157,13,Шохмансур,Новостройка,Новый ремонт,Раздельный,Нет,Построено,Нет
2070000,4,157,13,Шохмансур,Новостройка,Новый ремонт,Раздельный,Есть,Построено,Нет
2070000,4,160,16,И. Сомони,Новостройка,Новый ремонт,Раздельный,Есть,Построено,Есть
2070000,4,157,13,Шохмансур,Новостройка,С ремонтом,Раздельный,Есть,Построено,Нет
2070000,6,164,7,Шохмансур,Новостройка,Без ремонта (коробка),Раздельный,Нет,Построено,Нет
2070000,4,157,13,Шохмансур,Новостройка,Без ремонта (коробка),Раздельный,Есть,Построено,Нет
2070000,4,157,13,Шохмансур,Вторичный рынок,Новый ремонт,Раздельный,Есть,Построено,Нет
2090000,5,161,7,Другое,Новостройка,Новый ремонт,Раздельный,Нет,Построено,Есть
2099000,3,212,10,Другое,Новостройка,Без ремонта (коробка),Раздельный,Есть,Построено,Есть
2100000,3,147,9,И. Сомони,Новостройка,Новый ремонт,Раздельный,Нет,Построено,Есть
2100000,3,118,5,И. Сомони,Новостройка,С ремонтом,Совмещенный,Нет,Построено,Есть
2100000,5,205,13,И. Сомони,Новостройка,Без ремонта (коробка),Совмещенный,Есть,Построено,Нет
2100000,4,142,14,Шохмансур,Новостройка,Новый ремонт,Раздельный,Есть,Построено,Есть
2100000,4,143,14,Шохмансур,Новостройка,Новый ремонт,Раздельный,Есть,Построено,Нет
2100000,4,142,14,Шохмансур,Новостройка,Новый ремонт,Раздельный,Есть,Построено,Нет
2109000,3,136,15,Другое,Новостройка,Новый ремонт,Совмещенный,Есть,Построено,Есть
2120000,3,212,10,Шохмансур,Новостройка,Новый ремонт,Раздельный,Есть,Построено,Есть
2120000,3,212,10,Шохмансур,Новостройка,Без ремонта (коробка),Раздельный,Есть,Построено,Есть
2120000,5,161,7,И. Сомони,Новостройка,Новый ремонт,Раздельный,Есть,Построено,Есть
2126824,3,182,11,И. Сомони,Новостройка,Без ремонта (коробка),Раздельный,Нет,На стадии строительства,Нет
2127000,3,138,4,Фирдавси,Новостройка,Новый ремонт,Совмещенный,Есть,Построено,Есть
2130000,4,182,16,Другое,Новостройка,Без ремонта (коробка),Раздельный,Есть,Построено,Нет
2135000,4,163,9,И. Сомони,Новостройка,С ремонтом,Раздельный,Есть,Построено,Есть
2139000,3,129,11,Шохмансур,Новостройка,Новый ремонт,Совмещенный,Есть,Построено,Есть
2140000,3,212,10,Другое,Новостройка,Без ремонта (коробка),Раздельный,Есть,Построено,Есть
2140000,3,212,10,Шохмансур,Новостройка,Без ремонта (коробка),Раздельный,Есть,Построено,Есть
2145000,3,130,13,И. Сомони,Новостройка,Без ремонта (коробка),Раздельный,Есть,Построено,Есть
2148300,3,159,18,Другое,Новостройка,Новый ремонт,Раздельный,Есть,Построено,Есть
2150000,3,212,10,Шохмансур,Новостройка,Без ремонта (коробка),Раздельный,Есть,Построено,Есть
2150000,3,119,3,И. Сомони,Новостройка,Новый ремонт,Раздельный,Есть,Построено,Нет
2150000,4,160,4,Сино,Новостройка,Новый ремонт,Раздельный,Есть,Построено,Есть
2150000,3,124,16,Другое,Новостройка,Новый ремонт,Раздельный,Есть,Построено,Есть
2150000,3,124,16,И. Сомони,Новостройка,Новый ремонт,Раздельный,Есть,Построено,Есть
2150000,3,224,16,И. Сомони,Новостройка,Новый ремонт,Раздельный,Есть,Построено,Есть
2153000,3,160,18,Другое,Новостройка,Новый ремонт,Раздельный,Есть,Построено,Есть
2153000,3,160,18,Другое,Новостройка,Новый ремонт,Совмещенный,Есть,Построено,Есть
2160000,3,160,18,Другое,Новостройка,Новый ремонт,Совмещенный,Есть,Построено,Есть
2160000,4,142,14,Шохмансур,Новостройка,Новый ремонт,Раздельный,Есть,Построено,Нет
2170000,3,145,16,Шохмансур,Новостройка,Без ремонта (коробка),Раздельный,Есть,Построено,Есть
2170560,5,162,7,Шохмансур,Новостройка,С ремонтом,Раздельный,Есть,Построено,Есть
2185000,3,212,10,Шохмансур,Новостройка,Без ремонта (коробка),Раздельный,Есть,Построено,Есть
2185000,3,140,3,Шохмансур,Новостройка,Новый ремонт,Совмещенный,Есть,Построено,Нет
2185000,3,140,3,Шохмансур,Новостройка,Новый ремонт,Раздельный,Есть,Построено,Нет
2185000,5,180,4,Другое,Новостройка,С ремонтом,Раздельный,Есть,Построено,Есть
2186001,3,147,9,Другое,Новостройка,Новый ремонт,Раздельный,Есть,Построено,Есть
2197000,4,146,18,Шохмансур,Новостройка,Новый ремонт,Раздельный,Есть,Построено,Есть
2200000,4,153,10,И. Сомони,Новостройка,Новый ремонт,Раздельный,Есть,Построено,Нет
2200000,4,153,10,Шохмансур,Новостройка,Новый ремонт,Раздельный,Есть,Построено,Есть
2200000,3,140,3,Шохмансур,Новостройка,Новый ремонт,Совмещенный,Есть,Построено,Есть
2200000,3,119,16,И. Сомони,Новостройка,С ремонтом,Совмещенный,Есть,Построено,Есть
2200000,3,147,12,Шохмансур,Новостройка,С ремонтом,Раздельный,Есть,Построено,Есть
2200000,4,147,10,Шохмансур,Новостройка,Новый ремонт,Раздельный,Есть,Построено,Нет
2218000,3,140,3,Шохмансур,Новостройка,Новый ремонт,Совмещенный,Есть,Построено,Нет
2222000,4,265,17,Другое,Новостройка,С ремонтом,Раздельный,Есть,Построено,Есть
2228000,3,140,3,Шохмансур,Новостройка,Новый ремонт,Раздельный,Есть,Построено,Нет
2230000,3,126,9,И. Сомони,Новостройка,Новый ремонт,Раздельный,Есть,Построено,Есть
2232000,4,159,13,И. Сомони,Новостройка,Новый ремонт,Совмещенный,Есть,Построено,Есть
2235000,4,140,10,И. Сомони,Новостройка,Новый ремонт,Раздельный,Есть,Построено,Есть
2240000,4,163,13,Другое,Новостройка,Новый ремонт,Раздельный,Есть,Построено,Нет
2241000,4,163,13,Другое,Новостройка,Новый ремонт,Совмещенный,Есть,Построено,Нет
2244300,2,162,15,Другое,Новостройка,Новый ремонт,Раздельный,Есть,Построено,Нет
2250000,4,163,4,Другое,Новостройка,Новый ремонт,Совмещенный,Есть,Построено,Нет
2250000,3,136,17,Шохмансур,Новостройка,Новый ремонт,Раздельный,Есть,Построено,Есть
2250000,4,270,18,Другое,Новостройка,С ремонтом,Совмещенный,Есть,Построено,Есть
2250000,4,216,8,И. Сомони,Новостройка,Без ремонта (коробка),Раздельный,Есть,Построено,Есть
2250000,4,163,4,Шохмансур,Новостройка,Новый ремонт,Совмещенный,Есть,Построено,Нет
2253000,4,163,13,Шохмансур,Новостройка,Новый ремонт,Раздельный,Есть,Построено,Нет
2253352,4,210,8,И. Сомони,Новостройка,Без ремонта (коробка),Раздельный,Нет,На стадии строительства,Нет
2259000,4,163,13,Шохмансур,Новостройка,Новый ремонт,Раздельный,Есть,Построено,Нет
2261000,4,216,8,И. Сомони,Новостройка,Без ремонта (коробка),Раздельный,Есть,Построено,Есть
2265000,4,163,13,Шохмансур,Новостройка,Новый ремонт,Раздельный,Есть,Построено,Есть
2270000,4,152,6,Другое,Новостройка,Без ремонта (коробка),Раздельный,Есть,На стадии строительства,Нет
2278000,4,159,13,И. Сомони,Новостройка,Новый ремонт,Совмещенный,Есть,Построено,Есть
2280000,4,147,10,И. Сомони,Новостройка,Новый ремонт,Раздельный,Есть,Построено,Есть
2285000,3,156,7,Шохмансур,Новостройка,Новый ремонт,Раздельный,Есть,Построено,Есть
2290000,3,138,5,Сино,Новостройка,Новый ремонт,Раздельный,Есть,Построено,Нет
2296700,2,140,15,И. Сомони,Новостройка,Новый ремонт,Раздельный,Есть,Построено,Нет
2300000,4,160,13,И. Сомони,Новостройка,Новый ремонт,Раздельный,Есть,Построено,Нет
2300000,4,160,13,Другое,Новостройка,Новый ремонт,Совмещенный,Есть,Построено,Есть
2300000,5,300,19,И. Сомони,Новостройка,Новый ремонт,Раздельный,Есть,Построено,Есть
2300000,4,203,8,Сино,Новостройка,С ремонтом,Раздельный,Есть,Построено,Есть
2300000,4,160,13,И. Сомони,Новостройка,Новый ремонт,Раздельный,Есть,Построено,Есть
2300000,4,160,13,Другое,Новостройка,Новый ремонт,Раздельный,Есть,Построено,Есть
2300000,6,218,5,И. Сомони,Новостройка,Без ремонта (коробка),Раздельный,Есть,Построено,Нет
2300000,4,160,13,И. Сомони,Новостройка,Новый ремонт,Совмещенный,Есть,Построено,Есть
2300000,3,124,16,И. Сомони,Новостройка,Новый ремонт,Совмещенный,Есть,Построено,Есть
2306000,4,160,13,И. Сомони,Новостройка,Новый ремонт,Раздельный,Есть,Построено,Есть
2306400,4,160,13,И. Сомони,Новостройка,Новый ремонт,Раздельный,Есть,Построено,Есть
2310000,4,160,13,И. Сомони,Новостройка,Новый ремонт,Раздельный,Есть,Построено,Есть
2310000,4,159,13,И. Сомони,Новостройка,Новый ремонт,Раздельный,Есть,Построено,Есть
2310000,4,160,13,Сино,Новостройка,Новый ремонт,Совмещенный,Есть,Построено,Есть
2310000,4,160,13,Шохмансур,Новостройка,Новый ремонт,Раздельный,Есть,Построено,Есть
2310000,4,160,13,Другое,Новостройка,Новый ремонт,Совмещенный,Есть,Построено,Есть
2313600,4,156,7,Шохмансур,Новостройка,Новый ремонт,Раздельный,Есть,Построено,Есть
2315000,4,159,13,И. Сомони,Новостройка,Новый ремонт,Раздельный,Есть,Построено,Есть
2318000,4,159,13,Другое,Новостройка,Новый ремонт,Раздельный,Есть,Построено,Есть
2318800,4,159,13,И. Сомони,Новостройка,Новый ремонт,Раздельный,Есть,Построено,Есть
2320000,4,160,13,И. Сомони,Новостройка,Новый ремонт,Раздельный,Есть,Построено,Есть
2320000,5,223,11,Сино,Новостройка,Без ремонта (коробка),Раздельный,Есть,Построено,Нет
2320000,4,159,13,И. Сомони,Новостройка,Новый ремонт,Совмещенный,Есть,Построено,Есть
2325000,4,142,15,Шохмансур,Новостройка,Новый ремонт,Раздельный,Есть,Построено,Есть
2325000,4,147,10,И. Сомони,Новостройка,Новый ремонт,Раздельный,Есть,Построено,Нет
2330000,4,159,13,И. Сомони,Новостройка,Новый ремонт,Раздельный,Есть,Построено,Есть
2330000,6,200,5,Шохмансур,Новостройка,Новый ремонт,Раздельный,Есть,Построено,Нет
2330000,5,159,13,И. Сомони,Новостройка,Новый ремонт,Раздельный,Есть,Построено,Нет
2330000,4,212,10,Шохмансур,Новостройка,Без ремонта (коробка),Раздельный,Есть,Построено,Есть
2330000,5,223,14,Другое,Новостройка,Без ремонта (коробка),Раздельный,Есть,Построено,Есть
2333000,4,159,13,И. Сомони,Новостройка,Новый ремонт,Раздельный,Есть,Построено,Есть
2350000,4,147,10,И. Сомони,Новостройка,Новый ремонт,Раздельный,Есть,Построено,Нет
2350000,5,300,19,Другое,Новостройка,Новый ремонт,Совмещенный,Есть,Построено,Есть
2350000,5,175,3,Шохмансур,Новостройка,Новый ремонт,Раздельный,Есть,Построено,Есть
2350000,5,175,3,Шохмансур,Новостройка,Новый ремонт,Раздельный,Нет,Построено,Есть
2350000,4,141,15,Шохмансур,Новостройка,Новый ремонт,Раздельный,Есть,Построено,Нет
2350000,5,215,9,Другое,Новостройка,Без ремонта (коробка),Раздельный,Есть,Построено,Нет
2350000,5,275,18,И. Сомони,Новостройка,С ремонтом,Совмещенный,Есть,Построено,Есть
2350000,4,150,10,Сино,Новостройка,Новый ремонт,Раздельный,Есть,Построено,Есть
2350000,4,150,15,Сино,Новостройка,Новый ремонт,Раздельный,Есть,Построено,Есть
2350000,3,130,9,И. Сомони,Новостройка,Новый ремонт,Раздельный,Есть,Построено,Есть
2350000,5,216,9,Шохмансур,Новостройка,Без ремонта (коробка),Раздельный,Есть,Построено,Нет
2350000,4,159,13,И. Сомони,Новостройка,Новый ремонт,Раздельный,Есть,Построено,Есть
2350000,3,130,9,Другое,Новостройка,Новый ремонт,Раздельный,Есть,Построено,Есть
2350000,6,300,19,Шохмансур,Новостройка,Новый ремонт,Раздельный,Есть,Построено,Есть
2364000,3,140,6,Шохмансур,Новостройка,Новый ремонт,Раздельный,Есть,Построено,Есть
2365000,3,140,6,Другое,Новостройка,Новый ремонт,Совмещенный,Есть,Построено,Есть
2365000,3,140,6,Шохмансур,Новостройка,Новый ремонт,Раздельный,Есть,Построено,Есть
2368000,4,160,9,Шохмансур,Новостройка,Новый ремонт,Раздельный,Есть,Построено,Есть
2370000,3,156,5,Шохмансур,Новостройка,С ремонтом,Раздельный,Есть,Построено,Есть
2370000,3,156,5,Шохмансур,Новостройка,С ремонтом,Совмещенный,Есть,Построено,Есть
2380000,4,160,9,Шохмансур,Новостройка,Новый ремонт,Раздельный,Есть,Построено,Есть
2380000,3,140,3,Шохмансур,Новостройка,Новый ремонт,Раздельный,Есть,Построено,Есть
2380000,4,159,13,И. Сомони,Новостройка,Новый ремонт,Раздельный,Есть,Построено,Есть
2384000,4,147,10,И. Сомони,Новостройка,Новый ремонт,Раздельный,Есть,Построено,Есть
2392444,2,302,21,Фирдавси,Новостройка,Без ремонта (коробка),Раздельный,Есть,Построено,Есть
2392444,4,302,21,Фирдавси,Новостройка,Без ремонта (коробка),Раздельный,Есть,Построено,Есть
2393000,4,302,21,Фирдавси,Новостройка,Без ремонта (коробка),Раздельный,Есть,Построено,Есть
2395000,4,161,9,Другое,Новостройка,Новый ремонт,Раздельный,Есть,Построено,Есть
2395000,4,302,21,И. Сомони,Новостройка,Без ремонта (коробка),Раздельный,Есть,Построено,Есть
2399000,4,147,10,Шохмансур,Новостройка,Новый ремонт,Раздельный,Есть,Построено,Нет
2400000,6,300,18,И. Сомони,Новостройка,Новый ремонт,Совмещенный,Есть,Построено,Есть
2400000,3,145,7,Другое,Новостройка,Без ремонта (коробка),Раздельный,Есть,На стадии строительства,Нет
2400000,6,300,18,И. Сомони,Новостройка,С ремонтом,Раздельный,Есть,Построено,Есть
2400000,3,136,9,И. Сомони,Новостройка,Новый ремонт,Раздельный,Есть,Построено,Есть
2400001,3,140,6,Другое,Новостройка,Новый ремонт,Раздельный,Есть,Построено,Нет
2409999,4,147,10,Шохмансур,Новостройка,Новый ремонт,Раздельный,Есть,Построено,Нет
2410000,4,160,14,Шохмансур,Новостройка,Новый ремонт,Раздельный,Есть,Построено,Есть
2410560,4,216,8,Шохмансур,Новостройка,Без ремонта (коробка),Раздельный,Есть,Построено,Есть
2418000,3,146,10,Шохмансур,Новостройка,Новый ремонт,Раздельный,Есть,Построено,Есть
2418000,3,100,2,Другое,Новостройка,Новый ремонт,Раздельный,Есть,Построено,Есть
2420000,4,216,8,Шохмансур,Новостройка,Без ремонта (коробка),Раздельный,Есть,Построено,Есть
2424000,5,216,8,Шохмансур,Новостройка,Без ремонта (коробка),Раздельный,Есть,Построено,Есть
2425000,3,100,2,И. Сомони,Новостройка,Новый ремонт,Раздельный,Есть,Построено,Есть
2425000,3,100,2,Другое,Новостройка,С ремонтом,Раздельный,Есть,Построено,Есть
2430000,6,218,5,И. Сомони,Новостройка,Без ремонта (коробка),Раздельный,Есть,Построено,Нет
2450000,6,224,16,Другое,Новостройка,Без ремонта (коробка),Раздельный,Есть,Построено,Есть
2450000,6,194,9,Сино,Новостройка,Новый ремонт,Раздельный,Есть,Построено,Есть
2450000,5,173,9,Шохмансур,Новостройка,Новый ремонт,Раздельный,Есть,Построено,Нет
2458000,4,230,7,Другое,Новостройка,Без ремонта (коробка),Раздельный,Есть,Построено,Нет
2459000,3,136,13,Шохмансур,Новостройка,Новый ремонт,Раздельный,Есть,Построено,Есть
2460000,6,193,10,Сино,Новостройка,Новый ремонт,Раздельный,Есть,Построено,Есть
2460780,4,196,9,Шохмансур,Новостройка,Без ремонта (коробка),Совмещенный,Есть,Построено,Нет
2470000,5,215,3,И. Сомони,Новостройка,С ремонтом,Раздельный,Есть,Построено,Есть
2480000,6,205,3,И. Сомони,Новостройка,Новый ремонт,Раздельный,Есть,Построено,Нет
2500000,4,136,7,И. Сомони,Новостройка,С ремонтом,Раздельный,Есть,Построено,Есть
2500000,4,150,10,Сино,Новостройка,С ремонтом,Раздельный,Есть,Построено,Есть
2511000,4,150,10,Сино,Новостройка,Новый ремонт,Раздельный,Есть,Построено,Есть
2511000,3,147,10,Другое,Новостройка,Новый ремонт,Раздельный,Есть,Построено,Есть
2513000,3,159,5,Другое,Новостройка,Без ремонта (коробка),Раздельный,Есть,Построено,Есть
2514000,3,159,5,Другое,Новостройка,Без ремонта (коробка),Раздельный,Есть,Построено,Есть
2517000,6,250,16,Другое,Новостройка,С ремонтом,Раздельный,Есть,Построено,Нет
2525000,3,159,6,Шохмансур,Новостройка,Без ремонта (коробка),Раздельный,Нет,Построено,Есть
2530000,4,168,5,И. Сомони,Новостройка,Без ремонта (коробка),Раздельный,Есть,На стадии строительства,Нет
2541000,3,159,5,Другое,Новостройка,Без ремонта (коробка),Раздельный,Есть,Построено,Есть
2550000,4,147,11,Шохмансур,Новостройка,Новый ремонт,Раздельный,Есть,Построено,Есть
2550050,3,100,6,Сино,Вторичный рынок,С ремонтом,Раздельный,Есть,Построено,Есть
2590000,4,171,11,Сино,Новостройка,С ремонтом,Раздельный,Нет,Построено,Есть
2632000,3,138,1,Шохмансур,Новостройка,Новый ремонт,Раздельный,Есть,Построено,Есть
2643000,5,230,7,И. Сомони,Новостройка,Без ремонта (коробка),Раздельный,Нет,Построено,Нет
2650000,3,138,1,Другое,Новостройка,С ремонтом,Раздельный,Есть,Построено,Есть
2661000,3,285,1,И. Сомони,Новостройка,С ремонтом,Раздельный,Есть,Построено,Есть
2693501,5,300,18,Другое,Новостройка,С ремонтом,Раздельный,Есть,Построено,Есть
2699999,4,281,1,Другое,Новостройка,С ремонтом,Раздельный,Есть,Построено,Есть
2700000,5,195,19,Шохмансур,Новостройка,Без ремонта (коробка),Раздельный,Нет,Построено,Нет
2700000,6,27,1,Другое,Вторичный рынок,С ремонтом,Раздельный,Нет,На стадии строительства,Есть
2700000,3,138,1,Другое,Новостройка,С ремонтом,Совмещенный,Есть,Построено,Есть
2700000,4,300,12,Другое,Новостройка,Без ремонта (коробка),Раздельный,Нет,Построено,Нет
2700000,2,240,1,Сино,Новостройка,Новый ремонт,Раздельный,Есть,Построено,Есть
2707000,4,435,15,Сино,Новостройка,Новый ремонт,Раздельный,Нет,Построено,Нет
2720000,3,154,13,Сино,Новостройка,Новый ремонт,Совмещенный,Есть,Построено,Есть
2720001,3,197,14,Шохмансур,Новостройка,Новый ремонт,Раздельный,Есть,Построено,Нет
2725000,5,215,3,И. Сомони,Новостройка,С ремонтом,Раздельный,Есть,Построено,Есть
2726000,4,172,6,Шохмансур,Новостройка,Новый ремонт,Раздельный,Есть,Построено,Есть
2730000,4,215,9,Шохмансур,Новостройка,Без ремонта (коробка),Раздельный,Есть,Построено,Нет
2730000,4,172,6,Шохмансур,Новостройка,Новый ремонт,Раздельный,Есть,Построено,Есть
2741000,3,138,1,Другое,Новостройка,Без ремонта (коробка),Раздельный,Есть,Построено,Есть
2750000,4,188,2,Другое,Новостройка,Новый ремонт,Раздельный,Есть,Построено,Есть
2755000,3,100,7,И. Сомони,Новостройка,Новый ремонт,Совмещенный,Есть,Построено,Есть
2800000,4,172,6,Шохмансур,Новостройка,Новый ремонт,Раздельный,Есть,Построено,Есть
2800000,4,172,6,Шохмансур,Вторичный рынок,Новый ремонт,Раздельный,Есть,Построено,Нет
2800000,4,171,6,Другое,Новостройка,Новый ремонт,Раздельный,Есть,Построено,Есть
2830000,4,219,12,И. Сомони,Новостройка,Новый ремонт,Раздельный,Есть,Построено,Есть
2895000,4,163,10,И. Сомони,Новостройка,Новый ремонт,Совмещенный,Есть,Построено,Есть
2900000,6,300,8,Другое,Новостройка,Без ремонта (коробка),Раздельный,Есть,Построено,Нет
2900000,4,126,2,И. Сомони,Новостройка,С ремонтом,Раздельный,Есть,Построено,Есть
2910000,6,400,11,Другое,Новостройка,С ремонтом,Раздельный,Нет,Построено,Есть
2976000,4,255,15,Сино,Новостройка,Новый ремонт,Раздельный,Есть,Построено,Нет
2979000,4,184,7,Другое,Новостройка,С ремонтом,Совмещенный,Есть,Построено,Есть
3000000,4,218,14,И. Сомони,Новостройка,Новый ремонт,Раздельный,Есть,Построено,Есть
3000000,4,126,2,И. Сомони,Новостройка,Новый ремонт,Раздельный,Есть,Построено,Есть
3000000,4,218,14,И. Сомони,Новостройка,Новый ремонт,Совмещенный,Есть,Построено,Есть
3000001,4,218,14,И. Сомони,Новостройка,Новый ремонт,Раздельный,Есть,Построено,Есть
3020000,4,218,14,И. Сомони,Новостройка,Новый ремонт,Раздельный,Есть,Построено,Есть
3070000,5,166,7,Шохмансур,Новостройка,С ремонтом,Совмещенный,Есть,Построено,Есть
3070000,4,150,13,Шохмансур,Новостройка,Новый ремонт,Раздельный,Есть,Построено,Есть
3120000,4,250,13,Другое,Новостройка,С ремонтом,Раздельный,Есть,Построено,Есть
3128000,4,230,9,Другое,Новостройка,Новый ремонт,Раздельный,Есть,Построено,Есть
3140000,4,165,14,Сино,Новостройка,Новый ремонт,Раздельный,Есть,Построено,Нет
3196000,4,240,14,Сино,Новостройка,Новый ремонт,Раздельный,Есть,Построено,Есть
3200000,4,238,14,Сино,Новостройка,Новый ремонт,Совмещенный,Есть,На стадии строительства,Нет
3200000,4,215,3,Сино,Новостройка,Новый ремонт,Раздельный,Есть,Построено,Есть
3200000,4,145,4,И. Сомони,Новостройка,Новый ремонт,Раздельный,Есть,Построено,Есть
3220000,6,301,8,Сино,Новостройка,Без ремонта (коробка),Раздельный,Есть,Построено,Нет
3226000,4,219,14,Шохмансур,Новостройка,Новый ремонт,Раздельный,Есть,Построено,Нет
3255000,4,165,7,Другое,Новостройка,Новый ремонт,Раздельный,Есть,Построено,Есть
3255000,4,215,3,Другое,Новостройка,Новый ремонт,Раздельный,Есть,Построено,Есть
3269000,4,165,7,Другое,Новостройка,Новый ремонт,Совмещенный,Есть,Построено,Есть
3300000,3,100,7,И. Сомони,Новостройка,Новый ремонт,Совмещенный,Есть,Построено,Есть
3300000,6,250,16,Шохмансур,Новостройка,Без ремонта (коробка),Раздельный,Есть,Построено,Есть
3325000,4,165,7,Шохмансур,Новостройка,Новый ремонт,Раздельный,Есть,Построено,Есть
3325000,6,250,16,Другое,Новостройка,Без ремонта (коробка),Раздельный,Есть,Построено,Есть
3346000,3,138,3,Другое,Новостройка,С ремонтом,Раздельный,Есть,Построено,Есть
3360000,6,291,3,Другое,Новостройка,Без ремонта (коробка),Совмещенный,Есть,Построено,Нет
3395000,4,165,7,Другое,Новостройка,Новый ремонт,Раздельный,Есть,Построено,Есть
3420000,4,250,5,И. Сомони,Новостройка,Новый ремонт,Раздельный,Есть,Построено,Есть
3421642,5,545,17,Другое,Новостройка,Без ремонта (коробка),Раздельный,Есть,Построено,Есть
3500001,4,218,12,И. Сомони,Новостройка,Новый ремонт,Раздельный,Есть,Построено,Есть
3689000,3,216,16,И. Сомони,Новостройка,Новый ремонт,Раздельный,Нет,Построено,Есть
3700000,4,545,17,Другое,Новостройка,Без ремонта (коробка),Раздельный,Есть,Построено,Есть
3720000,3,216,16,Другое,Новостройка,Новый ремонт,Раздельный,Нет,Построено,Есть
3736000,5,216,3,Шохмансур,Новостройка,Без ремонта (коробка),Раздельный,Нет,Построено,Есть
3760000,3,216,16,И. Сомони,Новостройка,Новый ремонт,Раздельный,Есть,Построено,Есть
3760000,5,216,3,Шохмансур,Новостройка,Без ремонта (коробка),Раздельный,Есть,Построено,Есть
3760000,3,216,16,Другое,Новостройка,Новый ремонт,Раздельный,Нет,Построено,Есть
3800000,2,355,17,Другое,Новостройка,Новый ремонт,Раздельный,Есть,Построено,Нет
3840000,5,274,3,Шохмансур,Новостройка,Без ремонта (коробка),Раздельный,Есть,Построено,Нет
3888292,6,596,17,Другое,Новостройка,Без ремонта (коробка),Раздельный,Есть,Построено,Есть
3995000,6,270,10,И. Сомони,Новостройка,Новый ремонт,Раздельный,Есть,Построено,Есть
4000000,6,252,5,Другое,Новостройка,Новый ремонт,Раздельный,Есть,Построено,Есть
4000000,3,171,12,И. Сомони,Новостройка,Новый ремонт,Совмещенный,Нет,Построено,Нет
4000000,3,145,5,И. Сомони,Новостройка,С ремонтом,Раздельный,Есть,Построено,Есть
4000000,3,145,5,И. Сомони,Новостройка,Новый ремонт,Раздельный,Есть,Построено,Нет
4039200,5,216,3,И. Сомони,Новостройка,Без ремонта (коробка),Совмещенный,Есть,Построено,Есть
4155000,6,252,5,Другое,Новостройка,С ремонтом,Раздельный,Есть,Построено,Есть
4250000,6,360,9,Другое,Новостройка,Новый ремонт,Раздельный,Есть,Построено,Есть
4324000,6,310,10,Другое,Новостройка,Без ремонта (коробка),Раздельный,Есть,Построено,Есть
4360000,6,332,7,Шохмансур,Новостройка,Без ремонта (коробка),Раздельный,Есть,Построено,Есть
4500000,6,240,5,Другое,Новостройка,Без ремонта (коробка),Раздельный,Есть,Построено,Нет
4598000,6,309,10,Другое,Новостройка,Без ремонта (коробка),Раздельный,Есть,Построено,Есть
4600000,1,171,11,И. Сомони,Новостройка,Новый ремонт,Раздельный,Есть,Построено,Есть
4670000,6,309,10,Другое,Новостройка,Без ремонта (коробка),Раздельный,Есть,Построено,Есть
4900000,1,62,6,Шохмансур,Новостройка,Без ремонта (коробка),Совмещенный,Есть,На стадии строительства,Нет
4960000,6,340,10,Другое,Новостройка,Без ремонта (коробка),Раздельный,Есть,Построено,Есть
5200000,6,220,6,И. Сомони,Новостройка,Новый ремонт,Раздельный,Есть,Построено,Есть
5263335,1,1155,10,И. Сомони,Новостройка,Без ремонта (коробка),Раздельный,Есть,На стадии строительства,Нет
5555555,2,1155,10,И. Сомони,Новостройка,Без ремонта (коробка),Раздельный,Есть,На стадии строительства,Нет
5555555,6,1155,8,И. Сомони,Новостройка,Без ремонта (коробка),Раздельный,Нет,На стадии строительства,Нет
5620000,4,498,16,Другое,Новостройка,Без ремонта (коробка),Раздельный,Есть,Построено,Нет
6000000,6,500,7,Другое,Новостройка,Без ремонта (коробка),Раздельный,Нет,На стадии строительства,Нет
6500000,5,200,6,Другое,Новостройка,Новый ремонт,Раздельный,Есть,Построено,Есть
